timestamp,gasUsed,gasPrice,blockNumber,pepe_price,eth_price
1727604719,0,7689536646,20855617,,
1727604743,0,24797829131,20855619,,
1727605667,0,16370937105,20855695,,
1727605859,0,6810338839,20855711,,
1727605955,0,18071879695,20855719,,
1727606015,0,11678797988,20855724,,
1727606027,0,6083646230,20855725,,
1727606291,0,7362409907,20855747,,
1727606375,0,6128439788,20855754,,
1727606699,0,8034538391,20855781,,
1727606747,0,9417768005,20855785,,
1727606771,0,16135590943,20855787,,
1727606867,0,5402035505,20855795,,
1727606999,0,7555674527,20855806,,
1727607443,0,5340192665,20855843,,
1727607467,0,5150800982,20855845,,
1727607803,0,5000000000,20855873,,
1727607851,0,5931508493,20855877,,
1727607851,0,19555337247,20855877,,
1727607863,0,5501607838,20855878,,
1727607875,0,5037532734,20855879,,
1727607911,0,7092106306,20855882,,
1727608007,0,7102562543,20855890,,
1727608055,0,5896389533,20855894,,
1727608103,0,12240399097,20855898,,
1727608295,0,5941056411,20855913,,
1727608415,0,7584091940,20855923,,
1727608427,0,8916829609,20855924,,
1727608811,0,11814343674,20855956,,
1727609435,0,5752516396,20856008,,
1727609879,0,40032115261,20856045,,
1727610095,0,10348524430,20856063,,
1727610587,0,6162869786,20856104,,
1727610599,0,10803049530,20856105,,
1727610611,0,7539047082,20856106,,
1727610635,0,16514498571,20856108,,
1727611331,0,7728794032,20856166,,
1727611379,0,5800116221,20856170,,
1727611583,0,7863527109,20856187,,
1727611607,0,7743966562,20856189,,
1727611727,0,6099173256,20856199,,
1727611943,0,27756832867,20856217,,
1727612015,0,6009986708,20856223,,
1727612111,0,6907157615,20856231,,
1727612147,0,14703590477,20856234,,
1727612183,0,11961011429,20856237,,
1727612495,0,31038944895,20856263,,
1727612507,0,8721820104,20856264,,
1727613371,0,5401567782,20856336,,
1727613503,0,5574757361,20856347,,
1727613707,0,5737778444,20856364,,
1727613863,0,7486759776,20856377,,
1727613863,0,7516759776,20856377,,
1727613995,0,24487981251,20856388,,
1727614115,0,6349827294,20856398,,
1727614151,0,8536178248,20856401,,
1727614319,0,8650290200,20856415,,
1727614343,0,14978610103,20856417,,
1727614367,0,9394892940,20856419,,
1727614391,0,8272702469,20856421,,
1727614403,0,39239579684,20856422,,
1727614475,0,20573745772,20856428,,
1727614619,0,50836387190,20856440,,
1727614847,0,9687195501,20856459,,
1727614871,0,11981158764,20856461,,
1727615135,0,8538719343,20856483,,
1727615291,0,10330312407,20856496,,
1727615315,0,19869645050,20856498,,
1727615315,0,11460643381,20856498,,
1727615447,0,14349063351,20856509,,
1727615651,0,13869696587,20856526,,
1727615663,0,12042735789,20856527,,
1727615687,0,17896865279,20856529,,
1727615843,0,17170169910,20856542,,
1727615975,0,12958120384,20856553,,
1727616071,0,35053926836,20856561,,
1727616083,0,13658239907,20856562,,
1727616119,0,13100000000,20856565,,
1727616503,0,16204317002,20856596,,
1727616611,0,29528470757,20856605,,
1727616719,0,12020245628,20856614,,
1727617247,0,10843001495,20856657,,
1727617319,0,11465703010,20856663,,
1727617355,0,11968862046,20856666,,
1727617895,0,19481987275,20856711,,
1727618087,0,11828708206,20856726,,
1727618099,0,11839487092,20856727,,
1727618255,0,11393679174,20856740,,
1727618339,0,11564608413,20856747,,
1727618351,0,11175859653,20856748,,
1727618423,0,13290019808,20856754,,
1727618627,0,16749008320,20856771,,
1727618699,0,12418711711,20856777,,
1727618747,0,10707516143,20856781,,
1727618771,0,12619346964,20856783,,
1727618927,0,10964441463,20856796,,
1727619047,0,17408962263,20856806,,
1727619095,0,8849395642,20856810,,
1727619311,0,10075838857,20856828,,
1727619359,0,8767684773,20856832,,
1727619431,0,8269987547,20856838,,
1727619563,0,9527519968,20856849,,
1727619695,0,13718176135,20856860,,
1727619767,0,11202808120,20856866,,
1727619863,0,18207069415,20856874,,
1727619899,0,15664962669,20856877,,
1727620091,0,9724035096,20856893,,
1727620307,0,18516873849,20856911,,
1727620319,0,10160296112,20856912,,
1727620379,0,38613954606,20856917,,
1727620475,0,17050644028,20856925,,
1727620487,0,47502622507,20856926,,
1727620499,0,17023273519,20856927,,
1727620511,0,9023860559,20856928,,
1727620511,0,55437652025,20856928,,
1727620523,0,7789654429,20856929,,
1727620535,0,7886845911,20856930,,
1727620583,0,9929683750,20856934,,
1727620835,0,12515945478,20856955,,
1727620919,0,9243564781,20856962,,
1727621039,0,11753575026,20856972,,
1727621351,0,11186367286,20856997,,
1727621723,0,14197172516,20857028,,
1727621723,0,13254814696,20857028,,
1727622107,0,23513746354,20857060,,
1727622227,0,20140189544,20857070,,
1727622371,0,27600088824,20857082,,
1727622419,0,18635154877,20857086,,
1727622455,0,17406522176,20857089,,
1727622671,0,14064661649,20857107,,
1727622935,0,25433334934,20857129,,
1727622983,0,38925097572,20857133,,
1727623175,0,9697687537,20857149,,
1727623247,0,14189654507,20857155,,
1727623391,0,11873491667,20857167,,
1727624063,0,7656539704,20857223,,
1727624075,0,8814831580,20857224,,
1727624927,0,9089240055,20857294,,
1727624951,0,9100000000,20857296,,
1727625035,0,7601265940,20857303,,
1727625239,0,10284398328,20857320,,
1727625287,0,7251490992,20857324,,
1727625323,0,7539566726,20857327,,
1727625599,0,8774724114,20857350,,
1727625791,0,10253127479,20857366,,
1727626079,0,11556871512,20857389,,
1727626103,0,32820324785,20857391,,
1727626439,0,19527468183,20857419,,
1727626487,0,11601516682,20857423,,
1727626727,0,13860252552,20857443,,
1727626847,0,10271580290,20857453,,
1727627363,0,11173330658,20857496,,
1727627819,0,9313982717,20857534,,
1727628011,0,10629244548,20857550,,
1727628335,0,8521354621,20857577,,
1727628599,0,10443983636,20857599,,
1727629127,0,10455852339,20857643,,
1727629427,0,11162335466,20857668,,
1727629439,0,9835102702,20857669,,
1727629487,0,115472169630,20857673,,
1727629511,0,9682799012,20857675,,
1727629535,0,28563246464,20857677,,
1727630195,0,9825673754,20857732,,
1727630483,0,11017834819,20857756,,
1727630519,0,10592509935,20857759,,
1727630615,0,9178987598,20857767,,
1727630759,0,8404175196,20857779,,
1727631011,0,8144697573,20857800,,
1727631047,0,6815132036,20857803,,
1727631071,0,8723092862,20857805,,
1727631107,0,9260041560,20857808,,
1727631143,0,8567061381,20857811,,
1727632355,0,7011518642,20857912,,
1727632415,0,8434813726,20857917,,
1727632427,0,7687089004,20857918,,
1727633111,0,8908777648,20857975,,
1727633171,0,9007265249,20857980,,
1727633507,0,9180475190,20858008,,
1727633771,0,9217366562,20858030,,
1727633843,0,7450638538,20858036,,
1727633843,0,9231910943,20858036,,
1727633987,0,7748358766,20858048,,
1727634047,0,8833622578,20858053,,
1727634083,0,9511093415,20858056,,
1727634119,0,10035261146,20858059,,
1727634179,0,8881358788,20858064,,
1727634287,0,9733344848,20858073,,
1727634383,0,11378354685,20858081,,
1727634431,0,10776117919,20858085,,
1727634587,0,8892835322,20858098,,
1727635211,0,10590761951,20858150,,
1727635403,0,10107178947,20858166,,
1727635427,0,11367653658,20858168,,
1727635463,0,8226890397,20858171,,
1727635463,0,9225890398,20858171,,
1727635679,0,10739509846,20858189,,
1727635847,0,10809057182,20858203,,
1727635871,0,13581127932,20858205,,
1727636399,0,11849064102,20858247,,
1727636435,0,10247268859,20858250,,
1727636603,0,9977530893,20858264,,
1727636675,0,10950862622,20858270,,
1727637131,0,9948709991,20858308,,
1727637335,0,14049580934,20858325,,
1727637527,0,14134401996,20858341,,
1727637599,0,9606587165,20858347,,
1727637695,0,9111906858,20858355,,
1727637743,0,10901663918,20858359,,
1727637887,0,12094587073,20858371,,
1727638031,0,9080352186,20858383,,
1727638163,0,11008921256,20858394,,
1727638163,0,11943583232,20858394,,
1727638199,0,11320560996,20858397,,
1727638475,0,9170054145,20858420,,
1727638595,0,10469319324,20858430,,
1727638643,0,6713906042,20858434,,
1727638691,0,8708808099,20858438,,
1727638775,0,6441217680,20858445,,
1727638859,0,48865377322,20858452,,
1727638871,0,7056513305,20858453,,
1727639003,0,6573841502,20858464,,
1727639099,0,9316796737,20858472,,
1727639159,0,12474482590,20858477,,
1727639195,0,10173130414,20858480,,
1727639327,0,9821289360,20858491,,
1727639735,0,12319716947,20858525,,
1727639771,0,15100001731,20858528,,
1727639795,0,17354749999,20858530,,
1727639831,0,7739158346,20858533,,
1727639867,0,8505733923,20858536,,
1727639879,0,10460943770,20858537,,
1727639915,0,7437123593,20858540,,
1727639963,0,7939284856,20858544,,
1727639975,0,26196644530,20858545,,
1727640023,0,7070134210,20858549,,
1727640035,0,10003930953,20858550,,
1727640155,0,29222683351,20858560,,
1727640191,0,18237838048,20858563,,
1727640215,0,29337728742,20858565,,
1727640263,0,7933976637,20858569,,
1727640275,0,32811160656,20858570,,
1727640299,0,46440521846,20858572,,
1727640347,0,10474906537,20858576,,
1727640371,0,11802990796,20858578,,
1727640455,0,73629900076,20858585,,
1727640479,0,8415919883,20858587,,
1727640491,0,35216364943,20858588,,
1727640527,0,14214731723,20858591,,
1727640635,0,10111397798,20858600,,
1727640707,0,199997242186,20858606,,
1727640731,0,67051086318,20858608,,
1727640911,0,55012274060,20858623,,
1727641007,0,10198885784,20858631,,
1727641043,0,14716995911,20858634,,
1727641271,0,22179681134,20858653,,
1727641427,0,9687167771,20858665,,
1727641511,0,8176665239,20858672,,
1727641511,0,6949822768,20858672,,
1727641547,0,10195253642,20858675,,
1727641595,0,17215678907,20858679,,
1727641643,0,7895249728,20858683,,
1727641655,0,8250674704,20858684,,
1727641847,0,7635610262,20858700,,
1727641859,0,24782585700,20858701,,
1727641895,0,9667826194,20858704,,
1727642087,0,7414289984,20858720,,
1727642351,0,8300000000,20858742,,
1727642399,0,7210719445,20858746,,
1727642459,0,13146550541,20858751,,
1727642615,0,7309377755,20858764,,
1727642723,0,7999412762,20858772,,
1727642795,0,7650728005,20858778,,
1727642855,0,9084062242,20858783,,
1727642903,0,8377239527,20858787,,
1727642963,0,48028026260,20858791,,
1727642987,0,9065890702,20858793,,
1727643239,0,6263319084,20858814,,
1727643623,0,6024838426,20858846,,
1727643659,0,10045846238,20858849,,
1727644055,0,6392848303,20858882,,
1727644091,0,18680186463,20858885,,
1727644103,0,9484730105,20858886,,
1727644127,0,7267365094,20858888,,
1727644391,0,7066627211,20858910,,
1727644523,0,7100000000,20858921,,
1727644931,0,17427605768,20858954,,
1727645219,0,6410169760,20858978,,
1727645363,0,8145260786,20858990,,
1727645483,0,9358444616,20859000,,
1727645627,0,13645476251,20859012,,
1727645699,0,20371504811,20859018,,
1727645735,0,35281236364,20859021,,
1727645783,0,14008607394,20859025,,
1727645795,0,18194896159,20859026,,
1727646179,0,13644862775,20859057,,
1727646287,0,14985362830,20859065,,
1727646551,0,10385060022,20859087,,
1727646599,0,12198410200,20859091,,
1727646611,0,11332733753,20859092,,
1727646803,0,10793292457,20859108,,
1727646827,0,9966856490,20859110,,
1727646851,0,9460559553,20859112,,
1727647151,0,7594704757,20859137,,
1727647307,0,9793379652,20859150,,
1727647319,0,7556681919,20859151,,
1727647355,0,7012049938,20859154,,
1727647475,0,7142440799,20859164,,
1727647511,0,10245283288,20859167,,
1727647583,0,8061193778,20859173,,
1727647607,0,10143982677,20859175,,
1727647691,0,9342719493,20859182,,
1727647919,0,9942160280,20859201,,
1727647931,0,16841156860,20859202,,
1727648195,0,9762443722,20859224,,
1727648363,0,504993098164,20859237,,
1727648423,0,8726422886,20859242,,
1727648495,0,9297283057,20859248,,
1727648531,0,8700000000,20859251,,
1727648543,0,138654088672,20859252,,
1727648543,0,6993199111,20859252,,
1727648771,0,6324179795,20859271,,
1727648939,0,7109411242,20859285,,
1727648975,0,7258367849,20859288,,
1727649287,0,5963925937,20859314,,
1727649371,0,6674213152,20859321,,
1727649671,0,6327136959,20859346,,
1727649719,0,6358062619,20859350,,
1727650007,0,7681898678,20859374,,
1727650211,0,9296949583,20859391,,
1727650283,0,8564530067,20859397,,
1727650739,0,5410118425,20859435,,
1727651231,0,13344782590,20859476,,
1727651279,0,6647048452,20859480,,
1727651411,0,8887566790,20859491,,
1727651759,0,6808335830,20859520,,
1727652707,0,5576747156,20859599,,
1727652947,0,8481862119,20859619,,
1727653055,0,6129601521,20859628,,
1727653139,0,7787413536,20859635,,
1727653223,0,5773991228,20859642,,
1727653343,0,7525813246,20859652,,
1727653607,0,5279973978,20859674,,
1727653775,0,6160080415,20859688,,
1727654039,0,6216594833,20859710,,
1727654075,0,7345278043,20859713,,
1727654135,0,8131548400,20859718,,
1727654819,0,12397328150,20859775,,
1727654927,0,17401510497,20859784,,
1727655035,0,5994606969,20859793,,
1727655035,0,56373364844,20859793,,
1727655047,0,38076238241,20859794,,
1727655131,0,5607514467,20859801,,
1727655275,0,30909828784,20859813,,
1727655431,0,8000040155,20859826,,
1727655671,0,6217291063,20859846,,
1727655695,0,5831780543,20859848,,
1727655695,0,6420262190,20859848,,
1727655947,0,5225909062,20859869,,
1727656199,0,7910219852,20859890,,
1727656319,0,5695262343,20859899,,
1727656319,0,5694262343,20859899,,
1727656331,0,12404267785,20859900,,
1727656331,0,7775888217,20859900,,
1727656499,0,6828370627,20859914,,
1727656763,0,9117351163,20859936,,
1727657003,0,7158005247,20859956,,
1727657063,0,7007589272,20859961,,
1727657087,0,8589463787,20859963,,
1727657267,0,6179403810,20859978,,
1727657279,0,30910155229,20859979,,
1727657507,0,6670489450,20859998,,
1727657543,0,6336637884,20860001,,
1727657783,0,58499664673,20860021,,
1727657879,0,23578247740,20860029,,
1727657891,0,26729584473,20860030,,
1727657951,0,16787257420,20860035,,
1727657963,0,14327264485,20860036,,
1727657987,0,18918933448,20860038,,
1727658011,0,13934044200,20860040,,
1727658023,0,11138177497,20860041,,
1727658047,0,32055372243,20860043,,
1727658083,0,6954492016,20860046,,
1727658275,0,7124774527,20860062,,
1727658323,0,7702610432,20860066,,
1727658335,0,52023837232,20860067,,
1727658407,0,11009170020,20860073,,
1727658635,0,17890553476,20860091,,
1727658659,0,24355565713,20860093,,
1727658671,0,54816968514,20860094,,
1727658683,0,6905193193,20860095,,
1727658731,0,12278189292,20860099,,
1727658947,0,5922457688,20860116,,
1727659319,0,6549277344,20860147,,
1727659355,0,5489933614,20860150,,
1727659415,0,7706290441,20860155,,
1727659463,0,4834296657,20860159,,
1727659547,0,7584387807,20860166,,
1727659571,0,15867289221,20860168,,
1727659955,0,4961638369,20860200,,
1727660039,0,5182384068,20860207,,
1727660147,0,5767950722,20860216,0.0000112600,2641.66
1727660459,0,6482722362,20860242,0.0000112800,2642.69
1727660759,0,20106578554,20860266,0.0000111900,2635.29
1727660891,0,5049627181,20860277,0.0000111300,2621.55
1727660903,0,8509705384,20860278,0.0000111200,2621.38
1727660915,0,14004930070,20860279,0.0000111200,2620.21
1727660963,0,7485593310,20860283,0.0000110900,2620.95
1727660975,0,20060528114,20860284,0.0000110800,2621.65
1727661011,0,15101613977,20860287,0.0000110600,2620.99
1727661071,0,5571639403,20860292,0.0000110600,2621.78
1727661083,0,10331147535,20860293,0.0000110400,2622.81
1727661095,0,5182767654,20860294,0.0000110200,2622.49
1727661455,0,5354171748,20860324,0.0000109600,2618.04
1727661479,0,20993860870,20860326,0.0000109400,2618.77
1727661491,0,39959637621,20860327,0.0000109200,2616.33
1727661515,0,5049307063,20860329,0.0000108500,2616.05
1727661539,0,5061900474,20860331,0.0000108300,2616.41
1727661551,0,7291729568,20860332,0.0000108300,2615.81
1727661563,0,6246323885,20860333,0.0000108200,2615.04
1727661587,0,6100000000,20860335,0.0000108600,2614.41
1727661611,0,7699788412,20860337,0.0000108700,2615.43
1727661623,0,20769335496,20860338,0.0000109000,2617.30
1727661695,0,6366599274,20860344,0.0000109100,2618.51
1727661707,0,52898351938,20860345,0.0000109200,2618.84
1727661851,0,5426793765,20860357,0.0000109000,2616.52
1727661863,0,6348720560,20860358,0.0000109000,2616.79
1727662043,0,7787942052,20860373,0.0000109100,2617.55
1727662055,0,7243025612,20860374,0.0000109100,2616.79
1727662127,0,7637816008,20860380,0.0000109100,2616.31
1727662211,0,6431234017,20860387,0.0000109000,2616.00
1727662223,0,5661212866,20860388,0.0000109100,2616.00
1727662463,0,9570313468,20860407,0.0000109000,2611.20
1727662475,0,19978581063,20860408,0.0000109100,2610.68
1727662487,0,17471502246,20860409,0.0000109200,2611.77
1727662547,0,21948735598,20860414,0.0000109400,2613.09
1727662607,0,28795861423,20860419,0.0000109700,2614.43
1727662619,0,15971657131,20860420,0.0000109900,2616.05
1727662631,0,7957747354,20860421,0.0000110000,2616.61
1727662643,0,14677041353,20860422,0.0000110200,2616.82
1727663219,0,7954965960,20860470,0.0000109800,2616.24
1727663399,0,8774416407,20860485,0.0000109500,2615.44
1727663543,0,14433139685,20860497,0.0000109200,2616.06
1727663555,0,10983373688,20860498,0.0000109200,2615.87
1727663567,0,16693807598,20860499,0.0000109100,2616.41
1727663591,0,26671432605,20860501,0.0000108900,2615.04
1727663651,0,40929236806,20860506,0.0000108600,2614.53
1727663771,0,12608801195,20860516,0.0000109000,2615.84
1727664011,0,16166741505,20860536,0.0000109500,2616.81
1727664131,0,11165444772,20860546,0.0000109700,2619.62
1727664155,0,9467363326,20860548,0.0000109600,2619.98
1727664167,0,17764831273,20860549,0.0000109800,2621.96
1727664203,0,12384986593,20860552,0.0000110000,2620.49
1727664215,0,13206815867,20860553,0.0000110000,2620.09
1727664239,0,10969287755,20860555,0.0000110000,2620.15
1727664419,0,12207182013,20860570,0.0000109700,2618.80
1727664515,0,11821259189,20860578,0.0000109900,2621.01
1727664575,0,12120057085,20860583,0.0000109800,2621.37
1727664575,0,10283017820,20860583,0.0000109800,2621.37
1727664683,0,13092413312,20860592,0.0000109300,2619.44
1727664791,0,15952439017,20860601,0.0000109500,2620.40
1727664851,0,9775336931,20860606,0.0000109400,2618.01
1727665331,0,9935357603,20860646,0.0000109000,2613.02
1727665379,0,12012301164,20860650,0.0000109000,2614.46
1727665439,0,11477764932,20860654,0.0000109500,2615.62
1727665643,0,10566261572,20860670,0.0000108900,2611.53
1727665691,0,11021708424,20860674,0.0000108600,2609.18
1727665703,0,9804113475,20860675,0.0000108400,2606.59
1727666051,0,18309801520,20860704,0.0000109600,2617.80
1727666075,0,51643728694,20860706,0.0000110000,2619.60
1727666315,0,8981869024,20860726,0.0000110100,2619.52
1727666387,0,15172081613,20860732,0.0000110300,2621.42
1727666699,0,6163052186,20860758,0.0000110200,2621.27
1727666855,0,5589317887,20860771,0.0000109700,2621.37
1727667251,0,5582527525,20860804,0.0000110000,2622.02
1727667431,0,72207321793,20860819,0.0000111000,2627.57
1727667455,0,9461759128,20860821,0.0000111000,2628.77
1727667467,0,43561632784,20860822,0.0000111200,2628.51
1727667587,0,7007224808,20860832,0.0000111300,2627.61
1727667659,0,25452064956,20860838,0.0000111700,2628.04
1727667671,0,32243790207,20860839,0.0000112000,2626.97
1727667731,0,23839894983,20860844,0.0000112300,2626.79
1727667827,0,6129018922,20860852,0.0000112100,2626.11
1727667875,0,5393625566,20860856,0.0000111700,2624.80
1727667983,0,5151720601,20860865,0.0000112600,2625.19
1727667995,0,6456639048,20860866,0.0000112700,2625.19
1727668115,0,12798649624,20860876,0.0000112800,2623.40
1727668139,0,5237570911,20860878,0.0000112700,2623.90
1727668211,0,5500000000,20860884,0.0000112600,2623.11
1727668223,0,4402190753,20860885,0.0000112800,2623.96
1727668283,0,9952098999,20860890,0.0000113100,2626.15
1727668367,0,4292567554,20860897,0.0000113300,2627.40
1727668379,0,6706647221,20860898,0.0000113200,2627.09
1727668415,0,6070485953,20860901,0.0000113300,2625.91
1727668439,0,4471397643,20860903,0.0000113500,2626.92
1727668451,0,40919483625,20860904,0.0000113600,2626.38
1727669075,0,14346077413,20860956,0.0000112900,2625.58
1727669111,0,6321831869,20860959,0.0000113000,2627.45
1727669723,0,5223628205,20861010,0.0000113100,2626.20
1727669831,0,5396116851,20861019,0.0000113000,2626.60
1727669987,0,9819629480,20861032,0.0000112800,2628.39
1727670035,0,11897772831,20861036,,
1727670047,0,4090879686,20861037,,
1727670059,0,30165533479,20861038,,
1727670251,0,5055547465,20861054,,
1727670275,0,6877787393,20861056,,
1727670311,0,31838363775,20861059,,
1727670335,0,5455716315,20861061,,
1727670359,0,10076305821,20861063,,
1727670743,0,9249089096,20861095,,
1727670755,0,7694708365,20861096,,
1727670755,0,7273879443,20861096,,
1727670791,0,7896446925,20861099,,
1727671007,0,6336697440,20861117,,
1727671079,0,4977060055,20861123,,
1727671127,0,6724345592,20861127,,
1727671163,0,23480227679,20861130,,
1727671199,0,6123133850,20861133,,
1727672075,0,5735115429,20861205,,
1727672171,0,13248232220,20861213,,
1727672495,0,5028984541,20861240,,
1727672543,0,18812462282,20861244,,
1727672867,0,5437311718,20861271,,
1727673287,0,8764394695,20861306,,
1727673407,0,21257571090,20861316,,
1727673539,0,6028444660,20861327,,
1727673875,0,4573628744,20861355,,
1727673899,0,41798356628,20861357,,
1727673923,0,5000531920,20861359,,
1727673935,0,39096581610,20861360,,
1727674019,0,6496195127,20861367,,
1727674031,0,5908815608,20861368,,
1727674103,0,5255484702,20861374,,
1727674211,0,5824183554,20861383,,
1727674607,0,15508113546,20861416,,
1727674619,0,7366620664,20861417,,
1727674643,0,16167696327,20861419,,
1727674979,0,13087087636,20861447,,
1727674991,0,57840834147,20861448,,
1727675435,0,6271076550,20861485,,
1727676419,0,18360936263,20861566,,
1727676947,0,8676759694,20861610,,
1727677067,0,14373826314,20861620,,
1727677163,0,11144982821,20861628,,
1727677679,0,7892374052,20861671,,
1727677715,0,28779207993,20861674,,
1727677751,0,16039381357,20861677,,
1727678099,0,6109927726,20861706,,
1727678219,0,38789231880,20861716,,
1727678375,0,6283532735,20861729,,
1727678447,0,7374527608,20861735,,
1727678555,0,9282544186,20861744,,
1727678747,0,8935605475,20861760,,
1727678975,0,8778543641,20861779,,
1727679191,0,8023724143,20861797,,
1727679203,0,8311566180,20861798,,
1727679335,0,19022079072,20861809,,
1727679419,0,9576174991,20861816,,
1727679527,0,34990862942,20861825,,
1727679779,0,12805599674,20861846,,
1727679911,0,9500003203,20861857,,
1727680151,0,14397214392,20861877,,
1727680475,0,7790947283,20861904,,
1727681231,0,25737985916,20861967,,
1727681339,0,5881727965,20861976,,
1727681351,0,8158176949,20861977,,
1727681687,0,6452244299,20862005,,
1727682467,0,8645338186,20862070,,
1727683739,0,15795050466,20862175,,
1727683751,0,10498040669,20862176,,
1727683763,0,6599357756,20862177,,
1727683775,0,15224402804,20862178,,
1727683787,0,72550046521,20862179,,
1727683799,0,45413542617,20862180,,
1727683859,0,7161268193,20862185,,
1727683871,0,14147626687,20862186,,
1727683883,0,7315385096,20862187,,
1727683895,0,9305639991,20862188,,
1727684447,0,7177234289,20862234,,
1727685383,0,13849089738,20862312,,
1727685947,0,10325138710,20862359,,
1727686091,0,7717073641,20862371,,
1727686103,0,7819074173,20862372,,
1727686223,0,7539793566,20862382,,
1727686763,0,12944367005,20862427,,
1727686775,0,19061892779,20862428,,
1727686799,0,8191321195,20862430,,
1727687003,0,54893888056,20862447,,
1727687219,0,8878989277,20862465,,
1727687243,0,11131087146,20862467,,
1727687447,0,9838636803,20862484,,
1727687783,0,10810041788,20862512,,
1727687807,0,8627745108,20862514,,
1727688251,0,21812101062,20862551,,
1727688287,0,27360314714,20862554,,
1727688839,0,10846071467,20862600,,
1727689535,0,15025729353,20862657,,
1727689811,0,12670230835,20862680,,
1727690123,0,11181061823,20862706,,
1727690219,0,12450002371,20862714,,
1727690363,0,10147221552,20862726,,
1727690399,0,10258994613,20862729,,
1727690663,0,11804243780,20862751,,
1727690759,0,12049915731,20862759,,
1727690783,0,23822644634,20862761,,
1727690831,0,13706262747,20862765,,
1727690843,0,11700000000,20862766,,
1727690915,0,23370071837,20862772,,
1727690963,0,27712425325,20862776,,
1727690987,0,11198744946,20862778,,
1727690987,0,22797178335,20862778,,
1727690999,0,13364717777,20862779,,
1727691011,0,13170396413,20862780,,
1727691083,0,15880459742,20862786,,
1727691095,0,66574460883,20862787,,
1727691143,0,14839401616,20862791,,
1727691155,0,12296263042,20862792,,
1727691431,0,15263454509,20862815,,
1727691443,0,13187417513,20862816,,
1727691455,0,25514393006,20862817,,
1727691503,0,24292970932,20862821,,
1727691503,0,13800249860,20862821,,
1727691671,0,13834589073,20862835,,
1727691863,0,29740197775,20862851,,
1727691983,0,13257825186,20862861,,
1727692391,0,8870835937,20862895,,
1727692763,0,78083757562,20862926,,
1727692835,0,11874067355,20862932,,
1727693135,0,8095624083,20862957,,
1727693159,0,27248475722,20862959,,
1727694083,0,6850810260,20863035,,
1727694119,0,11933898711,20863038,,
1727694359,0,13544170352,20863058,,
1727694467,0,9769927630,20863067,,
1727694491,0,11925429883,20863069,,
1727694839,0,6917265423,20863098,,
1727694899,0,7605862152,20863103,,
1727695067,0,7995434945,20863117,,
1727695211,0,7500000000,20863129,,
1727695367,0,12182378466,20863142,,
1727695403,0,6744944684,20863145,,
1727695427,0,8685007243,20863147,,
1727695631,0,11994453370,20863164,,
1727695727,0,12787372188,20863172,,
1727695799,0,15456053359,20863178,,
1727695823,0,10453656824,20863180,,
1727695859,0,9654123394,20863183,,
1727695955,0,7773679837,20863191,,
1727695967,0,7996060828,20863192,,
1727696015,0,7760602262,20863196,,
1727696087,0,22077872638,20863202,,
1727696123,0,21682685243,20863205,,
1727696135,0,7392833750,20863206,,
1727696147,0,7186113111,20863207,,
1727696363,0,7968749796,20863225,,
1727696591,0,8780380739,20863244,,
1727696591,0,7750380739,20863244,,
1727696699,0,5900436371,20863253,,
1727696699,0,6841336371,20863253,,
1727696747,0,26763417768,20863257,,
1727696795,0,6665216887,20863261,,
1727696819,0,8267748372,20863263,,
1727696855,0,27509368846,20863266,,
1727696891,0,74709478139,20863269,,
1727696891,0,6688953151,20863269,,
1727697251,0,7714738782,20863299,,
1727697275,0,8408658442,20863301,,
1727697323,0,9441924938,20863305,,
1727697335,0,8362366903,20863306,,
1727697383,0,19703127107,20863310,,
1727697395,0,23701422701,20863311,,
1727697407,0,13271216092,20863312,,
1727697491,0,12256924392,20863319,,
1727697647,0,17491500181,20863332,,
1727697983,0,20596435463,20863360,,
1727698223,0,18157489751,20863380,,
1727698307,0,13949844452,20863387,,
1727698355,0,12498701365,20863391,,
1727698391,0,25235811250,20863394,,
1727698883,0,9051722022,20863435,,
1727699087,0,11137331320,20863452,,
1727699591,0,9551934246,20863494,,
1727699663,0,9089163176,20863500,,
1727699999,0,16155105103,20863527,,
1727700191,0,13850111502,20863543,,
1727700323,0,10817302473,20863554,,
1727700611,0,37337494666,20863578,,
1727700623,0,11046119338,20863579,,
1727700683,0,12217524017,20863584,,
1727700707,0,11967744931,20863586,,
1727700863,0,12890769277,20863599,,
1727700959,0,70278645327,20863606,,
1727701619,0,36924270314,20863661,,
1727701763,0,23719923284,20863673,,
1727702039,0,20880998291,20863696,,
1727702147,0,20225845645,20863705,,
1727702291,0,18156651129,20863717,,
1727702387,0,34638288340,20863725,,
1727702399,0,83171647785,20863726,,
1727702435,0,21367910462,20863729,,
1727702627,0,19041284709,20863745,,
1727702831,0,17111050671,20863762,,
1727702903,0,31490211600,20863768,,
1727703095,0,16626343966,20863784,,
1727703263,0,13552682234,20863798,,
1727703635,0,12674134749,20863829,,
1727704787,0,16577025980,20863924,,
1727705015,0,38636085611,20863943,,
1727705111,0,39766633572,20863951,,
1727705339,0,20646593588,20863970,,
1727705351,0,23435587399,20863971,,
1727705387,0,23267548590,20863974,,
1727705567,0,49060028260,20863989,,
1727705615,0,21670058607,20863993,,
1727706011,0,19258371621,20864026,,
1727706107,0,33590153082,20864034,,
1727706407,0,20492033737,20864059,,
1727706479,0,54338690491,20864065,,
1727706611,0,47693504901,20864076,,
1727706659,0,25158282326,20864080,,
1727706851,0,26126245401,20864096,,
1727707259,0,22185012936,20864130,,
1727707535,0,16482950059,20864153,,
1727707655,0,17143135683,20864163,,
1727707919,0,16293841543,20864185,,
1727708027,0,22957995435,20864194,,
1727708399,0,21086331949,20864224,,
1727708459,0,30158531827,20864229,,
1727708939,0,60359288449,20864269,,
1727708963,0,73294769718,20864271,,
1727710295,0,20951955245,20864382,,
1727710391,0,23622201068,20864390,,
1727710463,0,23370386747,20864396,,
1727710775,0,49537769580,20864422,,
1727710823,0,23361592636,20864426,,
1727710835,0,21482338712,20864427,,
1727711291,0,21270495755,20864465,,
1727711495,0,21593576578,20864482,,
1727711687,0,24802250809,20864498,,
1727711723,0,82610533614,20864501,,
1727711831,0,19989608782,20864510,,
1727711867,0,28913264872,20864513,,
1727712107,0,22042666861,20864533,,
1727712335,0,32289007881,20864552,,
1727712623,0,22000280402,20864576,,
1727712671,0,24714483834,20864580,,
1727712923,0,40261215378,20864601,,
1727713727,0,24706354632,20864668,,
1727713739,0,29251641812,20864669,,
1727713991,0,29459779797,20864690,,
1727714135,0,24358246194,20864702,,
1727714375,0,23510662897,20864722,,
1727714387,0,30609342978,20864723,,
1727714387,0,25815742454,20864723,,
1727714423,0,31228806608,20864726,,
1727714699,0,21039756353,20864749,,
1727714831,0,19220304122,20864760,,
1727714843,0,17540376539,20864761,,
1727714939,0,35579702607,20864769,,
1727714951,0,20234615114,20864770,,
1727714951,0,23161927758,20864770,,
1727715671,0,21581114429,20864830,,
1727715851,0,23296627409,20864845,,
1727715923,0,19559397592,20864851,,
1727716271,0,113134369201,20864880,,
1727716631,0,23007131107,20864910,,
1727716703,0,26110494219,20864916,,
1727716979,0,21087143024,20864939,,
1727717015,0,62546281348,20864942,,
1727718083,0,22329226219,20865031,,
1727718131,0,18194154173,20865035,,
1727718251,0,21374332152,20865044,,
1727718383,0,49186356211,20865055,,
1727718395,0,14217144774,20865056,,
1727718419,0,15065333241,20865058,,
1727718599,0,12824417118,20865073,,
1727718695,0,13346236987,20865081,,
1727718827,0,11972142966,20865092,,
1727718995,0,13358444370,20865106,,
1727718995,0,12509895944,20865106,,
1727719187,0,34878478188,20865122,,
1727719235,0,12010199628,20865126,,
1727719283,0,16583295227,20865130,,
1727719727,0,20711429185,20865167,,
1727719895,0,18952355157,20865181,,
1727719931,0,17628932419,20865184,,
1727720243,0,15687239618,20865210,,
1727720291,0,15893960794,20865214,,
1727720375,0,48409852914,20865221,,
1727720411,0,17090241017,20865224,,
1727720411,0,15319655397,20865224,,
1727720627,0,17704678183,20865242,,
1727720723,0,15859292659,20865250,,
1727720867,0,17660052474,20865262,,
1727720891,0,16650263620,20865264,,
1727721011,0,17433591468,20865274,,
1727721911,0,14935324293,20865349,,
1727721935,0,16550622315,20865351,,
1727721947,0,83331342250,20865352,,
1727722511,0,13365896271,20865399,,
1727723819,0,24086445191,20865507,,
1727724539,0,19696489692,20865567,,
1727724671,0,15310912244,20865578,,
1727724863,0,33895382074,20865594,,
1727724959,0,18556635343,20865602,,
1727725091,0,18142869637,20865613,,
1727725307,0,38694462989,20865630,,
1727725331,0,17990471963,20865632,,
1727725535,0,26904145437,20865649,,
1727725619,0,17466573810,20865656,,
1727725811,0,17637592153,20865672,,
1727726615,0,23560700011,20865739,,
1727726807,0,21611551225,20865755,,
1727726891,0,19407008367,20865762,,
1727726975,0,21410349576,20865769,,
1727727275,0,16663353524,20865794,,
1727727347,0,22916704317,20865800,,
1727727467,0,33374618583,20865810,,
1727727479,0,31249038439,20865811,,
1727727479,0,18453669621,20865811,,
1727727491,0,45343663903,20865812,,
1727727587,0,33560631026,20865820,,
1727727659,0,25847025418,20865825,,
1727727683,0,19678675778,20865827,,
1727727731,0,17797137864,20865831,,
1727727875,0,24852268195,20865843,,
1727727923,0,29426233067,20865847,,
1727727935,0,22618994097,20865848,,
1727728007,0,18418532731,20865854,,
1727728175,0,29481532916,20865867,,
1727728271,0,29770334610,20865875,,
1727728319,0,20693751925,20865879,,
1727728451,0,16872913569,20865890,,
1727729411,0,55412577397,20865970,,
1727729495,0,12995839259,20865977,,
1727729783,0,17993236869,20866001,,
1727729939,0,26692387679,20866014,,
1727730215,0,25111487523,20866037,,
1727730407,0,17341570630,20866053,,
1727730407,0,20926559679,20866053,,
1727730647,0,18638471249,20866073,,
1727731079,0,11136045336,20866109,,
1727731175,0,10851088958,20866117,,
1727731379,0,12969839472,20866134,,
1727731571,0,10914448773,20866150,,
1727731979,0,13280071919,20866184,,
1727732075,0,14248744245,20866192,,
1727732135,0,15039758202,20866197,,
1727732219,0,13007224454,20866204,,
1727732339,0,12003697838,20866214,,
1727732387,0,29583019873,20866218,,
1727732507,0,10607893752,20866228,,
1727732519,0,15327577714,20866229,,
1727732627,0,14474301686,20866238,,
1727732735,0,13030975380,20866247,,
1727732831,0,12084465380,20866255,,
1727732855,0,12227507040,20866257,,
1727732867,0,12019157994,20866258,,
1727733083,0,11888959283,20866276,,
1727733791,0,15322976966,20866335,,
1727733995,0,12466034560,20866352,,
1727734523,0,8865607173,20866396,,
1727734535,0,38059906778,20866397,,
1727734655,0,10109040810,20866407,,
1727734727,0,16810262041,20866413,,
1727734739,0,49927982545,20866414,,
1727734847,0,11817853191,20866423,,
1727735123,0,11420422902,20866446,,
1727735171,0,19086872025,20866450,,
1727735423,0,10004024841,20866471,,
1727735507,0,16841610209,20866478,,
1727735615,0,8881827058,20866487,,
1727735963,0,15367978040,20866516,,
1727736215,0,7037399648,20866537,,
1727737055,0,65992657006,20866607,,
1727737115,0,8264827269,20866612,,
1727737151,0,7678393307,20866615,,
1727737175,0,15894221200,20866617,,
1727737211,0,12738419426,20866620,,
1727737235,0,47191477788,20866622,,
1727737307,0,22745985234,20866628,,
1727737331,0,8892437179,20866630,,
1727737355,0,21443130086,20866632,,
1727737367,0,10748146387,20866633,,
1727737367,0,44407874703,20866633,,
1727737379,0,9547458467,20866634,,
1727737403,0,9224951694,20866636,,
1727737535,0,10798889346,20866647,,
1727737691,0,10899690865,20866660,,
1727737691,0,33370987477,20866660,,
1727737847,0,8355175322,20866673,,
1727737907,0,63098389327,20866678,,
1727737919,0,9706543583,20866679,,
1727737955,0,67635202770,20866682,,
1727738087,0,6839272023,20866693,,
1727738207,0,7705777999,20866703,,
1727738231,0,11029238357,20866705,,
1727738243,0,30980833318,20866706,,
1727738411,0,8209380721,20866720,,
1727738411,0,6005557239,20866720,,
1727738423,0,5843292638,20866721,,
1727738591,0,8114627462,20866735,,
1727738975,0,6205026640,20866767,,
1727739071,0,5945384965,20866775,,
1727739083,0,5497883368,20866776,,
1727739119,0,6424573249,20866778,,
1727739131,0,6680460445,20866779,,
1727739131,0,19071612773,20866779,,
1727739239,0,6439625808,20866788,,
1727739275,0,18056832895,20866791,,
1727739323,0,6447536147,20866795,,
1727739431,0,9620373375,20866804,,
1727739491,0,6414352671,20866809,,
1727739563,0,8027015354,20866815,,
1727739743,0,14980007309,20866830,,
1727739815,0,22724623604,20866836,,
1727739887,0,11063487056,20866842,,
1727740031,0,8266728929,20866854,,
1727740211,0,17293515230,20866869,,
1727740235,0,15038468580,20866871,,
1727740511,0,12771603059,20866894,,
1727740523,0,9972606635,20866895,,
1727740991,0,6923366537,20866934,,
1727741003,0,12028146716,20866935,,
1727741027,0,56695544285,20866937,,
1727741075,0,7469011091,20866941,,
1727741183,0,10103193608,20866949,,
1727741303,0,8800496488,20866959,,
1727741615,0,8567669034,20866985,,
1727741615,0,7361254879,20866985,,
1727741615,0,7278254879,20866985,,
1727741627,0,8762931171,20866986,,
1727741819,0,9907393329,20867002,,
1727741879,0,7236929461,20867007,,
1727741915,0,6380530545,20867010,,
1727741963,0,48533213100,20867014,,
1727741975,0,6422200244,20867015,,
1727742035,0,6008033697,20867020,,
1727742167,0,5995381977,20867031,,
1727742191,0,7104545437,20867033,,
1727742563,0,6793192006,20867064,,
1727742611,0,13216295353,20867068,,
1727742623,0,28805952241,20867069,,
1727742743,0,20496268868,20867079,,
1727742935,0,5680091488,20867095,,
1727742947,0,5447117917,20867096,,
1727743271,0,6997737174,20867123,,
1727743283,0,6990134159,20867124,,
1727743355,0,5457875756,20867130,,
1727743703,0,5301508006,20867159,,
1727743787,0,5498452773,20867166,,
1727743811,0,6647336470,20867168,,
1727743823,0,10144318373,20867169,,
1727743835,0,44466107147,20867170,,
1727743859,0,40295974963,20867172,,
1727743883,0,27647792173,20867174,,
1727743919,0,5926739879,20867177,,
1727744063,0,7580329349,20867189,,
1727744555,0,6951256091,20867230,,
1727744639,0,7635148723,20867237,,
1727744651,0,5564094100,20867238,,
1727744699,0,7486253907,20867242,,
1727744783,0,5641375470,20867249,,
1727744795,0,64771140677,20867250,,
1727744867,0,30850386359,20867256,,
1727744879,0,9101209139,20867257,,
1727745011,0,11880025481,20867268,,
1727745035,0,28031347216,20867270,,
1727745047,0,33036880249,20867271,,
1727745167,0,7418033437,20867281,,
1727745515,0,5336673762,20867310,,
1727745779,0,10008711578,20867332,,
1727745923,0,5307921319,20867344,,
1727746703,0,5032689567,20867409,,
1727746955,0,5099283903,20867430,,
1727747147,0,11061679282,20867446,,
1727747183,0,9069220667,20867449,,
1727747207,0,5700408523,20867451,,
1727747279,0,7764230019,20867457,,
1727747351,0,7314077489,20867463,,
1727747471,0,5706692968,20867473,,
1727748227,0,31461194304,20867536,,
1727748251,0,5504448296,20867538,,
1727748263,0,6470192739,20867539,,
1727748287,0,30815799688,20867541,,
1727748347,0,11138454453,20867546,,
1727748371,0,5694362911,20867548,,
1727748743,0,6279186286,20867578,,
1727748923,0,8055333054,20867593,,
1727748935,0,8528667781,20867594,,
1727749439,0,8431236618,20867636,,
1727749715,0,7969364477,20867659,,
1727749751,0,7514840795,20867661,,
1727749799,0,7998140366,20867665,,
1727750303,0,6046276084,20867707,,
1727750399,0,6246969592,20867715,,
1727751287,0,7849504596,20867789,,
1727751323,0,9167331220,20867792,,
1727751383,0,8878403153,20867797,,
1727751407,0,17793894851,20867799,,
1727751443,0,6474414125,20867802,,
1727751563,0,5880114901,20867812,,
1727751947,0,11233584041,20867844,,
1727752079,0,8075897107,20867855,,
1727752115,0,12836940150,20867858,,
1727752223,0,10097677230,20867867,,
1727752535,0,26015629291,20867893,,
1727752607,0,6876645048,20867899,,
1727752631,0,14626266263,20867901,,
1727752643,0,7688018099,20867902,,
1727752691,0,9107417858,20867906,,
1727752703,0,7579423124,20867907,,
1727752823,0,8650340994,20867917,,
1727753279,0,7020894018,20867955,,
1727753519,0,7401641890,20867975,,
1727754215,0,16078747692,20868032,,
1727754227,0,15184908860,20868033,,
1727754527,0,23843325371,20868058,,
1727754707,0,34060323568,20868073,,
1727755067,0,150330136101,20868103,,
1727755151,0,54494680406,20868110,,
1727755583,0,61708231320,20868146,,
1727755679,0,61498047617,20868153,,
1727756003,0,84334809192,20868180,,
1727756123,0,54167709193,20868190,,
1727756651,0,46759637618,20868234,,
1727756843,0,60432987177,20868250,,
1727757191,0,50472934348,20868279,,
1727757227,0,53423307541,20868282,,
1727757395,0,46548922115,20868296,,
1727757575,0,41025007512,20868311,,
1727757947,0,39543711923,20868342,,
1727758163,0,37315117128,20868360,,
1727758163,0,37459798941,20868360,,
1727758247,0,37074013282,20868367,,
1727758319,0,38620588300,20868373,,
1727758391,0,33670741580,20868379,,
1727758895,0,45857175489,20868421,,
1727759099,0,46398859174,20868438,,
1727759507,0,28092796703,20868471,,
1727759795,0,25860073497,20868495,,
1727759975,0,29865288249,20868510,,
1727761607,0,16767683922,20868646,,
1727762003,0,18209174607,20868679,,
1727762147,0,18054279750,20868691,,
1727762351,0,16757703656,20868708,,
1727762507,0,18170474107,20868721,,
1727762543,0,15698267861,20868724,,
1727762603,0,19158575109,20868729,,
1727762663,0,17517296837,20868734,,
1727762939,0,16076911634,20868757,,
1727762951,0,16803247145,20868758,,
1727762999,0,16268335930,20868762,,
1727763287,0,35566110568,20868786,,
1727763311,0,26729994233,20868788,,
1727763335,0,18130378624,20868790,,
1727763383,0,22240036837,20868794,,
1727763407,0,16224684715,20868796,,
1727763491,0,19698160004,20868803,,
1727763503,0,17237572536,20868804,,
1727763515,0,41387883589,20868805,,
1727763719,0,130979507240,20868821,,
1727763791,0,30980830438,20868827,,
1727763827,0,17053243105,20868830,,
1727763887,0,17113150375,20868835,,
1727763899,0,93972208641,20868836,,
1727764019,0,30669717626,20868846,,
1727764175,0,25164095331,20868859,,
1727764247,0,17771128630,20868865,,
1727764415,0,15791998262,20868879,,
1727764487,0,24776092827,20868885,,
1727764883,0,29773862252,20868918,,
1727764907,0,14091983176,20868920,,
1727764955,0,14441405367,20868924,,
1727765231,0,26695072469,20868947,,
1727765255,0,22590424278,20868949,,
1727765579,0,16520181180,20868975,,
1727765615,0,17707118104,20868978,,
1727765891,0,16245402809,20869001,,
1727765927,0,16736324532,20869004,,
1727765939,0,15937647178,20869005,,
1727765951,0,16145249994,20869006,,
1727765987,0,16622356599,20869009,,
1727766011,0,20176979682,20869011,,
1727766035,0,15452680002,20869013,,
1727766407,0,13079964622,20869044,,
1727766599,0,16539526183,20869060,,
1727766671,0,15050330668,20869066,,
1727767259,0,15385542016,20869115,,
1727767403,0,13996287447,20869127,,
1727767451,0,11687852712,20869131,,
1727767487,0,13842653639,20869134,,
1727767787,0,12697269393,20869159,,
1727768279,0,28603755615,20869200,,
1727768327,0,14298178226,20869204,,
1727768495,0,12863535781,20869218,,
1727768519,0,51824322065,20869220,,
1727768927,0,15153752387,20869254,,
1727769023,0,16338734419,20869261,,
1727769263,0,27144247860,20869281,,
1727769323,0,17405438207,20869286,,
1727769419,0,14817216462,20869294,,
1727769635,0,47539940942,20869311,,
1727769671,0,16841609637,20869314,,
1727769671,0,16532677450,20869314,,
1727770679,0,16289160143,20869398,,
1727771423,0,19869157858,20869460,,
1727771699,0,18029058185,20869483,,
1727771843,0,17269014157,20869495,,
1727771939,0,17565572901,20869503,,
1727772059,0,23419344225,20869513,,
1727772155,0,22606093187,20869521,,
1727772299,0,17411607380,20869533,,
1727772815,0,46205671637,20869576,,
1727772971,0,14039122691,20869589,,
1727773235,0,14959060817,20869611,,
1727773451,0,35458077653,20869629,,
1727773475,0,15500000000,20869631,,
1727773643,0,74638668971,20869645,,
1727773739,0,22505913333,20869653,,
1727775263,0,24406487892,20869780,,
1727776235,0,19151645323,20869861,,
1727776523,0,18513952904,20869885,,
1727776799,0,16228595778,20869908,,
1727776991,0,595466771852,20869924,,
1727777123,0,15686799287,20869935,,
1727777219,0,33529015474,20869942,,
1727777291,0,16022329113,20869948,,
1727777375,0,15038343824,20869955,,
1727777579,0,14458826633,20869972,,
1727777699,0,21723515467,20869982,,
1727777855,0,12776025291,20869995,,
1727778143,0,11415406316,20870019,,
1727778227,0,12348696321,20870026,,
1727778371,0,12149566717,20870038,,
1727779007,0,13675478002,20870091,,
1727779187,0,14475899534,20870106,,
1727780255,0,14737808580,20870194,,
1727780495,0,15129678702,20870214,,
1727780651,0,15104456832,20870227,,
1727780783,0,11280065103,20870238,,
1727780927,0,11877869298,20870250,,
1727780951,0,12250482466,20870252,,
1727781035,0,29361832438,20870259,,
1727781347,0,12861715054,20870285,,
1727781395,0,13285028198,20870289,,
1727782043,0,16129185113,20870342,,
1727782067,0,15856338148,20870344,,
1727783843,0,23556822295,20870492,,
1727783963,0,21414357635,20870502,,
1727784023,0,18072391259,20870507,,
1727784575,0,24313308869,20870552,,
1727784731,0,21340921970,20870565,,
1727784755,0,19526049615,20870567,,
1727785259,0,47232215036,20870609,,
1727785271,0,17631250038,20870610,,
1727785283,0,42911660235,20870611,,
1727785295,0,26999154043,20870612,,
1727785307,0,23017591854,20870613,,
1727785343,0,23023952928,20870616,,
1727785811,0,30458964682,20870655,,
1727785847,0,49642937475,20870658,,
1727785859,0,32951202269,20870659,,
1727786291,0,31004017583,20870695,,
1727786471,0,26021001704,20870710,,
1727786795,0,19075435791,20870737,,
1727786819,0,43516926620,20870739,,
1727786843,0,30372322900,20870741,,
1727786855,0,17601346666,20870742,,
1727787095,0,16955902356,20870762,,
1727787359,0,18768626008,20870784,,
1727787851,0,15315854677,20870825,,
1727787887,0,19223776053,20870828,,
1727787995,0,31775087769,20870837,,
1727788031,0,51104872134,20870840,,
1727788619,0,18250927425,20870887,,
1727788691,0,17690733476,20870893,,
1727788835,0,21979416872,20870905,,
1727788847,0,25228803581,20870906,,
1727789255,0,18004188275,20870940,,
1727789939,0,38494905252,20870997,,
1727789975,0,31969826947,20871000,,
1727790119,0,32912576931,20871012,,
1727790179,0,73204751550,20871017,,
1727790203,0,36527081870,20871019,,
1727790455,0,32897237575,20871040,,
1727790695,0,32274626016,20871060,,
1727790851,0,30880568737,20871073,,
1727790863,0,29549034799,20871074,,
1727791067,0,24674732565,20871091,,
1727791139,0,31735486139,20871097,,
1727791151,0,30852648113,20871098,,
1727791355,0,32515553643,20871115,,
1727791691,0,30601284683,20871143,,
1727791739,0,48271914086,20871146,,
1727791835,0,30352885457,20871154,,
1727791847,0,30050120732,20871155,,
1727791931,0,27939604210,20871162,,
1727791979,0,1168973698464,20871166,,
1727792267,0,29055820223,20871190,,
1727793131,0,27004043119,20871261,,
1727793287,0,110227563503,20871274,,
1727793311,0,42300771293,20871276,,
1727793599,0,26117322075,20871300,,
1727793671,0,45044859780,20871305,,
1727793695,0,31443636956,20871307,,
1727794031,0,36590845372,20871335,,
1727794163,0,25219684091,20871345,,
1727794199,0,34520168820,20871348,,
1727794283,0,25805724422,20871355,,
1727794415,0,38085358548,20871365,,
1727794679,0,34179322210,20871387,,
1727794859,0,77161867106,20871402,,
1727794931,0,91678537855,20871408,,
1727794967,0,55652280755,20871411,,
1727795123,0,44782722736,20871424,,
1727795171,0,59128694787,20871428,,
1727795183,0,51590648937,20871429,,
1727795195,0,61151179324,20871430,,
1727795231,0,53247599831,20871433,,
1727795411,0,72186378733,20871448,,
1727795435,0,52870850393,20871450,,
1727795447,0,259024815648,20871451,,
1727795459,0,53585048454,20871452,,
1727795483,0,159444758375,20871454,,
1727795543,0,60774396811,20871459,,
1727795603,0,59195971007,20871464,,
1727795639,0,125584638285,20871467,,
1727795663,0,53808519218,20871469,,
1727795687,0,200545859158,20871471,,
1727795687,0,56710592733,20871471,,
1727795711,0,77370093810,20871473,,
1727795831,0,93010650631,20871483,,
1727795867,0,50051550747,20871486,,
1727795903,0,48708523096,20871489,,
1727796023,0,57074184099,20871499,,
1727796071,0,46213200130,20871503,,
1727796131,0,53566241911,20871508,,
1727796167,0,51227480350,20871511,,
1727796227,0,44895282044,20871516,,
1727796263,0,89296370788,20871519,,
1727796335,0,164509428421,20871525,,
1727796443,0,47883128835,20871534,,
1727796491,0,45663617842,20871538,,
1727796623,0,42833334031,20871549,,
1727796647,0,38553187649,20871551,,
1727796671,0,36197535839,20871553,,
1727796695,0,115352366489,20871555,,
1727796839,0,32538591199,20871567,,
1727796875,0,35485135138,20871570,,
1727796923,0,37680555945,20871574,,
1727796923,0,37580555945,20871574,,
1727797067,0,42041760357,20871586,,
1727797163,0,47751921954,20871594,,
1727797199,0,61772243461,20871597,,
1727797607,0,29404199966,20871631,,
1727798039,0,23973412009,20871667,,
1727798435,0,138931857530,20871700,,
1727798531,0,27412141697,20871708,,
1727798627,0,26609857126,20871715,,
1727798639,0,29023663872,20871716,,
1727798651,0,28236969028,20871717,,
1727798663,0,230219481527,20871718,,
1727798747,0,27690925137,20871725,,
1727798759,0,23565111808,20871726,,
1727798771,0,66149168784,20871727,,
1727798915,0,24579970591,20871739,,
1727799191,0,28000717745,20871762,,
1727799227,0,32644993332,20871765,,
1727799287,0,24531162526,20871770,,
1727799443,0,24422314355,20871783,,
1727799587,0,20889123167,20871795,,
1727799623,0,23001980407,20871798,,
1727799647,0,29147108408,20871800,,
1727799755,0,24967348991,20871808,,
1727800079,0,29212014509,20871835,,
1727800151,0,30539203651,20871841,,
1727800223,0,26414382173,20871847,,
1727800355,0,81429155842,20871858,,
1727800523,0,30218375929,20871872,,
1727800571,0,48846299009,20871876,,
1727800763,0,22628585166,20871892,,
1727801015,0,22272921191,20871913,,
1727801027,0,23144113696,20871914,,
1727801195,0,54014630564,20871928,,
1727801207,0,23414285750,20871929,,
1727801231,0,22891764304,20871931,,
1727801243,0,22866055899,20871932,,
1727801315,0,24120707494,20871937,,
1727801435,0,70293083471,20871947,,
1727801435,0,30328768117,20871947,,
1727801495,0,31686750437,20871952,,
1727801759,0,35557308805,20871974,,
1727801843,0,138504466091,20871981,,
1727801855,0,31100595259,20871982,,
1727801867,0,132504815677,20871983,,
1727801879,0,31767207903,20871984,,
1727801951,0,131521427281,20871990,,
1727802023,0,30443359626,20871996,,
1727802071,0,44395590116,20872000,,
1727802167,0,38412508043,20872008,,
1727802251,0,53402850179,20872015,,
1727802275,0,51350790941,20872017,,
1727802431,0,27233098959,20872030,,
1727802623,0,27719344157,20872046,,
1727802659,0,34644038530,20872049,,
1727802671,0,68600703439,20872050,,
1727802743,0,29073804901,20872056,,
1727802767,0,30261450309,20872058,,
1727802791,0,28231082868,20872060,,
1727802803,0,28200805503,20872061,,
1727802971,0,27962645324,20872075,,
1727802995,0,28414400778,20872077,,
1727803019,0,29499142173,20872079,,
1727803055,0,27434626626,20872082,,
1727803127,0,36761787558,20872088,,
1727803139,0,53795466816,20872089,,
1727803175,0,54548608699,20872092,,
1727803211,0,44068200178,20872095,,
1727803235,0,105419711636,20872097,,
1727803259,0,42881756122,20872099,,
1727803271,0,57112352301,20872100,,
1727803295,0,95748640705,20872102,,
1727803319,0,78295864308,20872104,,
1727803331,0,73374719066,20872105,,
1727803331,0,73374719066,20872105,,
1727803343,0,88576909915,20872106,,
1727803391,0,73137936579,20872110,,
1727803403,0,76659726916,20872111,,
1727803427,0,71816395668,20872113,,
1727803439,0,75613392314,20872114,,
1727803475,0,266698272179,20872117,,
1727803523,0,71872694931,20872121,,
1727803571,0,63843929716,20872125,,
1727803727,0,80370366080,20872138,,
1727803847,0,65016305363,20872148,,
1727803871,0,54960568075,20872150,,
1727803907,0,63234480350,20872153,,
1727803967,0,77805714079,20872158,,
1727803991,0,54552851496,20872160,,
1727804123,0,53964958716,20872171,,
1727804171,0,48104416369,20872175,,
1727804183,0,162308414558,20872176,,
1727804195,0,51187922920,20872177,,
1727804219,0,45442650711,20872179,,
1727804231,0,55679328556,20872180,,
1727804243,0,48487915195,20872181,,
1727804423,0,44824277565,20872196,,
1727804531,0,39259890847,20872205,,
1727804651,0,144937441094,20872215,,
1727804663,0,50812082237,20872216,,
1727804675,0,102420070702,20872217,,
1727804723,0,42132388533,20872221,,
1727804927,0,37866945662,20872238,,
1727805119,0,36939533030,20872254,,
1727805143,0,38181685472,20872256,,
1727805167,0,42141485891,20872258,,
1727805179,0,120764825092,20872259,,
1727805299,0,32644796501,20872269,,
1727805311,0,129726796325,20872270,,
1727805443,0,32252217059,20872281,,
1727805443,0,36357318041,20872281,,
1727805467,0,34525608176,20872283,,
1727805575,0,30359935483,20872292,,
1727806067,0,29230817212,20872333,,
1727806163,0,84883878853,20872341,,
1727806187,0,48839878285,20872343,,
1727806199,0,24274696264,20872344,,
1727806235,0,32960525690,20872347,,
1727806511,0,46179608811,20872370,,
1727806655,0,50435673701,20872382,,
1727806679,0,25759026871,20872384,,
1727806823,0,25002994858,20872396,,
1727806823,0,44634317713,20872396,,
1727807459,0,42438045333,20872449,,
1727807507,0,21278042220,20872453,,
1727807615,0,52046125944,20872462,,
1727807675,0,20968758565,20872467,,
1727807723,0,90330147210,20872471,,
1727807735,0,115095819869,20872472,,
1727807747,0,36914313568,20872473,,
1727807963,0,26769719382,20872491,,
1727808287,0,23284568635,20872517,,
1727808383,0,56638945831,20872525,,
1727808395,0,67229162421,20872526,,
1727808419,0,21224863241,20872528,,
1727808587,0,19598852597,20872542,,
1727808743,0,19159812931,20872555,,
1727808791,0,21212758650,20872559,,
1727808803,0,69190535968,20872560,,
1727808803,0,18287987414,20872560,,
1727808851,0,19499482574,20872564,,
1727808875,0,20326873559,20872566,,
1727808935,0,17994927342,20872571,,
1727809067,0,34571002229,20872582,,
1727809223,0,21490252989,20872595,,
1727809475,0,199608810504,20872616,,
1727809523,0,18498775260,20872620,,
1727809523,0,21269871267,20872620,,
1727809535,0,30060509797,20872621,,
1727809823,0,43831538473,20872645,,
1727809883,0,23036057699,20872650,,
1727810051,0,19003361250,20872664,,
1727810063,0,21319611367,20872665,,
1727810159,0,22935786812,20872672,,
1727810183,0,22473947262,20872674,,
1727810315,0,34557279229,20872685,,
1727810327,0,20907273496,20872686,,
1727810351,0,36352289970,20872688,,
1727810375,0,23682217356,20872690,,
1727811023,0,187572263614,20872744,,
1727811179,0,57443876350,20872757,,
1727811383,0,15044791056,20872774,,
1727811443,0,65214254891,20872779,,
1727811815,0,18736216693,20872810,,
1727812115,0,43113128386,20872835,,
1727812139,0,59918563346,20872837,,
1727812187,0,127932719533,20872841,,
1727812199,0,57262709958,20872842,,
1727812247,0,19490846853,20872846,,
1727812295,0,34688844444,20872850,,
1727812307,0,37044212786,20872851,,
1727812319,0,23724648482,20872852,,
1727812655,0,18515416120,20872880,,
1727812667,0,16189896980,20872881,,
1727812715,0,18135857024,20872885,,
1727812787,0,17170716848,20872891,,
1727812907,0,17115745016,20872900,,
1727812955,0,16112385266,20872904,,
1727812955,0,16137385266,20872904,,
1727812955,0,71633594998,20872904,,
1727812955,0,17321715242,20872904,,
1727812967,0,61999662107,20872905,,
1727812991,0,21124919739,20872907,,
1727813351,0,30233277278,20872936,,
1727813351,0,18110532611,20872936,,
1727813411,0,183646400388,20872941,,
1727813435,0,96784544429,20872943,,
1727813471,0,38586155387,20872946,,
1727813555,0,17931963623,20872953,,
1727813723,0,17079020278,20872967,,
1727813723,0,239664887932,20872967,,
1727813747,0,24481832922,20872969,,
1727813795,0,49963194118,20872973,,
1727813879,0,15439952020,20872980,,
1727813939,0,13732494202,20872985,,
1727813987,0,27939393628,20872989,,
1727813987,0,14269307819,20872989,,
1727813999,0,26639308899,20872990,,
1727814095,0,38206442846,20872998,,
1727814119,0,17871896791,20873000,,
1727814143,0,19137928623,20873002,,
1727814143,0,18236931511,20873002,,
1727814191,0,33448256309,20873006,,
1727814203,0,16780959074,20873007,,
1727814227,0,32366264087,20873009,,
1727814239,0,26873360710,20873010,,
1727814347,0,15860276076,20873019,,
1727814359,0,29334528122,20873020,,
1727814383,0,16070236490,20873022,,
1727814467,0,53351826641,20873029,,
1727814479,0,18290698764,20873030,,
1727814491,0,45299343942,20873031,,
1727814491,0,16654429048,20873031,,
1727814527,0,23965589028,20873034,,
1727814551,0,16544975721,20873036,,
1727814563,0,78913284905,20873037,,
1727814635,0,21205485522,20873043,,
1727814647,0,18510560543,20873044,,
1727814671,0,20213697263,20873046,,
1727814671,0,70380423399,20873046,,
1727814755,0,20131388936,20873053,,
1727814779,0,36150517550,20873055,,
1727814803,0,20223878956,20873057,,
1727814827,0,18567516512,20873059,,
1727814863,0,96600435836,20873062,,
1727814947,0,18165403990,20873069,,
1727814959,0,16868264006,20873070,,
1727814983,0,26253796719,20873072,,
1727815007,0,18816873627,20873074,,
1727815019,0,37645191551,20873075,,
1727815067,0,22431948273,20873079,,
1727815163,0,22680979118,20873087,,
1727815187,0,22938240834,20873089,,
1727815211,0,22386000067,20873091,,
1727815307,0,30301858372,20873099,,
1727815319,0,46000390591,20873100,,
1727815343,0,78815478933,20873102,,
1727815355,0,26496528754,20873103,,
1727815379,0,29685804229,20873105,,
1727815415,0,27195402408,20873108,,
1727815451,0,25848281377,20873111,,
1727815475,0,29936581914,20873113,,
1727815487,0,30001280299,20873114,,
1727815535,0,27424281803,20873118,,
1727815535,0,25565689398,20873118,,
1727815547,0,25326019320,20873119,,
1727815571,0,34692123924,20873121,,
1727815607,0,26862656043,20873124,,
1727815631,0,25129024203,20873126,,
1727815667,0,26211039307,20873128,,
1727815679,0,26139848628,20873129,,
1727815691,0,25447448258,20873130,,
1727815751,0,46072731049,20873135,,
1727815775,0,30931056125,20873137,,
1727815811,0,23496174436,20873140,,
1727815895,0,25577232597,20873147,,
1727815919,0,155921218125,20873149,,
1727815991,0,22686286812,20873155,,
1727816003,0,24603923581,20873156,,
1727816015,0,25850506275,20873157,,
1727816027,0,24256101782,20873158,,
1727816039,0,28321895213,20873159,,
1727816051,0,31603081617,20873160,,
1727816339,0,44064044643,20873184,,
1727816375,0,16261437496,20873187,,
1727816471,0,22825353059,20873195,,
1727816483,0,22779492757,20873196,,
1727816531,0,18837795532,20873200,,
1727816867,0,16643373965,20873228,,
1727816927,0,30084768722,20873233,,
1727816975,0,48672319068,20873237,,
1727816999,0,14604801597,20873239,,
1727817023,0,40377055478,20873241,,
1727817203,0,13825330818,20873255,,
1727817287,0,66965327923,20873262,,
1727817287,0,14050156318,20873262,,
1727817311,0,30089472445,20873264,,
1727817359,0,13036594730,20873268,,
1727817383,0,30978940482,20873270,,
1727817503,0,13733268389,20873280,,
1727817575,0,23903672839,20873286,,
1727817647,0,27182990730,20873292,,
1727817707,0,13232157614,20873297,,
1727817947,0,12500919423,20873317,,
1727818067,0,11209955133,20873327,,
1727818139,0,24656076903,20873333,,
1727818151,0,35697492368,20873334,,
1727818175,0,12053493142,20873336,,
1727818187,0,47759425596,20873337,,
1727818307,0,11165791744,20873347,,
1727818415,0,20359978080,20873356,,
1727818607,0,29054798045,20873372,,
1727818667,0,10187554993,20873377,,
1727818703,0,10667485426,20873380,,
1727818907,0,10605957217,20873397,,
1727818979,0,9580894665,20873403,,
1727819015,0,9124154988,20873406,,
1727819459,0,16610227858,20873443,,
1727819483,0,13080998328,20873445,,
1727819507,0,8656843092,20873447,,
1727819699,0,10786179471,20873463,,
1727819711,0,10917828062,20873464,,
1727819747,0,10000337267,20873467,,
1727819831,0,17433035402,20873474,,
1727819891,0,13448508023,20873479,,
1727820011,0,28670671696,20873489,,
1727820059,0,10105201123,20873493,,
1727820083,0,9475071900,20873495,,
1727820107,0,9414346175,20873497,,
1727820131,0,28959360913,20873499,,
1727820155,0,10251052279,20873501,,
1727820215,0,9971345943,20873506,,
1727820251,0,27563368848,20873509,,
1727820287,0,10206947548,20873512,,
1727820311,0,10823321881,20873514,,
1727820419,0,9971867138,20873523,,
1727820695,0,8511761963,20873546,,
1727821043,0,51058197687,20873575,,
1727821055,0,11565271262,20873576,,
1727821103,0,6739272884,20873580,,
1727821115,0,7579239197,20873581,,
1727821235,0,7037027687,20873591,,
1727821259,0,8404334284,20873593,,
1727821295,0,8223117032,20873596,,
1727821415,0,19248211740,20873606,,
1727821451,0,9416943531,20873609,,
1727821463,0,6834735045,20873610,,
1727821547,0,7203596870,20873617,,
1727821583,0,10131823116,20873620,,
1727821691,0,7249112707,20873629,,
1727821763,0,7012227010,20873635,,
1727821811,0,17256643694,20873639,,
1727821823,0,7224245120,20873640,,
1727821823,0,57366060067,20873640,,
1727821835,0,11737697121,20873641,,
1727821859,0,8200000000,20873643,,
1727822027,0,19039534064,20873657,,
1727822063,0,9008619357,20873660,,
1727822291,0,17913864434,20873679,,
1727822435,0,22131424603,20873691,,
1727822459,0,47198083315,20873693,,
1727822483,0,6734762842,20873695,,
1727822495,0,7638839616,20873696,,
1727822531,0,8968606934,20873699,,
1727822687,0,7661852949,20873712,,
1727822975,0,9172593714,20873736,,
1727823023,0,6142487513,20873740,,
1727823035,0,22611320470,20873741,,
1727823071,0,12061508859,20873744,,
1727823095,0,15190403145,20873746,,
1727823107,0,11325759115,20873747,,
1727823131,0,6924923298,20873749,,
1727823179,0,8099197773,20873753,,
1727823287,0,7198134259,20873762,,
1727823659,0,6889246775,20873792,,
1727823659,0,26135192419,20873792,,
1727823767,0,8961732396,20873801,,
1727823875,0,12724477102,20873810,,
1727823911,0,15150680993,20873813,,
1727823959,0,7432914103,20873817,,
1727824103,0,19634534987,20873829,,
1727824127,0,9292334127,20873831,,
1727824475,0,6535574405,20873859,,
1727824511,0,9871215475,20873862,,
1727824535,0,5993124004,20873864,,
1727824667,0,7918112270,20873875,,
1727824751,0,17526390560,20873882,,
1727824763,0,17482622771,20873883,,
1727824823,0,10776834572,20873888,,
1727824931,0,13120329581,20873897,,
1727825279,0,8676794004,20873925,,
1727825363,0,8469725304,20873932,,
1727825399,0,6993090909,20873935,,
1727825447,0,7000000000,20873939,,
1727825747,0,12647087351,20873964,,
1727825831,0,7460512365,20873971,,
1727825891,0,9994199861,20873976,,
1727825915,0,29196387396,20873978,,
1727825939,0,6738085308,20873980,,
1727826071,0,6227247790,20873991,,
1727826443,0,16205669355,20874022,,
1727826503,0,7917953813,20874027,,
1727826719,0,5731742730,20874045,,
1727826971,0,8363017262,20874066,,
1727827079,0,6360318773,20874075,,
1727827163,0,7064970096,20874082,,
1727827307,0,52911851354,20874094,,
1727827559,0,7222760286,20874115,,
1727827571,0,15095147006,20874116,,
1727828327,0,5419934916,20874179,,
1727828387,0,53300688493,20874184,,
1727828459,0,5376360445,20874190,,
1727828483,0,30334620659,20874192,,
1727828531,0,14804481306,20874196,,
1727828543,0,42589466696,20874197,,
1727828627,0,19804012075,20874204,,
1727828807,0,12797163709,20874219,,
1727828819,0,12138032107,20874220,,
1727828855,0,25230081945,20874223,,
1727828939,0,9443975253,20874230,,
1727828951,0,7655394635,20874231,,
1727828987,0,20538009697,20874234,,
1727829047,0,13438861433,20874239,,
1727829059,0,8440401320,20874240,,
1727829071,0,8168523801,20874241,,
1727829083,0,8279314273,20874242,,
1727829083,0,11742170198,20874242,,
1727829095,0,5767505609,20874243,,
1727829107,0,5455080459,20874244,,
1727829167,0,8840400512,20874248,,
1727829179,0,55983984666,20874249,,
1727829191,0,7848152736,20874250,,
1727829215,0,8263623055,20874252,,
1727829335,0,24069698529,20874262,,
1727829371,0,10103546652,20874265,,
1727829383,0,35754163394,20874266,,
1727829395,0,15162936492,20874267,,
1727829419,0,29846218512,20874269,,
1727829419,0,6643727527,20874269,,
1727829479,0,5446881540,20874274,,
1727829563,0,7554785030,20874281,,
1727829623,0,13280903887,20874286,,
1727829647,0,10451344394,20874288,,
1727829671,0,5378989250,20874290,,
1727829995,0,9466747711,20874317,,
1727830007,0,8478438657,20874318,,
1727830019,0,9781837673,20874319,,
1727830031,0,20876832061,20874320,,
1727830043,0,13424330210,20874321,,
1727830067,0,5255510971,20874323,,
1727830223,0,23455214530,20874336,,
1727830355,0,5008095751,20874347,,
1727830355,0,7984883040,20874347,,
1727830427,0,6566213935,20874353,,
1727830499,0,8140406791,20874359,,
1727830511,0,11755766144,20874360,,
1727830523,0,5167329013,20874361,,
1727830967,0,9964672389,20874398,,
1727831087,0,5214160727,20874408,,
1727831123,0,34353288886,20874411,,
1727831135,0,54144245478,20874412,,
1727831471,0,5395260056,20874440,,
1727831519,0,5172060047,20874444,,
1727832203,0,26437641370,20874501,,
1727832239,0,8907243414,20874504,,
1727832443,0,7077641421,20874521,,
1727832503,0,7348923937,20874526,,
1727832815,0,50054786714,20874552,,
1727832827,0,6375817115,20874553,,
1727833103,0,7330061611,20874576,,
1727833163,0,8035865359,20874581,,
1727833307,0,9101428185,20874593,,
1727833331,0,11740661111,20874595,,
1727833355,0,12162030153,20874597,,
1727833367,0,11631362259,20874598,,
1727833439,0,7022779442,20874604,,
1727833439,0,15620445906,20874604,,
1727833535,0,5916606043,20874612,,
1727833775,0,12726634666,20874632,,
1727833823,0,12594678766,20874636,,
1727833847,0,5337807100,20874638,,
1727834015,0,5509774458,20874652,,
1727834207,0,5127967395,20874668,,
1727834243,0,5933742549,20874671,,
1727834483,0,42102503107,20874691,,
1727834543,0,5449423023,20874696,,
1727834555,0,5258726141,20874697,,
1727834615,0,5950446512,20874702,,
1727834783,0,6817179103,20874716,,
1727834963,0,60000000000,20874731,,
1727835023,0,5116150620,20874736,,
1727835023,0,5116150620,20874736,,
1727835023,0,5179150620,20874736,,
1727835311,0,12186917259,20874760,,
1727835323,0,8081950683,20874761,,
1727835503,0,7267613006,20874776,,
1727835659,0,5129183862,20874789,,
1727835707,0,5309687857,20874793,,
1727836007,0,8032968539,20874818,,
1727836019,0,90110702326,20874819,,
1727836031,0,24338583690,20874820,,
1727836091,0,6171775724,20874825,,
1727836223,0,13568692972,20874836,,
1727836223,0,6145932279,20874836,,
1727836343,0,10130826209,20874846,,
1727836439,0,8963960321,20874854,,
1727836451,0,13748935017,20874855,,
1727836487,0,14802017052,20874858,,
1727836511,0,38645958493,20874860,,
1727836547,0,6575630124,20874863,,
1727836547,0,13257574535,20874863,,
1727836547,0,5490874990,20874863,,
1727836559,0,5254032346,20874864,,
1727836631,0,5440438200,20874870,,
1727836727,0,5078126366,20874878,,
1727836787,0,7342983685,20874883,,
1727836979,0,7397145842,20874899,,
1727837399,0,7924776120,20874934,,
1727837435,0,5451424661,20874937,,
1727837663,0,25786772170,20874956,,
1727837675,0,8135757253,20874957,,
1727837687,0,8041581103,20874958,,
1727837807,0,5298723652,20874968,,
1727838191,0,5526533794,20875000,,
1727838227,0,7021628820,20875003,,
1727838323,0,7323214430,20875011,,
1727838479,0,6594438724,20875024,,
1727838515,0,5111402509,20875027,,
1727838551,0,5323790284,20875029,,
1727838587,0,168024708675,20875032,,
1727838695,0,6840916443,20875041,,
1727838719,0,6498271288,20875043,,
1727839127,0,4611988302,20875077,,
1727839367,0,11442440522,20875097,,
1727839379,0,4905267017,20875098,,
1727839379,0,5038808623,20875098,,
1727839439,0,6898199933,20875103,,
1727839463,0,5619147713,20875105,,
1727839511,0,5160068834,20875109,,
1727839523,0,5742836333,20875110,,
1727839607,0,5258489382,20875117,,
1727839631,0,93434585967,20875119,,
1727839955,0,5159388316,20875146,,
1727839967,0,4917727314,20875147,,
1727839979,0,5917411747,20875148,,
1727840159,0,243984691468,20875163,,
1727840399,0,6100000000,20875183,,
1727840579,0,7123407946,20875198,,
1727840879,0,5640603710,20875223,,
1727841011,0,10140596500,20875234,,
1727841131,0,5389280805,20875244,,
1727841143,0,7375176253,20875245,,
1727841275,0,6686217267,20875256,,
1727841323,0,5253490829,20875260,,
1727841683,0,12320210415,20875290,,
1727841695,0,6070297184,20875291,,
1727841731,0,4978809499,20875294,,
1727842019,0,5850125755,20875318,,
1727842055,0,8614424858,20875321,,
1727842151,0,4751132939,20875329,,
1727842283,0,84356151672,20875340,,
1727842631,0,5095894463,20875369,,
1727842955,0,7040474747,20875394,,
1727843051,0,11246768108,20875402,,
1727843315,0,7664241217,20875423,,
1727843375,0,22468132247,20875428,,
1727843387,0,5134991620,20875429,,
1727843711,0,4961290153,20875456,,
1727843819,0,7057386261,20875465,,
1727843855,0,6955825767,20875468,,
1727843915,0,5800000000,20875472,,
1727843915,0,4957464935,20875472,,
1727844203,0,4949015690,20875496,,
1727844563,0,12569719481,20875526,,
1727844911,0,20430157182,20875555,,
1727845127,0,4875445081,20875573,,
1727845235,0,5200629070,20875582,,
1727845271,0,5053379592,20875585,,
1727845535,0,6402529547,20875607,,
1727845655,0,10111769714,20875617,,
1727845679,0,8579485834,20875619,,
1727845727,0,51770738346,20875623,,
1727845739,0,13324414755,20875624,,
1727845799,0,22168136838,20875629,,
1727845823,0,8442390062,20875631,,
1727845967,0,7258290432,20875643,,
1727845991,0,14048083966,20875645,,
1727846387,0,12609293762,20875678,,
1727846579,0,5190785796,20875694,,
1727846699,0,5846756841,20875704,,
1727846735,0,7796380793,20875707,,
1727846795,0,31384775250,20875712,,
1727846807,0,33741603202,20875713,,
1727846927,0,5993133104,20875723,,
1727847167,0,5663558695,20875743,,
1727848415,0,7515167407,20875847,,
1727848475,0,9781533798,20875852,,
1727849027,0,8094199831,20875897,,
1727849051,0,11468874646,20875899,,
1727849087,0,5402808059,20875902,,
1727849351,0,7364608096,20875924,,
1727849363,0,35454884121,20875925,,
1727849519,0,8923125840,20875938,,
1727849555,0,8750415927,20875941,,
1727849675,0,8507199471,20875951,,
1727849735,0,31795471136,20875956,,
1727849819,0,4941559463,20875963,,
1727849855,0,41261574552,20875966,,
1727849867,0,5059215735,20875967,,
1727849891,0,4881453588,20875969,,
1727850059,0,4920623800,20875983,,
1727850611,0,4925866899,20876029,,
1727850647,0,5092421882,20876032,,
1727850671,0,12488208560,20876034,,
1727850875,0,21402612437,20876051,,
1727850959,0,19558776511,20876058,,
1727850971,0,8980531729,20876059,,
1727850983,0,5938866089,20876060,,
1727850995,0,35250872936,20876061,,
1727851127,0,8511389782,20876072,,
1727851271,0,6516276250,20876084,,
1727851283,0,17111134842,20876085,,
1727851547,0,11641825667,20876107,,
1727851571,0,31985487249,20876109,,
1727851679,0,47112082740,20876118,,
1727851691,0,9011244379,20876119,,
1727852003,0,5806235280,20876145,,
1727852315,0,5129692016,20876171,,
1727852687,0,7587353526,20876201,,
1727852795,0,19354862922,20876210,,
1727852807,0,5782920575,20876211,,
1727852807,0,8902125903,20876211,,
1727853287,0,6401791444,20876251,,
1727853443,0,22299475413,20876264,,
1727854235,0,5048603617,20876330,,
1727854547,0,15067240315,20876356,,
1727854571,0,18731605960,20876358,,
1727854607,0,6337736304,20876361,,
1727854727,0,6410551601,20876371,,
1727855375,0,13231926007,20876425,,
1727855387,0,25634060529,20876426,,
1727855399,0,19450708310,20876427,,
1727855459,0,5758815743,20876432,,
1727855567,0,22956667883,20876441,,
1727855651,0,6203455502,20876448,,
1727855651,0,14234109176,20876448,,
1727855663,0,7892064833,20876449,,
1727855675,0,21074597775,20876450,,
1727855699,0,7315494190,20876452,,
1727855723,0,32580972487,20876454,,
1727855759,0,9855281826,20876457,,
1727855783,0,8120419740,20876459,,
1727855879,0,12185605631,20876467,,
1727856071,0,39456795419,20876483,,
1727856083,0,13032091027,20876484,,
1727856443,0,6455040607,20876514,,
1727856455,0,6687013096,20876515,,
1727856551,0,43166840909,20876523,,
1727856563,0,13021919222,20876524,,
1727857391,0,6584876691,20876592,,
1727857391,0,15146748768,20876592,,
1727857511,0,5635859507,20876602,,
1727857583,0,21522380042,20876608,,
1727857931,0,29354162570,20876637,,
1727858147,0,7531532210,20876655,,
1727858147,0,7111532210,20876655,,
1727858387,0,9152164704,20876675,,
1727858495,0,10936634229,20876684,,
1727858927,0,7116875256,20876720,,
1727859047,0,7037790892,20876730,,
1727859299,0,76081589232,20876751,,
1727859539,0,9204586410,20876771,,
1727860427,0,9000000000,20876845,,
1727860535,0,19379941777,20876854,,
1727860583,0,12639123137,20876858,,
1727860595,0,7078592980,20876859,,
1727860607,0,6354285031,20876860,,
1727860619,0,10656843199,20876861,,
1727860655,0,6821917574,20876864,,
1727860667,0,9689478883,20876865,,
1727860943,0,9693172238,20876888,,
1727861003,0,32966936606,20876893,,
1727861207,0,6542315478,20876910,,
1727861351,0,5443949069,20876922,,
1727861363,0,31168234190,20876923,,
1727861423,0,6523379327,20876928,,
1727861747,0,21212714735,20876955,,
1727862095,0,8459147902,20876984,,
1727862179,0,6441233114,20876991,,
1727862203,0,6276653004,20876993,,
1727862311,0,8734755047,20877002,,
1727862371,0,46783451461,20877007,,
1727862407,0,6773214120,20877010,,
1727862419,0,7818509595,20877011,,
1727862587,0,21605923839,20877025,,
1727862611,0,10619444853,20877027,,
1727862707,0,27624597859,20877035,,
1727862743,0,9076965296,20877038,,
1727862743,0,7210114532,20877038,,
1727862755,0,9174982629,20877039,,
1727862839,0,7318727003,20877046,,
1727863055,0,9536403870,20877064,,
1727863211,0,7949822168,20877077,,
1727863235,0,9783563596,20877079,,
1727863367,0,11524680164,20877090,,
1727863403,0,8981902212,20877093,,
1727863439,0,7527102151,20877096,,
1727863715,0,8805634052,20877119,,
1727863739,0,36790979838,20877121,,
1727863751,0,7033231299,20877122,,
1727864063,0,15414818327,20877148,,
1727864363,0,19132600661,20877173,,
1727864567,0,7453628983,20877190,,
1727864675,0,5176825101,20877199,,
1727864687,0,5191454096,20877200,,
1727864855,0,13756020023,20877214,,
1727864939,0,6592037448,20877221,,
1727865203,0,8105270013,20877243,,
1727865239,0,6601804253,20877246,,
1727865287,0,5643880795,20877250,,
1727865419,0,9834438132,20877261,,
1727865431,0,8543030456,20877262,,
1727865443,0,16820294374,20877263,,
1727865467,0,7455428100,20877265,,
1727865527,0,5492999667,20877270,,
1727866091,0,5481987751,20877317,,
1727866163,0,6730166918,20877323,,
1727866199,0,6836346445,20877326,,
1727866295,0,5281227572,20877334,,
1727866319,0,45700960148,20877336,,
1727866415,0,5745990738,20877344,,
1727866475,0,5718314086,20877349,,
1727866655,0,7121572368,20877364,,
1727866739,0,18330737933,20877371,,
1727866751,0,16795188996,20877372,,
1727866799,0,19569325028,20877376,,
1727866871,0,30506589496,20877382,,
1727866979,0,8217259502,20877391,,
1727867219,0,5933039184,20877411,,
1727867231,0,6395008259,20877412,,
1727867243,0,6279796643,20877413,,
1727867267,0,11312698409,20877415,,
1727867303,0,6599466569,20877418,,
1727867327,0,6555787540,20877420,,
1727867519,0,7097526908,20877436,,
1727867579,0,7521231747,20877441,,
1727867591,0,26660023825,20877442,,
1727867651,0,10744545800,20877447,,
1727867771,0,7131938584,20877457,,
1727867795,0,25229758173,20877459,,
1727867867,0,9721187385,20877465,,
1727867915,0,10205094859,20877469,,
1727868131,0,5848962839,20877487,,
1727868131,0,7076504977,20877487,,
1727868155,0,7634442947,20877489,,
1727868179,0,5459348024,20877491,,
1727868299,0,5470466083,20877501,,
1727868503,0,5453802534,20877518,,
1727868743,0,13134465100,20877537,,
1727868755,0,5583444158,20877538,,
1727868767,0,6909581433,20877539,,
1727868779,0,6066086010,20877540,,
1727868935,0,9650245706,20877553,,
1727868971,0,8078921803,20877556,,
1727869031,0,7555120645,20877561,,
1727869067,0,5371903635,20877564,,
1727869199,0,7359390420,20877575,,
1727869427,0,7281777509,20877594,,
1727869763,0,6441874481,20877622,,
1727869895,0,5853732674,20877633,,
1727869907,0,6629895007,20877634,,
1727870483,0,6274417308,20877682,,
1727870735,0,52683220698,20877703,,
1727870759,0,6781491430,20877705,,
1727870771,0,8781861247,20877706,,
1727870783,0,21861158573,20877707,,
1727870831,0,10213521810,20877711,,
1727870903,0,9267314759,20877717,,
1727871167,0,10641127316,20877739,,
1727871215,0,13326425015,20877743,,
1727871263,0,60923336784,20877747,,
1727871335,0,12641907725,20877753,,
1727871371,0,19185225462,20877756,,
1727871515,0,9739734307,20877768,,
1727871515,0,7340734307,20877768,,
1727871695,0,15226398683,20877783,,
1727871707,0,23863069942,20877784,,
1727871731,0,7945679687,20877786,,
1727871743,0,17198259833,20877787,,
1727871743,0,8451033334,20877787,,
1727871755,0,7806374219,20877788,,
1727871815,0,29471022316,20877793,,
1727871863,0,7289793695,20877797,,
1727872187,0,8340700828,20877824,,
1727872247,0,8958072635,20877829,,
1727872283,0,14238085099,20877832,,
1727872391,0,10718266129,20877841,,
1727872415,0,10879935807,20877843,,
1727872619,0,8380341144,20877859,,
1727872823,0,20242190864,20877875,,
1727872931,0,10964281199,20877884,,
1727873279,0,9143899604,20877913,,
1727873327,0,13341260188,20877917,,
1727873339,0,10536353072,20877918,,
1727873459,0,9357497114,20877928,,
1727873471,0,44072716311,20877929,,
1727873495,0,8361670142,20877931,,
1727873519,0,15763844186,20877933,,
1727873627,0,11267505094,20877942,,
1727873687,0,18858092085,20877947,,
1727873735,0,9197335467,20877950,,
1727873759,0,10571542645,20877952,,
1727873951,0,11898987699,20877968,,
1727873951,0,72735881842,20877968,,
1727873987,0,22854810906,20877971,,
1727874167,0,12800000000,20877986,,
1727874203,0,12382565591,20877989,,
1727874371,0,12359442300,20878003,,
1727874371,0,108355125380,20878003,,
1727874383,0,14957414377,20878004,,
1727874419,0,74697086692,20878007,,
1727874467,0,39704171239,20878011,,
1727874479,0,13048192825,20878012,,
1727874491,0,15295220476,20878013,,
1727874875,0,11688604787,20878044,,
1727875091,0,11737538441,20878062,,
1727875211,0,7709843987,20878072,,
1727875235,0,8300971373,20878074,,
1727875403,0,14590324849,20878088,,
1727875415,0,10490116280,20878089,,
1727875427,0,10029991903,20878090,,
1727875427,0,13752470318,20878090,,
1727875895,0,33622978895,20878129,,
1727875907,0,15293881557,20878130,,
1727876051,0,8500907794,20878142,,
1727876063,0,8633349513,20878143,,
1727876111,0,11058416443,20878147,,
1727876147,0,19292556845,20878150,,
1727876159,0,13903155778,20878151,,
1727876195,0,11091230343,20878154,,
1727876255,0,14343626532,20878159,,
1727876267,0,21081195015,20878160,,
1727876447,0,16136443744,20878175,,
1727876555,0,12587853308,20878184,,
1727876603,0,10771419851,20878188,,
1727876651,0,10600000000,20878192,,
1727876711,0,22938031189,20878197,,
1727876795,0,21864482452,20878204,,
1727876795,0,11092585118,20878204,,
1727876807,0,12425695602,20878205,,
1727876843,0,52303932665,20878208,,
1727876867,0,19813812468,20878210,,
1727876879,0,10676027690,20878211,,
1727876903,0,33573392750,20878213,,
1727877035,0,28411906957,20878224,,
1727877047,0,15967513171,20878225,,
1727877227,0,17302009554,20878240,,
1727877239,0,38960250726,20878241,,
1727877287,0,29909092716,20878245,,
1727877443,0,13969970413,20878258,,
1727877467,0,65767072304,20878260,,
1727877479,0,15047270267,20878261,,
1727878007,0,17302960530,20878305,,
1727878043,0,61177705142,20878308,,
1727878055,0,15435829242,20878309,,
1727878139,0,15831040865,20878316,,
1727878211,0,14187122844,20878322,,
1727878235,0,17848422205,20878324,,
1727878247,0,14726446454,20878325,,
1727878499,0,18459172857,20878346,,
1727878571,0,23219110165,20878352,,
1727878703,0,44747829354,20878363,,
1727878775,0,22285872336,20878369,,
1727878799,0,14541031185,20878371,,
1727878823,0,171552079588,20878373,,
1727879351,0,15347093728,20878416,,
1727879579,0,10424694156,20878435,,
1727879687,0,18780301068,20878444,,
1727879699,0,12422062726,20878445,,
1727879783,0,9490719601,20878452,,
1727879867,0,9282560406,20878459,,
1727879915,0,11334072694,20878463,,
1727879939,0,15018013197,20878465,,
1727880083,0,11557160247,20878477,,
1727880287,0,8594929562,20878494,,
1727880395,0,67994429614,20878503,,
1727880647,0,13953770345,20878524,,
1727881067,0,31548005440,20878559,,
1727881115,0,26873165800,20878563,,
1727881199,0,26872385723,20878570,,
1727881403,0,16055480934,20878587,,
1727881523,0,62303074919,20878597,,
1727882303,0,42083269497,20878662,,
1727882315,0,36745043449,20878663,,
1727882327,0,25845141808,20878664,,
1727882351,0,41318900996,20878666,,
1727882375,0,56570240604,20878668,,
1727882555,0,14267488964,20878683,,
1727882999,0,16574226436,20878720,,
1727883071,0,16906903893,20878726,,
1727883107,0,17901657585,20878729,,
1727883155,0,14943595708,20878733,,
1727883179,0,14250518759,20878735,,
1727883215,0,13111877226,20878738,,
1727883263,0,13551284105,20878742,,
1727883611,0,13809941665,20878771,,
1727883635,0,54031462432,20878773,,
1727883671,0,11094655760,20878776,,
1727883743,0,51999612857,20878782,,
1727883983,0,26700000080,20878802,,
1727884007,0,12508845347,20878803,,
1727884523,0,15783021736,20878846,,
1727884583,0,15727783630,20878851,,
1727884727,0,14858928508,20878863,,
1727884751,0,13856082971,20878865,,
1727884787,0,12892144801,20878868,,
1727884895,0,12881215275,20878877,,
1727884955,0,13949609392,20878882,,
1727885015,0,15254104060,20878887,,
1727885051,0,13890912328,20878890,,
1727885063,0,15054475738,20878891,,
1727885159,0,16740588885,20878899,,
1727885243,0,29482520462,20878906,,
1727885267,0,20308357812,20878908,,
1727885303,0,30792878032,20878911,,
1727885303,0,17915054500,20878911,,
1727885507,0,28862868609,20878928,,
1727885519,0,23419286879,20878929,,
1727886203,0,64352648444,20878986,,
1727886215,0,38278644703,20878987,,
1727886623,0,98230326283,20879020,,
1727887103,0,34953420010,20879060,,
1727887247,0,82298950207,20879072,,
1727887319,0,43214973844,20879078,,
1727887355,0,71180337714,20879081,,
1727887919,0,24172852604,20879128,,
1727888207,0,44811368331,20879152,,
1727888207,0,22726500565,20879152,,
1727888291,0,26272939123,20879159,,
1727888459,0,28905126863,20879173,,
1727888543,0,27283298915,20879180,,
1727888639,0,41118471135,20879188,,
1727889131,0,67023348936,20879229,,
1727889167,0,45932793680,20879232,,
1727889659,0,49944785118,20879273,,
1727889707,0,45534832836,20879277,,
1727889719,0,43610742876,20879278,,
1727889755,0,47232692644,20879281,,
1727890019,0,50915245480,20879303,,
1727890043,0,66857298919,20879305,,
1727890067,0,54174919721,20879307,,
1727890475,0,58307721191,20879340,,
1727890487,0,41885359952,20879341,,
1727890679,0,36803958188,20879357,,
1727890907,0,29351508462,20879376,,
1727891207,0,39107810580,20879400,,
1727891243,0,28377706134,20879403,,
1727891351,0,25754603755,20879412,,
1727892275,0,82159898936,20879489,,
1727892359,0,40812146611,20879496,,
1727892443,0,24340020254,20879503,,
1727893067,0,37899855235,20879554,,
1727893103,0,39369069554,20879557,,
1727893139,0,37955669806,20879560,,
1727893175,0,36811322156,20879563,,
1727893319,0,87348638729,20879575,,
1727893331,0,41212224240,20879576,,
1727894027,0,31069959340,20879634,,
1727894351,0,37276446903,20879661,,
1727894459,0,71338894188,20879670,,
1727894771,0,32808429734,20879696,,
1727894807,0,33170518886,20879699,,
1727894807,0,30224355540,20879699,,
1727894843,0,37200309619,20879702,,
1727895083,0,49650738956,20879721,,
1727895143,0,46400878177,20879726,,
1727895695,0,42027886705,20879772,,
1727895815,0,62214666137,20879782,,
1727895827,0,57266116170,20879783,,
1727895851,0,58114382097,20879785,,
1727895935,0,39002365742,20879792,,
1727896007,0,43641436956,20879798,,
1727896079,0,46281374778,20879804,,
1727896079,0,70980542933,20879804,,
1727896139,0,63389496938,20879809,,
1727896163,0,43958856051,20879811,,
1727896223,0,108585246663,20879816,,
1727896283,0,67384082532,20879821,,
1727896319,0,82089508512,20879824,,
1727896343,0,38489668734,20879826,,
1727896439,0,43626835833,20879834,,
1727896619,0,72851034117,20879848,,
1727896703,0,45751317560,20879855,,
1727896715,0,37178980324,20879856,,
1727897243,0,34509599512,20879900,,
1727897291,0,34849947196,20879904,,
1727897351,0,62504261855,20879909,,
1727897903,0,24372454257,20879955,,
1727897975,0,177408110803,20879961,,
1727898023,0,37453536654,20879965,,
1727898035,0,30423430653,20879966,,
1727898215,0,24513361625,20879981,,
1727898311,0,25548118054,20879989,,
1727898311,0,34379320426,20879989,,
1727898407,0,23897352795,20879997,,
1727898443,0,39534565698,20880000,,
1727898479,0,34889674886,20880003,,
1727898491,0,47391652557,20880004,,
1727898515,0,31903530980,20880006,,
1727898755,0,24285923950,20880026,,
1727898815,0,349437600624,20880031,,
1727898875,0,23233291845,20880036,,
1727898923,0,34872198865,20880040,,
1727898935,0,22142923191,20880041,,
1727899091,0,20702390742,20880054,,
1727899139,0,20540243764,20880058,,
1727899151,0,18507267274,20880059,,
1727899211,0,26913731538,20880064,,
1727899307,0,74937905769,20880072,,
1727899415,0,24084492228,20880081,,
1727899451,0,19169637452,20880084,,
1727899559,0,19522127117,20880093,,
1727899919,0,38500478579,20880123,,
1727900027,0,17150882195,20880132,,
1727900099,0,18644421182,20880138,,
1727900279,0,20649005462,20880153,,
1727900495,0,14498339862,20880171,,
1727900639,0,26057103206,20880183,,
1727900855,0,36063358405,20880201,,
1727900999,0,22068448159,20880213,,
1727901119,0,17169728864,20880223,,
1727901395,0,17236772680,20880246,,
1727901431,0,13286219127,20880249,,
1727901431,0,26734094056,20880249,,
1727901659,0,14788532383,20880268,,
1727901791,0,14314742001,20880279,,
1727902139,0,23471227190,20880308,,
1727902199,0,32840737002,20880313,,
1727902223,0,57469808860,20880315,,
1727902235,0,13930637644,20880316,,
1727902343,0,58756771400,20880325,,
1727902391,0,30773803236,20880329,,
1727902415,0,18809552146,20880331,,
1727902427,0,15966900024,20880332,,
1727902595,0,15800000000,20880346,,
1727902871,0,56355713881,20880369,,
1727902871,0,16967120627,20880369,,
1727902967,0,21059055399,20880377,,
1727903471,0,15668521936,20880419,,
1727903711,0,14247863314,20880439,,
1727903723,0,26456984676,20880440,,
1727903771,0,15561942491,20880444,,
1727903783,0,12801081013,20880445,,
1727903807,0,19867651250,20880447,,
1727904155,0,14408973862,20880475,,
1727904191,0,43073282389,20880478,,
1727904275,0,11518792550,20880485,,
1727904395,0,8765710758,20880495,,
1727904623,0,9058512123,20880514,,
1727904899,0,9240586624,20880537,,
1727905031,0,12683012223,20880548,,
1727905211,0,11923947468,20880563,,
1727905511,0,9710168411,20880588,,
1727905811,0,6754093517,20880613,,
1727905859,0,9094905501,20880617,,
1727905871,0,7057979539,20880618,,
1727906111,0,9448085798,20880638,,
1727906111,0,9032188702,20880638,,
1727906327,0,6916714444,20880656,,
1727906327,0,6915714444,20880656,,
1727906423,0,36062726602,20880664,,
1727906471,0,13117305725,20880668,,
1727906483,0,6723100521,20880669,,
1727907299,0,38309725211,20880737,,
1727907599,0,15451914767,20880762,,
1727907647,0,9321513376,20880766,,
1727907743,0,26570009469,20880774,,
1727907791,0,6081330119,20880778,,
1727907887,0,5795862745,20880786,,
1727908151,0,6757101669,20880808,,
1727908223,0,5882294353,20880814,,
1727908391,0,6511873908,20880828,,
1727908943,0,7851730987,20880874,,
1727909411,0,7805240800,20880913,,
1727909819,0,6976053494,20880947,,
1727909903,0,6287128627,20880954,,
1727909939,0,20369772458,20880957,,
1727910047,0,6642891762,20880966,,
1727910059,0,19387465838,20880967,,
1727910443,0,5514296414,20880999,,
1727910707,0,5677313154,20881020,,
1727910803,0,7554604383,20881028,,
1727910923,0,9429347262,20881038,,
1727911031,0,4530651793,20881047,,
1727911451,0,4948431603,20881082,,
1727911511,0,6135258190,20881087,,
1727911607,0,6198498599,20881095,,
1727912327,0,18629457426,20881155,,
1727912723,0,4144457238,20881188,,
1727912915,0,9254105818,20881204,,
1727912987,0,6662720740,20881210,,
1727913227,0,4062612347,20881230,,
1727913251,0,5089002300,20881232,,
1727913755,0,8896520651,20881273,,
1727914067,0,43827839143,20881299,,
1727914199,0,12330792152,20881310,,
1727914211,0,9215684392,20881311,,
1727914223,0,7214254167,20881312,,
1727914319,0,8290686487,20881320,,
1727914355,0,40803476201,20881323,,
1727914391,0,8043400528,20881326,,
1727914607,0,7708784622,20881344,,
1727914667,0,7326063328,20881349,,
1727914715,0,28684634106,20881353,,
1727914823,0,28559190283,20881362,,
1727914847,0,16479099179,20881364,,
1727914871,0,10570319701,20881366,,
1727915027,0,5676300248,20881379,,
1727915111,0,35090299294,20881386,,
1727915183,0,5090040368,20881392,,
1727915207,0,5230758704,20881394,,
1727915255,0,5410706545,20881398,,
1727915399,0,11438779338,20881410,,
1727915411,0,21263665535,20881411,,
1727915423,0,12562649648,20881412,,
1727915435,0,30503876976,20881413,,
1727915555,0,46544319181,20881423,,
1727915567,0,5335807959,20881424,,
1727915591,0,50444383422,20881426,,
1727915651,0,82258257365,20881431,,
1727915759,0,7589734065,20881440,,
1727915855,0,108806847403,20881448,,
1727915879,0,5982516482,20881450,,
1727916143,0,5553354889,20881472,,
1727917007,0,5530804271,20881544,,
1727917295,0,5447044956,20881568,,
1727917319,0,6946993983,20881570,,
1727917343,0,10406543819,20881572,,
1727917355,0,9889337636,20881573,,
1727917403,0,5385233546,20881577,,
1727917811,0,20775150234,20881611,,
1727918171,0,6850987729,20881641,,
1727918291,0,5320507734,20881651,,
1727918351,0,11642373615,20881656,,
1727918399,0,5295756921,20881660,,
1727918435,0,137203961761,20881663,,
1727918783,0,5083522590,20881692,,
1727918807,0,11664965256,20881694,,
1727918939,0,6487501591,20881705,,
1727919023,0,6238718593,20881712,,
1727919311,0,31704213411,20881736,,
1727919347,0,5269778818,20881739,,
1727919347,0,8034574317,20881739,,
1727919395,0,8443158725,20881743,,
1727919683,0,6441748845,20881767,,
1727919695,0,663032610745,20881768,,
1727919707,0,6304529376,20881769,,
1727919707,0,19773272733,20881769,,
1727919779,0,7777604806,20881775,,
1727919887,0,6088195641,20881784,,
1727920055,0,4985097318,20881798,,
1727920079,0,7929517707,20881800,,
1727920175,0,7792634013,20881808,,
1727920199,0,6692904935,20881810,,
1727920739,0,7428543482,20881855,,
1727920799,0,8103761188,20881860,,
1727920799,0,7367093322,20881860,,
1727920847,0,6351431809,20881864,,
1727920955,0,7702365696,20881873,,
1727921015,0,6803998527,20881878,,
1727921423,0,22185116279,20881911,,
1727921435,0,7625670392,20881912,,
1727921555,0,5061837196,20881922,,
1727921567,0,26349972500,20881923,,
1727921579,0,9169694365,20881924,,
1727921819,0,5783943761,20881944,,
1727921951,0,8273467457,20881955,,
1727921975,0,8118187901,20881957,,
1727922059,0,6283352272,20881964,,
1727922119,0,7858549980,20881969,,
1727922143,0,6646574655,20881971,,
1727922227,0,11485638568,20881978,,
1727922323,0,14290916572,20881986,,
1727922539,0,6923946660,20882004,,
1727922587,0,4714556560,20882008,,
1727922599,0,5815693923,20882009,,
1727922947,0,4525360154,20882038,,
1727923007,0,6095596667,20882043,,
1727923019,0,4477917274,20882044,,
1727923343,0,6953147077,20882071,,
1727923763,0,5676636418,20882106,,
1727923811,0,7763831394,20882110,,
1727923931,0,9390106174,20882120,,
1727924159,0,5664555404,20882139,,
1727924339,0,5877574136,20882154,,
1727924615,0,7479273730,20882177,,
1727924615,0,6885158616,20882177,,
1727924663,0,21085262673,20882181,,
1727924891,0,6292716577,20882200,,
1727924903,0,5321196410,20882201,,
1727924975,0,5104594183,20882207,,
1727925143,0,13216587806,20882221,,
1727925179,0,6505094015,20882224,,
1727925227,0,22679574347,20882228,,
1727925239,0,5450747584,20882229,,
1727925479,0,4823551713,20882249,,
1727926055,0,4881164284,20882297,,
1727926079,0,5167607137,20882299,,
1727926079,0,5162607137,20882299,,
1727926091,0,15276605467,20882300,,
1727926259,0,5101875219,20882314,,
1727926331,0,5894648885,20882320,,
1727926547,0,4851301290,20882338,,
1727926595,0,5696720401,20882342,,
1727926847,0,23842681843,20882363,,
1727927507,0,5856166378,20882417,,
1727927675,0,4410709994,20882431,,
1727927807,0,6542934232,20882442,,
1727927819,0,17025340293,20882443,,
1727927843,0,11307053984,20882445,,
1727927903,0,6933245010,20882450,,
1727927975,0,6569658044,20882456,,
1727928011,0,4029937778,20882459,,
1727928623,0,4840746641,20882510,,
1727928815,0,4066971149,20882526,,
1727928851,0,4390368763,20882529,,
1727928875,0,8708530687,20882531,,
1727929007,0,4712010479,20882542,,
1727929079,0,4187078633,20882548,,
1727929115,0,6776318590,20882551,,
1727929139,0,6005752795,20882553,,
1727929163,0,3868792375,20882555,,
1727929223,0,7700368371,20882559,,
1727929943,0,9011749353,20882619,,
1727929967,0,16642651611,20882621,,
1727930039,0,4186339505,20882627,,
1727930267,0,4413269163,20882646,,
1727930711,0,5557999471,20882683,,
1727930867,0,3890286220,20882696,,
1727931059,0,6129942288,20882711,,
1727931071,0,6153940729,20882712,,
1727931359,0,5939012980,20882736,,
1727931371,0,29717312903,20882737,,
1727931383,0,4237906555,20882738,,
1727931407,0,18883924780,20882740,,
1727931467,0,11987699280,20882745,,
1727931599,0,3807966958,20882756,,
1727931647,0,5990991968,20882760,,
1727931659,0,4089415660,20882761,,
1727931887,0,23874321852,20882780,,
1727932391,0,3194692685,20882822,,
1727932451,0,3294281439,20882827,,
1727932943,0,13409415872,20882868,,
1727933003,0,5215500350,20882873,,
1727933303,0,3009601571,20882898,,
1727933495,0,14113214845,20882914,,
1727933543,0,3933290942,20882918,,
1727933603,0,6159660566,20882923,,
1727933735,0,7341817173,20882934,,
1727933855,0,32463468501,20882944,,
1727933975,0,4040191977,20882954,,
1727934203,0,5570308131,20882972,,
1727934239,0,5943304920,20882975,,
1727934491,0,5865417638,20882996,,
1727934575,0,4146332636,20883003,,
1727935091,0,31132402740,20883046,,
1727935271,0,53052535864,20883061,,
1727935835,0,5485409606,20883106,,
1727935907,0,4453256156,20883112,,
1727936003,0,3669838045,20883120,,
1727936171,0,8338873783,20883134,,
1727936879,0,5165800493,20883193,,
1727937419,0,5543921340,20883238,,
1727937803,0,5829736156,20883270,,
1727937899,0,23462895623,20883278,,
1727937935,0,7180508527,20883281,,
1727938091,0,12432562088,20883294,,
1727938175,0,7045599140,20883301,,
1727938223,0,4830018964,20883305,,
1727938355,0,4154123613,20883316,,
1727939003,0,9736443972,20883370,,
1727939219,0,4341471712,20883388,,
1727939387,0,6305650854,20883402,,
1727939459,0,4564865493,20883408,,
1727939531,0,5140168552,20883414,,
1727939687,0,7775589925,20883427,,
1727939687,0,4498501194,20883427,,
1727939783,0,7425159302,20883435,,
1727939783,0,5100996021,20883435,,
1727939795,0,26603587668,20883436,,
1727940095,0,6496324808,20883461,,
1727940275,0,9303118082,20883476,,
1727940311,0,8267346321,20883479,,
1727940719,0,9074835166,20883513,,
1727940755,0,8067837640,20883516,,
1727940935,0,7688676789,20883531,,
1727941055,0,5569965110,20883541,,
1727941115,0,7865114352,20883546,,
1727941211,0,5676936587,20883554,,
1727941307,0,7108403697,20883562,,
1727941499,0,12478733573,20883578,,
1727941511,0,5269226143,20883579,,
1727941727,0,10695616204,20883597,,
1727941751,0,8184372793,20883599,,
1727941763,0,7734863111,20883600,,
1727941811,0,10341888321,20883604,,
1727941811,0,6806571811,20883604,,
1727941907,0,5891467319,20883612,,
1727941991,0,6935360612,20883619,,
1727942063,0,8541610193,20883625,,
1727942375,0,6247090023,20883651,,
1727942639,0,6824446238,20883673,,
1727942651,0,5794218810,20883674,,
1727942663,0,15958186460,20883675,,
1727942723,0,6137733225,20883680,,
1727942795,0,16177067144,20883686,,
1727943035,0,8506890751,20883706,,
1727943191,0,44939710850,20883719,,
1727943203,0,38292495465,20883720,,
1727943251,0,8777035168,20883724,,
1727943263,0,9363933353,20883725,,
1727943731,0,11483450230,20883764,,
1727944343,0,12239763910,20883815,,
1727944403,0,20955663289,20883820,,
1727944547,0,49528715711,20883831,,
1727944679,0,9061449633,20883842,,
1727944679,0,9963405442,20883842,,
1727944859,0,10380872444,20883857,,
1727944895,0,11102150348,20883860,,
1727945027,0,9009685074,20883871,,
1727945051,0,11298336389,20883873,,
1727945399,0,6411981352,20883902,,
1727945423,0,6819434627,20883904,,
1727945507,0,9595563568,20883911,,
1727945615,0,10370633726,20883920,,
1727945639,0,7455733485,20883922,,
1727945783,0,11231966005,20883934,,
1727945939,0,10137188921,20883947,,
1727946047,0,14989264740,20883956,,
1727946047,0,8968855378,20883956,,
1727946059,0,8959344383,20883957,,
1727946083,0,27069897144,20883959,,
1727946119,0,10109633141,20883962,,
1727946179,0,8912698849,20883967,,
1727946311,0,11316196694,20883978,,
1727946359,0,11364958708,20883982,,
1727946419,0,9803280707,20883986,,
1727946467,0,12029180314,20883990,,
1727946491,0,15540695839,20883992,,
1727946503,0,62187988514,20883993,,
1727946551,0,11226050224,20883997,,
1727946671,0,26325319953,20884007,,
1727947019,0,8608463540,20884036,,
1727947199,0,6647491027,20884050,,
1727947271,0,16650502315,20884056,,
1727947283,0,9592711154,20884057,,
1727947391,0,6485454434,20884066,,
1727947511,0,13915606635,20884076,,
1727947523,0,19342374197,20884077,,
1727947547,0,11788345796,20884079,,
1727947787,0,5944499377,20884099,,
1727947871,0,8888939556,20884106,,
1727948327,0,6275913816,20884144,,
1727948723,0,8647878736,20884177,,
1727948795,0,10858481261,20884183,,
1727948807,0,5646981068,20884184,,
1727948843,0,7747316792,20884187,,
1727948855,0,7309949946,20884188,,
1727948879,0,9116865668,20884190,,
1727948927,0,15285442496,20884194,,
1727948951,0,5543300887,20884196,,
1727948987,0,5679354255,20884199,,
1727949311,0,6211928035,20884226,,
1727949719,0,8950704118,20884260,,
1727949887,0,4670972540,20884274,,
1727950379,0,20527752756,20884315,,
1727951135,0,5029856724,20884378,,
1727951147,0,5477270670,20884379,,
1727951159,0,5141971863,20884380,,
1727951267,0,15810291041,20884389,,
1727951555,0,8055826533,20884413,,
1727951735,0,7428709748,20884428,,
1727951831,0,8557668105,20884436,,
1727951891,0,9367200354,20884441,,
1727952599,0,5593806092,20884499,,
1727952695,0,14830758037,20884507,,
1727952755,0,7667555125,20884512,,
1727952995,0,5232405623,20884532,,
1727953163,0,7564631044,20884546,,
1727953187,0,9236146563,20884548,,
1727953199,0,23545582705,20884549,,
1727953211,0,10277581293,20884550,,
1727953223,0,4530848054,20884551,,
1727953655,0,4394882435,20884587,,
1727953679,0,5062540731,20884589,,
1727953691,0,3810728152,20884590,,
1727953775,0,84844988206,20884597,,
1727953787,0,6076881182,20884598,,
1727954135,0,7557159299,20884627,,
1727954183,0,4030765731,20884631,,
1727954243,0,13262534703,20884636,,
1727954255,0,3466640858,20884637,,
1727954351,0,7450445738,20884645,,
1727954363,0,13425778485,20884646,,
1727954387,0,3883156790,20884648,,
1727954687,0,20797353296,20884673,,
1727954723,0,7952291866,20884676,,
1727954771,0,19128784218,20884680,,
1727954843,0,5311688123,20884686,,
1727955023,0,8113939874,20884701,,
1727955491,0,41299228221,20884740,,
1727955503,0,6299330849,20884741,,
1727956187,0,13405124382,20884798,,
1727956259,0,6841931501,20884804,,
1727956295,0,10961801760,20884807,,
1727956763,0,5938436681,20884846,,
1727956835,0,6044047255,20884852,,
1727956931,0,8588274786,20884859,,
1727956967,0,7267207053,20884862,,
1727956979,0,9246560829,20884863,,
1727956979,0,7767460829,20884863,,
1727957051,0,9267905469,20884869,,
1727957135,0,33287728536,20884876,,
1727957207,0,15364776794,20884882,,
1727957303,0,13391893379,20884890,,
1727957303,0,12339326058,20884890,,
1727957831,0,13152921906,20884934,,
1727957987,0,8988878184,20884947,,
1727958287,0,8407999030,20884971,,
1727958647,0,6642435055,20885001,,
1727958791,0,50239983194,20885013,,
1727958815,0,9500296149,20885015,,
1727958935,0,7451990672,20885025,,
1727958971,0,8170373534,20885028,,
1727958995,0,9084287798,20885030,,
1727959127,0,6718324853,20885041,,
1727959787,0,7688632372,20885096,,
1727959823,0,8709193601,20885099,,
1727959955,0,10305528185,20885110,,
1727960243,0,8143207364,20885134,,
1727960555,0,7619429552,20885159,,
1727960903,0,19478902143,20885188,,
1727960927,0,18916182342,20885190,,
1727961083,0,8955099505,20885203,,
1727961131,0,27936657375,20885207,,
1727961251,0,17489889928,20885217,,
1727961275,0,8438071306,20885219,,
1727961287,0,14699874364,20885220,,
1727961311,0,12241974233,20885222,,
1727961323,0,34497737101,20885223,,
1727961359,0,6872170675,20885226,,
1727961383,0,9500000000,20885228,,
1727961383,0,17761067220,20885228,,
1727961395,0,10483535928,20885229,,
1727961443,0,11522991833,20885233,,
1727961455,0,29453034181,20885234,,
1727961563,0,29055519548,20885243,,
1727961599,0,16235064540,20885246,,
1727961611,0,148635474833,20885247,,
1727961623,0,61620747536,20885248,,
1727961659,0,9300000000,20885251,,
1727961851,0,10994234198,20885267,,
1727961935,0,10279813512,20885273,,
1727961995,0,15654780590,20885278,,
1727962067,0,12793933788,20885284,,
1727962235,0,27246106695,20885298,,
1727962379,0,11012848080,20885310,,
1727962631,0,10455418087,20885331,,
1727962667,0,25801407804,20885334,,
1727962727,0,8986012437,20885339,,
1727962751,0,29148189913,20885341,,
1727962763,0,9329977009,20885342,,
1727962823,0,7982660916,20885347,,
1727962991,0,7534842862,20885361,,
1727963555,0,8640283865,20885408,,
1727963771,0,8023364625,20885426,,
1727963855,0,6707700200,20885433,,
1727963879,0,8102031865,20885435,,
1727963891,0,15075050272,20885436,,
1727963915,0,7771249559,20885438,,
1727963915,0,12417793139,20885438,,
1727963915,0,7771249559,20885438,,
1727963927,0,12095875859,20885439,,
1727963987,0,30705989995,20885443,,
1727964011,0,15734281147,20885445,,
1727964059,0,20285814122,20885449,,
1727964071,0,10641745254,20885450,,
1727964083,0,9937965574,20885451,,
1727964083,0,11713678388,20885451,,
1727964095,0,9760617363,20885452,,
1727964131,0,8763910150,20885455,,
1727964179,0,9885067838,20885459,,
1727964227,0,10882238751,20885463,,
1727964347,0,14051384026,20885473,,
1727964395,0,12146228944,20885477,,
1727964407,0,12115627635,20885478,,
1727964419,0,55351624551,20885479,,
1727964431,0,31140387260,20885480,,
1727964503,0,19378860432,20885486,,
1727964527,0,12892564467,20885488,,
1727964623,0,10719075995,20885496,,
1727964683,0,24374540594,20885501,,
1727964779,0,10121125906,20885509,,
1727964815,0,11948800151,20885512,,
1727964827,0,67884722957,20885513,,
1727964851,0,36855341002,20885515,,
1727965019,0,10983697826,20885529,,
1727965175,0,14539362338,20885542,,
1727965211,0,13623368124,20885545,,
1727965343,0,14880012464,20885555,,
1727965379,0,15736153651,20885558,,
1727965499,0,46504163266,20885568,,
1727965547,0,16952209843,20885572,,
1727965607,0,17164157972,20885577,,
1727965763,0,16039338788,20885590,,
1727966075,0,26814453836,20885616,,
1727966087,0,15755687285,20885617,,
1727966135,0,16847621461,20885621,,
1727966327,0,13324916948,20885637,,
1727966387,0,12358495807,20885642,,
1727966579,0,11923260278,20885658,,
1727966723,0,20120481514,20885670,,
1727966735,0,12050800153,20885671,,
1727967143,0,10746197661,20885704,,
1727967179,0,14466336845,20885707,,
1727967191,0,17630754456,20885708,,
1727967299,0,29601541873,20885716,,
1727967323,0,51735718247,20885718,,
1727967347,0,13645438598,20885720,,
1727967971,0,14180165175,20885772,,
1727968079,0,13558353956,20885781,,
1727968091,0,11654949499,20885782,,
1727968115,0,13333128028,20885784,,
1727968223,0,13395891106,20885793,,
1727968295,0,14924820103,20885799,,
1727968307,0,10694200975,20885800,,
1727968355,0,12814767766,20885804,,
1727968367,0,11253651909,20885805,,
1727968367,0,12396057833,20885805,,
1727968403,0,10885007153,20885808,,
1727968463,0,10404842876,20885813,,
1727968523,0,14062537177,20885817,,
1727968607,0,10965746453,20885824,,
1727968739,0,10301873514,20885835,,
1727968823,0,9812986096,20885842,,
1727968919,0,12522029560,20885850,,
1727968991,0,11069683720,20885856,,
1727969027,0,17667782924,20885859,,
1727969051,0,15508699081,20885861,,
1727969183,0,31320366179,20885871,,
1727969219,0,67319667440,20885874,,
1727969795,0,16572511553,20885921,,
1727969891,0,17930078398,20885929,,
1727969939,0,21052029501,20885933,,
1727969975,0,111832581139,20885936,,
1727970035,0,14427825432,20885941,,
1727970131,0,16207758122,20885949,,
1727970131,0,27752523421,20885949,,
1727970239,0,15568236996,20885958,,
1727970323,0,14340871762,20885965,,
1727970467,0,152342501033,20885977,,
1727970503,0,20200295857,20885980,,
1727970515,0,13386354720,20885981,,
1727970623,0,11811104518,20885990,,
1727970671,0,19687752419,20885994,,
1727970719,0,13244682186,20885998,,
1727970719,0,14209682186,20885998,,
1727970731,0,26371498222,20885999,,
1727970827,0,14742796819,20886007,,
1727970911,0,12632837401,20886014,,
1727970911,0,13665152683,20886014,,
1727970959,0,12497987109,20886018,,
1727971151,0,12108228411,20886034,,
1727971595,0,15774221144,20886068,,
1727971595,0,16964873225,20886068,,
1727971643,0,27966869163,20886072,,
1727971775,0,21445409968,20886083,,
1727971895,0,17457095769,20886093,,
1727972099,0,13547165741,20886110,,
1727972111,0,113861807786,20886111,,
1727972123,0,54518805698,20886112,,
1727972291,0,18669419148,20886126,,
1727972315,0,29831950143,20886128,,
1727972339,0,23039759225,20886130,,
1727972387,0,17899042138,20886134,,
1727972423,0,51222733840,20886137,,
1727972543,0,14640392407,20886147,,
1727972735,0,14372591371,20886163,,
1727972771,0,16264526032,20886166,,
1727972795,0,15817438484,20886168,,
1727972963,0,14764568501,20886182,,
1727972975,0,14867670466,20886183,,
1727973107,0,17717586447,20886194,,
1727973215,0,32535862336,20886203,,
1727973251,0,19680528302,20886206,,
1727973479,0,16666068521,20886225,,
1727973527,0,17037273969,20886229,,
1727973623,0,15724147765,20886237,,
1727973683,0,24629422517,20886242,,
1727973899,0,44153198842,20886260,,
1727973923,0,14096068912,20886262,,
1727973971,0,28728702606,20886266,,
1727973971,0,17847202003,20886266,,
1727973983,0,14785535137,20886267,,
1727974067,0,12755375872,20886274,,
1727974175,0,14782298030,20886282,,
1727974211,0,14284024888,20886285,,
1727974259,0,12527490452,20886289,,
1727974259,0,14443490452,20886289,,
1727974283,0,13489388764,20886291,,
1727974295,0,15520174367,20886292,,
1727974523,0,12202039918,20886311,,
1727974751,0,39012846345,20886330,,
1727974775,0,10022976834,20886332,,
1727974811,0,48393654785,20886335,,
1727974859,0,10460056199,20886339,,
1727974871,0,9648111478,20886340,,
1727974895,0,17089052824,20886342,,
1727974919,0,10032813213,20886344,,
1727975147,0,10103159816,20886363,,
1727975267,0,27465634732,20886373,,
1727975291,0,12048673299,20886375,,
1727975435,0,10096911143,20886387,,
1727975435,0,10437645957,20886387,,
1727975471,0,10865989519,20886390,,
1727975495,0,12212980613,20886392,,
1727975507,0,18182801643,20886393,,
1727975735,0,19638413130,20886412,,
1727975867,0,28420015986,20886423,,
1727976047,0,9934217377,20886438,,
1727976059,0,9739362236,20886439,,
1727976287,0,10068807892,20886457,,
1727976359,0,34663093652,20886463,,
1727976575,0,46403667014,20886481,,
1727976587,0,8047199291,20886482,,
1727976599,0,7711848494,20886483,,
1727976623,0,10027885580,20886485,,
1727976755,0,9479461909,20886496,,
1727976983,0,22277000496,20886514,,
1727976995,0,46715294553,20886515,,
1727977091,0,12348697075,20886523,,
1727977115,0,9425147313,20886525,,
1727977127,0,9320565209,20886526,,
1727977163,0,34448516480,20886529,,
1727977187,0,25008708026,20886531,,
1727977475,0,12547781354,20886555,,
1727978015,0,8444077797,20886600,,
1727978039,0,7666859277,20886602,,
1727978111,0,10166309960,20886608,,
1727978171,0,9547580506,20886613,,
1727978531,0,21217703165,20886643,,
1727978699,0,19113028993,20886657,,
1727978879,0,25664066375,20886672,,
1727978999,0,29415932116,20886681,,
1727979359,0,27066271384,20886711,,
1727979359,0,32485800824,20886711,,
1727979431,0,27653783190,20886717,,
1727979611,0,31976385418,20886732,,
1727979635,0,45837584810,20886734,,
1727979707,0,37248248185,20886740,,
1727979791,0,29580405981,20886747,,
1727980235,0,30722581227,20886784,,
1727980439,0,61104321068,20886801,,
1727980883,0,69149227168,20886838,,
1727981111,0,34192267644,20886857,,
1727981183,0,29771281461,20886863,,
1727981219,0,28269034289,20886866,,
1727981255,0,28941807984,20886869,,
1727981279,0,32243654574,20886871,,
1727981315,0,21495793660,20886874,,
1727981327,0,30807009788,20886875,,
1727981915,0,17788478324,20886924,,
1727982191,0,16394327070,20886947,,
1727982443,0,20931654620,20886968,,
1727982467,0,19575993111,20886970,,
1727982635,0,27861633405,20886984,,
1727982911,0,11485876960,20887007,,
1727983247,0,17193251600,20887034,,
1727983343,0,13220198669,20887042,,
1727983379,0,14447331665,20887045,,
1727983511,0,10096392773,20887056,,
1727983535,0,17646034934,20887058,,
1727983559,0,10482736648,20887060,,
1727983583,0,12392308751,20887062,,
1727983595,0,14000000000,20887063,,
1727983859,0,10645185758,20887085,,
1727983943,0,64943195778,20887092,,
1727984003,0,10560076184,20887097,,
1727984015,0,13250179018,20887098,,
1727984267,0,24160915412,20887119,,
1727984363,0,17394350721,20887127,,
1727984387,0,35927471258,20887129,,
1727984747,0,15013221216,20887159,,
1727984891,0,20936055250,20887171,,
1727985107,0,12095315230,20887189,,
1727985107,0,12095315230,20887189,,
1727985107,0,12397807860,20887189,,
1727985131,0,14693963307,20887191,,
1727985539,0,20125772429,20887225,,
1727985611,0,44590670435,20887231,,
1727986295,0,27631037014,20887287,,
1727986463,0,13758746296,20887300,,
1727986571,0,40651432047,20887309,,
1727986703,0,10876474713,20887320,,
1727986883,0,40359842885,20887335,,
1727986991,0,11197064881,20887344,,
1727987027,0,11689732534,20887347,,
1727987039,0,20645442958,20887348,,
1727987363,0,16282762020,20887375,,
1727987387,0,7941708660,20887377,,
1727987747,0,8556287653,20887407,,
1727988215,0,6571725709,20887446,,
1727988311,0,7468799792,20887454,,
1727988323,0,7763932127,20887455,,
1727988359,0,6543613552,20887458,,
1727988551,0,8807640826,20887473,,
1727988731,0,8084999790,20887488,,
1727988743,0,9976535830,20887489,,
1727988983,0,16680425767,20887508,,
1727989163,0,6570003343,20887523,,
1727989355,0,10577163975,20887539,,
1727989391,0,8843356030,20887542,,
1727989607,0,15804935387,20887560,,
1727989631,0,7194423458,20887562,,
1727989727,0,5072361005,20887570,,
1727989895,0,15204402596,20887584,,
1727990087,0,12447569445,20887600,,
1727990087,0,5660266029,20887600,,
1727990207,0,7079854074,20887610,,
1727990423,0,6030713767,20887628,,
1727991215,0,6018404926,20887694,,
1727991635,0,5000000000,20887729,,
1727991695,0,5000000000,20887734,,
1727991995,0,5700000000,20887759,,
1727992403,0,6891623936,20887792,,
1727992475,0,7785623860,20887798,,
1727992691,0,5669037453,20887816,,
1727993039,0,5703492707,20887845,,
1727993267,0,13465899323,20887864,,
1727993675,0,6212173370,20887898,,
1727994491,0,7351050472,20887966,,
1727994527,0,6331481620,20887969,,
1727994683,0,7308058687,20887982,,
1727994695,0,7495964158,20887983,,
1727994767,0,10802073768,20887989,,
1727994815,0,68178974943,20887993,,
1727994827,0,12017893530,20887994,,
1727994839,0,5936838531,20887995,,
1727995223,0,18283913664,20888027,,
1727995343,0,4876684796,20888037,,
1727995367,0,12481047559,20888039,,
1727995499,0,5855446784,20888050,,
1727995679,0,4692183200,20888065,,
1727996027,0,8443132208,20888094,,
1727996051,0,5958864154,20888096,,
1727996135,0,5989253997,20888103,,
1727996159,0,4568645956,20888105,,
1727996183,0,29867099452,20888107,,
1727996339,0,4333722980,20888120,,
1727996459,0,26876590524,20888130,,
1727996471,0,33740874027,20888131,,
1727996795,0,5100326494,20888158,,
1727996975,0,4588150275,20888173,,
1727997455,0,4973182045,20888213,,
1727997527,0,5280627156,20888219,,
1727997635,0,22799177671,20888228,,
1727997647,0,8914116055,20888229,,
1727997731,0,14313287747,20888236,,
1727997743,0,3349000257,20888237,,
1727998043,0,3208438818,20888262,,
1727998115,0,4002145900,20888268,,
1727998343,0,3266024571,20888287,,
1727998883,0,6803367093,20888332,,
1727999363,0,2575171264,20888372,,
1727999555,0,3462364676,20888388,,
1727999663,0,5086751048,20888397,,
1727999759,0,3593228189,20888405,,
1727999903,0,4529996088,20888416,,
1728000047,0,5131960749,20888428,,
1728000083,0,5514555047,20888431,,
1728000215,0,43791914150,20888442,,
1728000263,0,6186920071,20888446,,
1728000275,0,16830192475,20888447,,
1728000287,0,4149359925,20888448,,
1728000335,0,3524717063,20888452,,
1728000335,0,4523717063,20888452,,
1728000563,0,6879165065,20888471,,
1728000587,0,11450155237,20888473,,
1728000923,0,7453241286,20888501,,
1728000947,0,35783172049,20888503,,
1728000971,0,6824522521,20888505,,
1728000983,0,14355153927,20888506,,
1728001019,0,4242322412,20888509,,
1728001079,0,4182640378,20888514,,
1728001295,0,4206734906,20888532,,
1728001331,0,16784365658,20888535,,
1728001607,0,19345017750,20888558,,
1728001667,0,19461174648,20888563,,
1728001775,0,8690781713,20888572,,
1728002147,0,4738874796,20888603,,
1728002159,0,18102064163,20888604,,
1728002171,0,7288623976,20888605,,
1728002279,0,7699293981,20888614,,
1728002339,0,4941929854,20888619,,
1728002447,0,6441704102,20888628,,
1728002459,0,4663921910,20888629,,
1728002471,0,19188314230,20888630,,
1728002963,0,4235997054,20888671,,
1728003107,0,4146066056,20888683,,
1728003419,0,14154272244,20888709,,
1728003431,0,6227802739,20888710,,
1728003503,0,7752255389,20888716,,
1728003527,0,4595281501,20888718,,
1728003551,0,3977807425,20888720,,
1728003743,0,5842516456,20888736,,
1728004019,0,5968836457,20888759,,
1728004127,0,15889278434,20888768,,
1728004187,0,7125973936,20888773,,
1728004223,0,40347937706,20888776,,
1728004235,0,13987630109,20888777,,
1728004247,0,23784126321,20888778,,
1728004391,0,30676538294,20888790,,
1728004415,0,42222381815,20888792,,
1728004427,0,6654441682,20888793,,
1728004547,0,16266083850,20888803,,
1728004559,0,19839258807,20888804,,
1728004571,0,7547399170,20888805,,
1728004703,0,30548165155,20888816,,
1728004739,0,50972390946,20888819,,
1728004751,0,6463618260,20888820,,
1728004859,0,4096563228,20888829,,
1728005015,0,5631651770,20888842,,
1728005027,0,23112357368,20888843,,
1728005051,0,50547910812,20888845,,
1728005243,0,5794102441,20888861,,
1728005243,0,5794102441,20888861,,
1728005339,0,5118946471,20888869,,
1728005387,0,5500000000,20888873,,
1728005447,0,7257636339,20888878,,
1728005483,0,41008345410,20888881,,
1728005591,0,4924949404,20888890,,
1728005723,0,24008460260,20888901,,
1728005963,0,5982033251,20888921,,
1728006023,0,4027876230,20888926,,
1728006035,0,6324067572,20888927,,
1728006311,0,4059138054,20888950,,
1728006323,0,4842270062,20888951,,
1728006395,0,4318317747,20888957,,
1728006491,0,6245850304,20888965,,
1728006635,0,4160888346,20888977,,
1728006647,0,3807099127,20888978,,
1728006731,0,6242701779,20888985,,
1728006983,0,6347821423,20889006,,
1728007451,0,6736694454,20889045,,
1728007487,0,4707187881,20889048,,
1728007571,0,26790284830,20889055,,
1728007823,0,7099035360,20889076,,
1728008375,0,5965737076,20889122,,
1728008459,0,17693219448,20889129,,
1728008483,0,5654586230,20889131,,
1728008603,0,6836859251,20889141,,
1728008627,0,6896504266,20889143,,
1728008699,0,17517632556,20889149,,
1728008711,0,15083874048,20889150,,
1728008759,0,9448369776,20889154,,
1728008771,0,17036843120,20889155,,
1728008999,0,5607505860,20889174,,
1728009059,0,73112828535,20889179,,
1728009071,0,20437629578,20889180,,
1728009083,0,8225218380,20889181,,
1728009107,0,15086612265,20889183,,
1728009155,0,5523432394,20889187,,
1728009155,0,7778629092,20889187,,
1728009167,0,6680795925,20889188,,
1728009371,0,5396685773,20889205,,
1728009395,0,65448253359,20889207,,
1728009407,0,6952968421,20889208,,
1728009623,0,4032859878,20889225,,
1728010019,0,7420051675,20889258,,
1728010043,0,17674428130,20889260,,
1728010079,0,55784070608,20889263,,
1728010127,0,6828369539,20889267,,
1728010175,0,6489656799,20889271,,
1728010199,0,5100531726,20889273,,
1728010223,0,10558819144,20889275,,
1728010271,0,15867214505,20889279,,
1728010283,0,9965877386,20889280,,
1728010307,0,8803863526,20889282,,
1728010319,0,6193382698,20889283,,
1728010403,0,8122112415,20889290,,
1728010715,0,7545795688,20889316,,
1728010739,0,5071840766,20889318,,
1728010883,0,6626203793,20889330,,
1728011111,0,30653922193,20889349,,
1728011267,0,11303616716,20889362,,
1728011315,0,4135713364,20889366,,
1728011339,0,12315252833,20889368,,
1728011519,0,11593307419,20889383,,
1728011639,0,3440424963,20889393,,
1728012215,0,6593605167,20889441,,
1728012215,0,7469836210,20889441,,
1728012275,0,4911003650,20889446,,
1728012323,0,6025747670,20889450,,
1728012383,0,3790218269,20889455,,
1728012383,0,18115005792,20889455,,
1728012395,0,3300718963,20889456,,
1728012431,0,4374552203,20889459,,
1728012467,0,4308208452,20889462,,
1728012503,0,5838329041,20889465,,
1728012827,0,2976638893,20889492,,
1728012935,0,17155444156,20889501,,
1728012935,0,3182175807,20889501,,
1728013823,0,5121206432,20889575,,
1728013907,0,8546450021,20889582,,
1728014771,0,5170304976,20889654,,
1728014795,0,3660800278,20889656,,
1728015419,0,12195046271,20889708,,
1728015431,0,4352246253,20889709,,
1728015575,0,8899418116,20889721,,
1728015647,0,4435243607,20889727,,
1728015779,0,34972045668,20889738,,
1728015815,0,23643046745,20889741,,
1728015875,0,12150151838,20889746,,
1728016103,0,6340755786,20889765,,
1728016727,0,3632082692,20889817,,
1728016751,0,3041818150,20889819,,
1728016811,0,4759749935,20889824,,
1728017291,0,3157916696,20889864,,
1728017315,0,3268866739,20889866,,
1728017351,0,3898829897,20889869,,
1728017363,0,5128244471,20889870,,
1728017435,0,21003526832,20889876,,
1728017459,0,5705513118,20889878,,
1728017531,0,50904029636,20889884,,
1728017591,0,9978539372,20889889,,
1728017663,0,3441836786,20889895,,
1728018311,0,10421386756,20889949,,
1728018407,0,9235473728,20889957,,
1728018479,0,4795972905,20889963,,
1728018491,0,5702478078,20889964,,
1728018491,0,3896452339,20889964,,
1728018551,0,21207800781,20889969,,
1728018599,0,30882269152,20889973,,
1728018647,0,5056435037,20889977,,
1728018767,0,4462619662,20889987,,
1728018815,0,3622584440,20889991,,
1728018875,0,3597666429,20889996,,
1728018947,0,5388918398,20890002,,
1728018971,0,11612827978,20890004,,
1728018995,0,4198413061,20890006,,
1728019019,0,4423497771,20890008,,
1728019235,0,8629439116,20890026,,
1728019307,0,3467852953,20890032,,
1728019619,0,5497681143,20890058,,
1728019931,0,4136927611,20890084,,
1728020027,0,3343306456,20890092,,
1728020099,0,3258724120,20890098,,
1728020447,0,3815872718,20890127,,
1728020771,0,4311485327,20890154,,
1728020831,0,6729511395,20890159,,
1728020903,0,5155627389,20890165,,
1728020927,0,7379371663,20890167,,
1728020939,0,7842547586,20890168,,
1728021011,0,5285360605,20890174,,
1728021095,0,3732124541,20890181,,
1728021143,0,4312971575,20890185,,
1728021203,0,3681347484,20890190,,
1728021263,0,5669731036,20890195,,
1728021599,0,7482772930,20890223,,
1728021611,0,7209072266,20890224,,
1728021683,0,10994913136,20890230,,
1728021695,0,7007075659,20890231,,
1728021743,0,5673173414,20890235,,
1728021899,0,14688951465,20890248,,
1728022511,0,5405357382,20890298,,
1728022583,0,9353708614,20890304,,
1728022595,0,5346130639,20890305,,
1728022739,0,7233907347,20890317,,
1728022799,0,10074853140,20890322,,
1728022823,0,7293441724,20890324,,
1728022871,0,6026965429,20890328,,
1728023075,0,58956256769,20890345,,
1728023135,0,7689909730,20890350,,
1728023447,0,5577645942,20890376,,
1728023471,0,18570605724,20890378,,
1728023603,0,81843189114,20890389,,
1728023963,0,7196479196,20890419,,
1728023975,0,4342878007,20890420,,
1728024143,0,31633094987,20890434,,
1728024227,0,4636702838,20890441,,
1728024407,0,10266486950,20890456,,
1728024875,0,6753165705,20890495,,
1728025007,0,5288409334,20890506,,
1728025271,0,10812888485,20890528,,
1728025379,0,8281021978,20890537,,
1728026651,0,32202989551,20890643,,
1728026663,0,9273478875,20890644,,
1728026687,0,6944934312,20890646,,
1728026999,0,5405914520,20890672,,
1728027023,0,5605476767,20890674,,
1728027059,0,7534725679,20890677,,
1728027491,0,6986886754,20890713,,
1728027551,0,5610514958,20890718,,
1728027611,0,7204952869,20890723,,
1728027875,0,5946081669,20890745,,
1728028067,0,5682273218,20890761,,
1728028439,0,11720632541,20890792,,
1728028439,0,5983602049,20890792,,
1728028451,0,21910497298,20890793,,
1728028595,0,5010998273,20890805,,
1728028715,0,4917999510,20890815,,
1728029339,0,46529909930,20890866,,
1728029375,0,6210381539,20890869,,
1728029375,0,7308478675,20890869,,
1728029459,0,6624348610,20890875,,
1728029471,0,13739669278,20890876,,
1728029543,0,6271704445,20890882,,
1728029987,0,4366343127,20890919,,
1728030215,0,8692620734,20890938,,
1728030227,0,4963154456,20890939,,
1728030443,0,505607631685,20890957,,
1728030443,0,5348448077,20890957,,
1728030671,0,14342628679,20890976,,
1728030707,0,5194072698,20890979,,
1728031091,0,4461956610,20891011,,
1728031307,0,9107512503,20891029,,
1728031931,0,5516803935,20891081,,
1728032075,0,38891149249,20891093,,
1728032123,0,13849254322,20891097,,
1728032231,0,15504627165,20891106,,
1728032423,0,9038883327,20891122,,
1728032435,0,18141879184,20891123,,
1728032471,0,7072453442,20891126,,
1728032711,0,11632427691,20891146,,
1728032795,0,7470360915,20891153,,
1728033131,0,6225238060,20891181,,
1728033191,0,5700204272,20891186,,
1728033251,0,7229913158,20891191,,
1728033299,0,4767785889,20891195,,
1728033731,0,5929283409,20891231,,
1728033755,0,15032497831,20891233,,
1728033791,0,9158410361,20891236,,
1728033923,0,7285447645,20891247,,
1728034691,0,12819303594,20891310,,
1728034955,0,10492671612,20891332,,
1728035135,0,6230583924,20891347,,
1728035303,0,25826201732,20891361,,
1728035543,0,8286184643,20891381,,
1728035639,0,5484169936,20891389,,
1728036587,0,5004414953,20891467,,
1728036791,0,4192148452,20891484,,
1728036803,0,8326865467,20891485,,
1728036827,0,5822610926,20891487,,
1728036935,0,6873254889,20891496,,
1728036983,0,6489881519,20891500,,
1728037103,0,19514395158,20891510,,
1728037259,0,16005213314,20891523,,
1728037835,0,10487924829,20891571,,
1728038711,0,5000000000,20891644,,
1728039107,0,5951326274,20891677,,
1728039347,0,16058479061,20891697,,
1728039731,0,6605220992,20891729,,
1728040811,0,8903541875,20891819,,
1728041759,0,6453940591,20891898,,
1728042263,0,6250000000,20891940,,
1728042683,0,32203165147,20891975,,
1728042695,0,6665928576,20891976,,
1728042731,0,37804571498,20891979,,
1728042839,0,4272423923,20891988,,
1728042947,0,5188873034,20891997,,
1728042947,0,6188873034,20891997,,
1728043127,0,3895645265,20892012,,
1728044051,0,7006503170,20892088,,
1728044111,0,7348902118,20892093,,
1728044459,0,5393948369,20892122,,
1728044555,0,8412333867,20892130,,
1728044663,0,5857539827,20892139,,
1728044735,0,5503627570,20892145,,
1728044759,0,13307389681,20892147,,
1728045047,0,5110252504,20892171,,
1728045059,0,19489839706,20892172,,
1728045143,0,8678004711,20892179,,
1728045167,0,123813699048,20892181,,
1728045179,0,8010148753,20892182,,
1728045251,0,6027517767,20892188,,
1728045347,0,9255191854,20892196,,
1728045551,0,8107506466,20892213,,
1728045719,0,10275054048,20892226,,
1728045731,0,47351821702,20892227,,
1728046091,0,9618743278,20892257,,
1728046139,0,8489346650,20892261,,
1728046151,0,11233517857,20892262,,
1728046175,0,18973554045,20892264,,
1728046379,0,11748536996,20892281,,
1728046631,0,7984607470,20892302,,
1728046631,0,6158562552,20892302,,
1728046631,0,7098462552,20892302,,
1728046691,0,5693701142,20892307,,
1728046703,0,23708541841,20892308,,
1728046715,0,24583340714,20892309,,
1728046739,0,7600127661,20892311,,
1728046763,0,7264848964,20892313,,
1728046787,0,24045950013,20892315,,
1728046799,0,8312419980,20892316,,
1728046823,0,7445664647,20892318,,
1728046859,0,12135034532,20892321,,
1728046895,0,8663820404,20892324,,
1728046967,0,13712717454,20892330,,
1728046979,0,8910920633,20892331,,
1728046991,0,10327699606,20892332,,
1728047051,0,9812151134,20892337,,
1728047099,0,39003491548,20892341,,
1728047135,0,8903326408,20892344,,
1728047171,0,8900414261,20892347,,
1728047195,0,10207992330,20892349,,
1728047207,0,39275833952,20892350,,
1728047231,0,15058559396,20892352,,
1728047255,0,11278943697,20892354,,
1728047411,0,9439845021,20892367,,
1728047411,0,8297034808,20892367,,
1728047987,0,10681929144,20892415,,
1728048083,0,12052928339,20892423,,
1728048575,0,8344452720,20892464,,
1728048719,0,14403368926,20892476,,
1728048731,0,9383943289,20892477,,
1728048791,0,15810898401,20892482,,
1728048899,0,23279826024,20892491,,
1728048971,0,13673697287,20892497,,
1728049151,0,17085213226,20892512,,
1728049223,0,9482700374,20892518,,
1728049391,0,19929620222,20892532,,
1728049475,0,12330764567,20892539,,
1728049487,0,10000000000,20892540,,
1728049583,0,9557621599,20892548,,
1728049751,0,13098281449,20892562,,
1728049823,0,18433708148,20892568,,
1728049919,0,10286291604,20892576,,
1728050003,0,10423327863,20892583,,
1728050099,0,11045874417,20892591,,
1728050219,0,11079752623,20892601,,
1728050423,0,11813317104,20892618,,
1728050495,0,15362958759,20892624,,
1728050627,0,11883044714,20892634,,
1728050783,0,18455266836,20892647,,
1728050939,0,9722911197,20892660,,
1728050951,0,15453281083,20892661,,
1728050999,0,16479897856,20892665,,
1728051035,0,12045776269,20892668,,
1728051035,0,12709117534,20892668,,
1728051059,0,13577766833,20892670,,
1728051071,0,14769808133,20892671,,
1728051083,0,16008971641,20892672,,
1728051851,0,31035032410,20892736,,
1728052055,0,21804635445,20892753,,
1728052067,0,12903407460,20892754,,
1728052211,0,17344483362,20892766,,
1728052319,0,43187019842,20892775,,
1728052451,0,15347223430,20892786,,
1728052499,0,14256561339,20892790,,
1728052511,0,16539310546,20892791,,
1728053063,0,23212344190,20892837,,
1728053111,0,11700759020,20892841,,
1728053435,0,12538313378,20892868,,
1728053639,0,15780639708,20892885,,
1728053759,0,14068564548,20892895,,
1728054251,0,16900977894,20892936,,
1728054275,0,25797239905,20892938,,
1728054287,0,12217524377,20892939,,
1728054371,0,12809055907,20892946,,
1728054419,0,26318767269,20892950,,
1728054827,0,13191694144,20892984,,
1728055199,0,8683594050,20893015,,
1728055391,0,12283761325,20893031,,
1728055883,0,14683487160,20893072,,
1728056003,0,11190509040,20893082,,
1728056075,0,26959072388,20893088,,
1728056435,0,15669699744,20893118,,
1728056459,0,14900000000,20893120,,
1728056711,0,25176120525,20893141,,
1728056843,0,22010296989,20893152,,
1728056891,0,23757479670,20893156,,
1728057647,0,25345912398,20893219,,
1728057695,0,37983017925,20893223,,
1728057767,0,23204886090,20893229,,
1728058103,0,32370853171,20893257,,
1728059279,0,16541454032,20893355,,
1728059291,0,13551569303,20893356,,
1728059327,0,16949383174,20893359,,
1728059423,0,15641344333,20893367,,
1728059459,0,27018951348,20893370,,
1728059495,0,17593512517,20893373,,
1728059507,0,20302441945,20893374,,
1728059531,0,139434978842,20893376,,
1728059555,0,26311781763,20893378,,
1728059603,0,16006113457,20893382,,
1728059819,0,14814881461,20893400,,
1728059903,0,17712068597,20893407,,
1728059963,0,16919373583,20893412,,
1728059963,0,16919373583,20893412,,
1728059987,0,17674271238,20893414,,
1728060251,0,44313725406,20893436,,
1728060359,0,18070474980,20893445,,
1728060419,0,20546826206,20893450,,
1728060431,0,14146170265,20893451,,
1728060551,0,13159318180,20893461,,
1728060587,0,15777522144,20893464,,
1728060599,0,20484800259,20893465,,
1728060707,0,14493778883,20893474,,
1728060827,0,13124385419,20893484,,
1728060959,0,18099539258,20893495,,
1728060983,0,11224719590,20893497,,
1728061055,0,11288789662,20893503,,
1728061787,0,10573141321,20893564,,
1728061823,0,11489555930,20893567,,
1728061883,0,10245675699,20893572,,
1728061931,0,9867297799,20893576,,
1728061931,0,9784418880,20893576,,
1728061943,0,9829713158,20893577,,
1728062075,0,8710579096,20893588,,
1728062075,0,10947130014,20893588,,
1728062075,0,8710579096,20893588,,
1728062087,0,23068410088,20893589,,
1728062483,0,26216369046,20893622,,
1728062507,0,12266469566,20893624,,
1728062759,0,21519084572,20893645,,
1728062915,0,24227839269,20893658,,
1728063371,0,12390757939,20893695,,
1728063647,0,10278533860,20893717,,
1728063683,0,9896424760,20893720,,
1728063683,0,36367241668,20893720,,
1728063695,0,9796069560,20893721,,
1728063803,0,9483856043,20893730,,
1728063875,0,8254679254,20893736,,
1728064019,0,7525454800,20893748,,
1728064103,0,8327258952,20893755,,
1728064139,0,18486084187,20893758,,
1728064295,0,13058146454,20893771,,
1728064391,0,6896039457,20893779,,
1728065087,0,9580302559,20893837,,
1728065111,0,10555689997,20893839,,
1728065555,0,5728154338,20893876,,
1728065987,0,18711025174,20893912,,
1728066095,0,12446138731,20893921,,
1728066347,0,10008017858,20893942,,
1728066371,0,9463770311,20893944,,
1728066551,0,7512463383,20893959,,
1728066731,0,9600501107,20893974,,
1728066839,0,7074952061,20893983,,
1728066947,0,7121972947,20893992,,
1728067163,0,12127341233,20894010,,
1728067535,0,15269377635,20894041,,
1728067739,0,11421168613,20894058,,
1728067811,0,10157067129,20894064,,
1728067847,0,8977406556,20894067,,
1728068279,0,56629859337,20894102,,
1728068303,0,9008884039,20894104,,
1728068351,0,10619531645,20894108,,
1728068519,0,14060299446,20894122,,
1728068555,0,8317773800,20894125,,
1728068591,0,8593796776,20894128,,
1728068795,0,6847823461,20894145,,
1728069263,0,8350552478,20894184,,
1728069311,0,8466149031,20894188,,
1728069383,0,6555618231,20894194,,
1728069479,0,648355343902,20894202,,
1728069479,0,6147058824,20894202,,
1728069479,0,7220010925,20894202,,
1728069479,0,6147058824,20894202,,
1728069503,0,12798505004,20894204,,
1728069611,0,23620194407,20894213,,
1728069803,0,6604071873,20894229,,
1728069947,0,8605237127,20894241,,
1728070247,0,7982641677,20894265,,
1728070331,0,8555188720,20894272,,
1728071027,0,12338283344,20894330,,
1728071123,0,10001723433,20894338,,
1728071183,0,41568083536,20894343,,
1728071231,0,36704884560,20894347,,
1728071303,0,17773271433,20894353,,
1728071327,0,15702026184,20894355,,
1728071351,0,57816996887,20894357,,
1728071375,0,11958485980,20894359,,
1728071387,0,15256466835,20894360,,
1728071423,0,13019735211,20894363,,
1728071675,0,101677064813,20894384,,
1728071711,0,11092708595,20894387,,
1728071735,0,12338744196,20894389,,
1728071831,0,10699428934,20894397,,
1728071831,0,19216458943,20894397,,
1728071891,0,26980952697,20894402,,
1728072095,0,11383354219,20894419,,
1728072095,0,9664333253,20894419,,
1728072095,0,9664333253,20894419,,
1728072143,0,11476040799,20894423,,
1728072227,0,9130190709,20894430,,
1728072479,0,6599326262,20894451,,
1728072491,0,10462372981,20894452,,
1728072647,0,7500674713,20894465,,
1728072671,0,24311001182,20894467,,
1728072707,0,7983990796,20894470,,
1728072707,0,6013990796,20894470,,
1728072863,0,8125115467,20894483,,
1728072935,0,9280978433,20894489,,
1728073079,0,9185859732,20894501,,
1728073451,0,5528391871,20894532,,
1728073523,0,31982756967,20894538,,
1728073547,0,5594443860,20894540,,
1728073571,0,12881189003,20894542,,
1728073583,0,6177527669,20894543,,
1728073583,0,10117025005,20894543,,
1728073607,0,28336324545,20894545,,
1728073643,0,5388531759,20894548,,
1728073691,0,5353056936,20894552,,
1728073811,0,6035926305,20894562,,
1728074003,0,49956393452,20894578,,
1728074591,0,5895331136,20894627,,
1728075011,0,5225619469,20894661,,
1728075107,0,11883255332,20894669,,
1728075455,0,7212640493,20894697,,
1728075515,0,8458154645,20894702,,
1728075731,0,9532654300,20894720,,
1728075815,0,12163710660,20894727,,
1728076043,0,6969323436,20894746,,
1728076079,0,7918470754,20894749,,
1728076091,0,19095678878,20894750,,
1728076175,0,25114275139,20894757,,
1728076247,0,8681314033,20894763,,
1728076343,0,8261674949,20894771,,
1728076655,0,9367142171,20894797,,
1728076679,0,6779161597,20894799,,
1728077231,0,6928307267,20894845,,
1728077375,0,8511293828,20894857,,
1728077423,0,10861610128,20894861,,
1728077459,0,37978708443,20894864,,
1728077483,0,34182642501,20894866,,
1728077639,0,35171575496,20894879,,
1728077963,0,7768727647,20894906,,
1728078251,0,6305190454,20894930,,
1728078347,0,5940327204,20894938,,
1728078515,0,5817876781,20894952,,
1728079463,0,5592795890,20895031,,
1728079619,0,5564702676,20895044,,
1728079643,0,6055593800,20895046,,
1728080063,0,5341580257,20895081,,
1728080219,0,5182332798,20895094,,
1728080315,0,4952855831,20895102,,
1728080363,0,4616970113,20895106,,
1728080423,0,5725462792,20895111,,
1728080531,0,4740778902,20895120,,
1728080711,0,5705240539,20895135,,
1728080771,0,5732166500,20895140,,
1728080807,0,4392766252,20895143,,
1728080939,0,16211198230,20895154,,
1728080999,0,5866750898,20895159,,
1728081407,0,6368170773,20895193,,
1728081851,0,9808167596,20895229,,
1728081971,0,3732937371,20895239,,
1728082127,0,4166480774,20895252,,
1728082127,0,5253807774,20895252,,
1728082463,0,4572098005,20895280,,
1728082907,0,3090092658,20895317,,
1728082943,0,3185000876,20895320,,
1728083195,0,3500073422,20895341,,
1728083267,0,21035477707,20895346,,
1728083363,0,12470681343,20895354,,
1728083531,0,33843486641,20895368,,
1728083867,0,3432023583,20895396,,
1728084107,0,3792672379,20895416,,
1728084623,0,5030492151,20895459,,
1728084719,0,2917472123,20895467,,
1728084791,0,4828394663,20895473,,
1728084971,0,4593088336,20895488,,
1728085127,0,4566043603,20895501,,
1728085571,0,18545259355,20895538,,
1728085595,0,2746806797,20895540,,
1728085643,0,22377273250,20895544,,
1728085823,0,26070656598,20895558,,
1728085871,0,13398657212,20895562,,
1728085883,0,25791656311,20895563,,
1728085919,0,12058205399,20895566,,
1728086111,0,3023020880,20895582,,
1728086171,0,5222306148,20895587,,
1728086543,0,42473774585,20895617,,
1728086591,0,104966664861,20895621,,
1728086615,0,38020909938,20895622,,
1728086651,0,6567124534,20895625,,
1728086663,0,3653880936,20895626,,
1728086687,0,4138536888,20895628,,
1728086735,0,4222970110,20895632,,
1728086747,0,3173036123,20895633,,
1728087011,0,5108879023,20895654,,
1728087251,0,13797766761,20895674,,
1728087275,0,3690841817,20895676,,
1728087695,0,3347201722,20895711,,
1728087827,0,5963813413,20895722,,
1728088055,0,4113689724,20895741,,
1728088067,0,6455196698,20895742,,
1728088127,0,18865030716,20895747,,
1728088883,0,3347402171,20895810,,
1728089015,0,8269724381,20895821,,
1728089039,0,5238350588,20895823,,
1728089231,0,12415136403,20895839,,
1728089303,0,6019039569,20895845,,
1728089435,0,3919225050,20895856,,
1728089531,0,9926057542,20895864,,
1728089603,0,3448979180,20895870,,
1728089663,0,4430004062,20895874,,
1728089807,0,3830917119,20895886,,
1728090191,0,6926471714,20895918,,
1728090203,0,4119182612,20895919,,
1728090215,0,6479999842,20895920,,
1728090755,0,3912423530,20895965,,
1728091007,0,8974998756,20895986,,
1728091175,0,8022982125,20896000,,
1728091283,0,4314002767,20896009,,
1728091475,0,3609267967,20896025,,
1728091511,0,4318439818,20896028,,
1728091523,0,4719062495,20896029,,
1728091535,0,41935071041,20896030,,
1728091619,0,7466618675,20896037,,
1728091691,0,21427924493,20896043,,
1728091715,0,4323133978,20896045,,
1728091727,0,6184565242,20896046,,
1728091775,0,4374144662,20896050,,
1728091895,0,4344007933,20896060,,
1728092207,0,3804579907,20896086,,
1728092303,0,4440544983,20896094,,
1728092363,0,8253447885,20896099,,
1728092387,0,19355212659,20896101,,
1728092435,0,20388855869,20896105,,
1728092459,0,4407323662,20896107,,
1728092747,0,6250000000,20896131,,
1728092999,0,3895281132,20896152,,
1728093419,0,3386015824,20896187,,
1728093803,0,3634804132,20896219,,
1728093851,0,5194626983,20896223,,
1728094223,0,23987171857,20896254,,
1728094283,0,6328922952,20896259,,
1728094739,0,4840181822,20896297,,
1728094787,0,4134997777,20896301,,
1728094967,0,4188496547,20896316,,
1728095087,0,4008091948,20896326,,
1728095939,0,3307907259,20896397,,
1728096383,0,5353309655,20896434,,
1728096407,0,2350695865,20896436,,
1728096431,0,32747091936,20896438,,
1728096527,0,5010405801,20896446,,
1728096791,0,4193774807,20896468,,
1728096923,0,11113728761,20896479,,
1728096935,0,8325345262,20896480,,
1728097031,0,4113170874,20896488,,
1728097031,0,26099284400,20896488,,
1728097139,0,3230285103,20896497,,
1728097355,0,17881986464,20896515,,
1728097703,0,4689458444,20896544,,
1728097943,0,4063257537,20896564,,
1728098687,0,4559100001,20896625,,
1728099119,0,6204523226,20896661,,
1728099239,0,8196489162,20896671,,
1728099299,0,5264680221,20896676,,
1728099995,0,3704469109,20896734,,
1728100559,0,6343306024,20896781,,
1728100691,0,27657303976,20896792,,
1728100703,0,14523818705,20896793,,
1728101315,0,5424858720,20896844,,
1728101327,0,7514699237,20896845,,
1728101387,0,5070148456,20896850,,
1728102575,0,6250990950,20896949,,
1728102791,0,3799429212,20896967,,
1728102791,0,7236900416,20896967,,
1728102875,0,3696182120,20896974,,
1728102887,0,18067957125,20896975,,
1728102983,0,18486937438,20896983,,
1728103019,0,9471640644,20896986,,
1728103031,0,26030273154,20896987,,
1728103043,0,7250700774,20896988,,
1728103055,0,28683117114,20896989,,
1728103067,0,16042380778,20896990,,
1728103103,0,5046100856,20896993,,
1728103331,0,4666363540,20897012,,
1728103727,0,3512836276,20897045,,
1728103955,0,11517449616,20897064,,
1728104483,0,3717819056,20897108,,
1728104555,0,9792795954,20897114,,
1728104855,0,4380327803,20897139,,
1728104951,0,15008791286,20897147,,
1728104963,0,8227867469,20897148,,
1728105011,0,43498401080,20897152,,
1728105035,0,4262020343,20897154,,
1728105179,0,4288461092,20897166,,
1728105191,0,4616094672,20897167,,
1728105587,0,4822160771,20897199,,
1728105611,0,5698257536,20897201,,
1728106367,0,4915167906,20897264,,
1728106463,0,6315855926,20897272,,
1728106919,0,4806659551,20897310,,
1728107051,0,5078707972,20897321,,
1728107231,0,6415569555,20897336,,
1728107327,0,15147647482,20897344,,
1728107351,0,7900477187,20897346,,
1728108479,0,14194536445,20897440,,
1728108515,0,2812550338,20897443,,
1728109427,0,3224639195,20897519,,
1728109439,0,17461118914,20897520,,
1728110375,0,3560601761,20897598,,
1728110807,0,3142249041,20897634,,
1728110975,0,5980707106,20897648,,
1728112283,0,4860560740,20897757,,
1728112655,0,17614695135,20897788,,
1728112667,0,4624342100,20897789,,
1728112691,0,4800738556,20897791,,
1728112823,0,6260090831,20897801,,
1728112991,0,4181921906,20897815,,
1728113483,0,4170825049,20897856,,
1728113663,0,5618513683,20897871,,
1728113711,0,4762042499,20897875,,
1728113987,0,3815439673,20897898,,
1728113987,0,4737056678,20897898,,
1728114299,0,4314741192,20897924,,
1728114527,0,5164382061,20897943,,
1728114563,0,5473126157,20897946,,
1728114587,0,3700000000,20897948,,
1728115019,0,4522440768,20897984,,
1728115427,0,4602110748,20898017,,
1728115475,0,13527815122,20898021,,
1728115631,0,3949235391,20898034,,
1728115811,0,5965304829,20898049,,
1728116327,0,9824431081,20898091,,
1728116351,0,6898217975,20898093,,
1728117023,0,7240698320,20898148,,
1728117251,0,9133714517,20898167,,
1728117287,0,7596274135,20898170,,
1728117779,0,6493530424,20898211,,
1728118091,0,5481864969,20898237,,
1728118583,0,3542663172,20898278,,
1728118727,0,4738568400,20898290,,
1728119171,0,33754601722,20898326,,
1728119219,0,6634303324,20898330,,
1728119975,0,88613393418,20898393,,
1728120695,0,5795632426,20898453,,
1728120791,0,4600000000,20898461,,
1728120911,0,5447233907,20898471,,
1728121235,0,3793014249,20898498,,
1728121331,0,4849452019,20898506,,
1728121475,0,4570848972,20898518,,
1728121859,0,5797765405,20898550,,
1728122003,0,6718310949,20898562,,
1728122423,0,4418559749,20898596,,
1728122459,0,31999485962,20898599,,
1728122555,0,5728561625,20898607,,
1728122651,0,5000000000,20898615,,
1728122819,0,7266653801,20898629,,
1728122927,0,128357906106,20898638,,
1728123119,0,16890799975,20898654,,
1728123155,0,13753202369,20898657,,
1728123263,0,26702155427,20898666,,
1728123695,0,18261492385,20898702,,
1728123875,0,27689496027,20898717,,
1728123947,0,21905362779,20898723,,
1728124331,0,30280243762,20898755,,
1728124355,0,22311332913,20898757,,
1728124787,0,17563613577,20898793,,
1728124847,0,18304197034,20898798,,
1728125051,0,12888986903,20898815,,
1728125279,0,14541953588,20898834,,
1728125315,0,31595627635,20898837,,
1728125327,0,12376764921,20898838,,
1728125351,0,28369027595,20898840,,
1728126623,0,11531801830,20898946,,
1728126659,0,11536841866,20898949,,
1728127007,0,9411762490,20898978,,
1728127403,0,6054903593,20899011,,
1728127427,0,6922799271,20899013,,
1728127487,0,7690695221,20899018,,
1728127631,0,7113694320,20899030,,
1728127967,0,7008626240,20899058,,
1728128015,0,25602606176,20899062,,
1728128927,0,5335706056,20899138,,
1728129275,0,6100000000,20899167,,
1728129287,0,6022928731,20899168,,
1728129719,0,7496667153,20899204,,
1728129815,0,8127052613,20899212,,
1728129875,0,6993853720,20899217,,
1728130235,0,4985169101,20899247,,
1728130307,0,4380044900,20899253,,
1728130895,0,6024920770,20899302,,
1728131099,0,4452112537,20899319,,
1728131291,0,5980409994,20899335,,
1728131495,0,4746708380,20899352,,
1728131699,0,6945360758,20899369,,
1728131951,0,3983254652,20899390,,
1728132155,0,14248592308,20899406,,
1728132395,0,4016253476,20899426,,
1728132719,0,4425883822,20899453,,
1728132815,0,4101003983,20899461,,
1728132827,0,100927532043,20899462,,
1728132911,0,5665742304,20899469,,
1728133151,0,4825310109,20899489,,
1728133967,0,13810894896,20899557,,
1728134027,0,8691671682,20899562,,
1728134063,0,69558148584,20899565,,
1728134147,0,19256280163,20899572,,
1728134159,0,84819327059,20899573,,
1728134195,0,87056075539,20899576,,
1728134219,0,9518635747,20899578,,
1728134507,0,8656493899,20899602,,
1728135371,0,9442222677,20899674,,
1728135683,0,27792771478,20899699,,
1728135719,0,24970284090,20899702,,
1728135731,0,9376412911,20899703,,
1728135743,0,12377599765,20899704,,
1728135779,0,9429548206,20899707,,
1728135863,0,9601085627,20899714,,
1728135983,0,14247518489,20899724,,
1728136043,0,13405155801,20899729,,
1728136055,0,14602453679,20899730,,
1728136091,0,9448261361,20899733,,
1728136403,0,10090752751,20899759,,
1728136931,0,26867187715,20899803,,
1728137111,0,14746316281,20899818,,
1728137267,0,6599816248,20899831,,
1728137351,0,8622694507,20899838,,
1728138179,0,7378683821,20899907,,
1728138719,0,8470709169,20899952,,
1728138719,0,8945185293,20899952,,
1728138839,0,9524515259,20899962,,
1728138923,0,9694163757,20899969,,
1728138959,0,9270653758,20899972,,
1728139127,0,9194984162,20899986,,
1728139391,0,5737060996,20900008,,
1728139547,0,5629872740,20900021,,
1728139679,0,13201459404,20900032,,
1728139727,0,15036051734,20900036,,
1728139919,0,11305321691,20900052,,
1728140675,0,5968313634,20900113,,
1728140687,0,7018269798,20900114,,
1728140855,0,8854911572,20900128,,
1728140855,0,6872179280,20900128,,
1728141323,0,7026441078,20900167,,
1728141407,0,6814878783,20900174,,
1728141419,0,6923485938,20900175,,
1728141479,0,5954131770,20900180,,
1728143555,0,6374716228,20900352,,
1728144143,0,13444290775,20900400,,
1728144323,0,12131157883,20900415,,
1728144431,0,14511720862,20900424,,
1728144851,0,9548441479,20900459,,
1728144923,0,8940333068,20900465,,
1728144947,0,8871391598,20900467,,
1728144983,0,8164768482,20900470,,
1728144995,0,9031181566,20900471,,
1728145019,0,27462527269,20900473,,
1728145031,0,6608869631,20900474,,
1728145079,0,7270745005,20900478,,
1728145103,0,8132319403,20900480,,
1728145439,0,59370050295,20900508,,
1728145571,0,8274747550,20900519,,
1728145679,0,5642178589,20900528,,
1728145811,0,6453531310,20900539,,
1728146195,0,12904515739,20900571,,
1728146411,0,9669415318,20900589,,
1728146423,0,8035063739,20900590,,
1728146795,0,4821790046,20900621,,
1728147071,0,41261085037,20900644,,
1728147359,0,45518119408,20900668,,
1728147431,0,17956352798,20900674,,
1728147587,0,4887005945,20900687,,
1728148271,0,5808106914,20900744,,
1728148331,0,3994890037,20900749,,
1728148427,0,3649458698,20900757,,
1728148667,0,4374547002,20900777,,
1728148967,0,7067632494,20900802,,
1728148979,0,5702770579,20900803,,
1728149003,0,5250564616,20900805,,
1728149111,0,3054558375,20900814,,
1728149171,0,3138814231,20900819,,
1728149627,0,5244040083,20900856,,
1728149699,0,8678787841,20900862,,
1728149771,0,8875110233,20900868,,
1728150515,0,19153590303,20900930,,
1728151727,0,18444734655,20901031,,
1728152903,0,13384290049,20901129,,
1728153263,0,12994158969,20901159,,
1728153419,0,12944763633,20901172,,
1728153443,0,11627155707,20901174,,
1728153503,0,13192853171,20901179,,
1728154139,0,15957948037,20901232,,
1728154163,0,49340133636,20901234,,
1728154727,0,36176386765,20901281,,
1728154763,0,12385270080,20901284,,
1728155015,0,13743974428,20901305,,
1728155351,0,13738187088,20901333,,
1728155507,0,11771567506,20901346,,
1728155951,0,54850790405,20901383,,
1728156923,0,7865502096,20901464,,
1728157451,0,6690723284,20901507,,
1728157703,0,6500000000,20901528,,
1728157955,0,8339592308,20901549,,
1728157979,0,47574928479,20901551,,
1728158015,0,686647863776,20901554,,
1728158039,0,5337604935,20901556,,
1728158099,0,4994832707,20901561,,
1728158255,0,4319943008,20901574,,
1728158423,0,13001752818,20901588,,
1728158903,0,5592525308,20901627,,
1728158963,0,56063615793,20901632,,
1728158975,0,5782002452,20901633,,
1728158975,0,60945443921,20901633,,
1728158987,0,10479277647,20901634,,
1728159119,0,8130813677,20901645,,
1728159227,0,7387926729,20901654,,
1728159515,0,7749830925,20901678,,
1728159707,0,10823129483,20901694,,
1728159887,0,22544099070,20901709,,
1728160127,0,5716958452,20901729,,
1728160187,0,3390438196,20901734,,
1728160631,0,5280545498,20901771,,
1728160631,0,6580517832,20901771,,
1728160871,0,5630336400,20901791,,
1728160919,0,10780512430,20901795,,
1728161027,0,4284591645,20901804,,
1728161471,0,6781780206,20901841,,
1728161483,0,6262512600,20901842,,
1728161495,0,3811355258,20901843,,
1728161507,0,3805345306,20901844,,
1728161855,0,4860984500,20901873,,
1728161867,0,6626636366,20901874,,
1728161951,0,4824600565,20901881,,
1728162215,0,4453213731,20901903,,
1728162551,0,5503552793,20901931,,
1728162623,0,3901907744,20901937,,
1728162683,0,3848381212,20901942,,
1728162707,0,9131199940,20901944,,
1728162815,0,10384987777,20901953,,
1728162863,0,33240395059,20901957,,
1728162887,0,4909209561,20901959,,
1728162971,0,4762445984,20901966,,
1728163031,0,4907312741,20901971,,
1728163139,0,4672841130,20901980,,
1728163199,0,18779953851,20901985,,
1728163211,0,3826798808,20901986,,
1728163259,0,3596720049,20901990,,
1728163283,0,3860072902,20901992,,
1728163331,0,6026495064,20901996,,
1728163403,0,8452148438,20902002,,
1728163727,0,6040980544,20902029,,
1728163919,0,3937818935,20902045,,
1728164699,0,8403722379,20902109,,
1728165155,0,8912052333,20902147,,
1728165419,0,6118000394,20902169,,
1728165431,0,5317278407,20902170,,
1728166799,0,409041865428,20902284,,
1728166883,0,4627635963,20902291,,
1728166943,0,12248956947,20902296,,
1728167027,0,7726611687,20902303,,
1728167087,0,12601192013,20902308,,
1728167231,0,7400000000,20902320,,
1728167687,0,8670718101,20902358,,
1728167711,0,3941881568,20902360,,
1728167723,0,3744138059,20902361,,
1728167783,0,8735410709,20902366,,
1728167867,0,20162871518,20902373,,
1728168383,0,6394056152,20902416,,
1728168599,0,5867033671,20902434,,
1728168995,0,8319347694,20902467,,
1728169235,0,6567021125,20902487,,
1728169475,0,7436440003,20902507,,
1728169511,0,5730422851,20902510,,
1728169583,0,6589430798,20902516,,
1728169679,0,3883092245,20902524,,
