timestamp,gasUsed,gasPrice,blockNumber
1727604623,0,6598863605,20855609
1727604659,0,6871562289,20855612
1727604707,0,6881709153,20855616
1727604755,0,6727898230,20855620
1727604803,0,6734747456,20855624
1727604815,0,6469013272,20855625
1727604839,0,7059418247,20855627
1727604863,0,6808751291,20855629
1727604923,0,7776842008,20855634
1727604935,0,25506507715,20855635
1727604959,0,11116778263,20855637
1727604983,0,6703245279,20855639
1727605031,0,6772606588,20855642
1727605043,0,10866941471,20855643
1727605127,0,6886888574,20855650
1727605151,0,9019397222,20855652
1727605199,0,33878949113,20855656
1727605211,0,9664100751,20855657
1727605223,0,13394175519,20855658
1727605259,0,8389838232,20855661
1727605271,0,6404006401,20855662
1727605283,0,7160984059,20855663
1727605355,0,31675924847,20855669
1727605355,0,6296596970,20855669
1727605391,0,6949823495,20855672
1727605403,0,6900000000,20855673
1727605403,0,32210593605,20855673
1727605451,0,7547337989,20855677
1727605463,0,7265495876,20855678
1727605487,0,6980903225,20855680
1727605535,0,5408381479,20855684
1727605535,0,6348281479,20855684
1727605559,0,5893447210,20855686
1727605619,0,9272424907,20855691
1727605643,0,7787535265,20855693
1727605739,0,5814447488,20855701
1727605739,0,8031055306,20855701
1727605823,0,9804708682,20855708
1727605847,0,15523241809,20855710
1727605895,0,7191954536,20855714
1727605907,0,10318429860,20855715
1727605943,0,17892936385,20855718
1727605955,0,6790198917,20855719
1727605955,0,6912631223,20855719
1727605967,0,34705186858,20855720
1727605967,0,6772630438,20855720
1727606027,0,5742839127,20855725
1727606027,0,5788839127,20855725
1727606027,0,6601350307,20855725
1727606063,0,7982530034,20855728
1727606087,0,5681627875,20855730
1727606123,0,14678890060,20855733
1727606123,0,6946573117,20855733
1727606135,0,7467182682,20855734
1727606183,0,6133961678,20855738
1727606231,0,6420473969,20855742
1727606243,0,24329147308,20855743
1727606279,0,5087653451,20855746
1727606279,0,5894636294,20855746
1727606279,0,5894636294,20855746
1727606315,0,5660916192,20855749
1727606327,0,6243912984,20855750
1727606327,0,7459416885,20855750
1727606363,0,7928523928,20855753
1727606363,0,6713020027,20855753
1727606375,0,6128439788,20855754
1727606375,0,8127439788,20855754
1727606411,0,6870874860,20855757
1727606459,0,7048493319,20855761
1727606483,0,5403060565,20855763
1727606531,0,6491143507,20855767
1727606543,0,6000000000,20855768
1727606543,0,5993524522,20855768
1727606555,0,6000000000,20855769
1727606603,0,6900000000,20855773
1727606615,0,30788433020,20855774
1727606627,0,6662393094,20855775
1727606663,0,6416032566,20855778
1727606687,0,23602578413,20855780
1727606723,0,13025145630,20855783
1727606723,0,6311473521,20855783
1727606735,0,5797767747,20855784
1727606735,0,6458981075,20855784
1727606759,0,6807632405,20855786
1727606759,0,24775613471,20855786
1727606879,0,5485962769,20855796
1727606879,0,5445962769,20855796
1727606903,0,5540683378,20855798
1727606939,0,5278199298,20855801
1727607071,0,5623329355,20855812
1727607095,0,21201701054,20855814
1727607215,0,5985439842,20855824
1727607287,0,5407071208,20855830
1727607299,0,6119822077,20855831
1727607359,0,6250299843,20855836
1727607371,0,5297938853,20855837
1727607383,0,5721240725,20855838
1727607479,0,5720749102,20855846
1727607611,0,5536467408,20855857
1727607611,0,7061958562,20855857
1727607611,0,20605739631,20855857
1727607623,0,6172620530,20855858
1727607647,0,5900000000,20855860
1727607851,0,5931508493,20855877
1727607899,0,5734448358,20855881
1727607899,0,7139763235,20855881
1727607947,0,5067353990,20855885
1727607959,0,7086511924,20855886
1727607971,0,6494450213,20855887
1727608067,0,5592123298,20855895
1727608079,0,5561498085,20855896
1727608091,0,5804485711,20855897
1727608103,0,5729795030,20855898
1727608151,0,5288934665,20855902
1727608163,0,24754727135,20855903
1727608247,0,5907711847,20855909
1727608259,0,6034307628,20855910
1727608283,0,6247965335,20855912
1727608295,0,7894056411,20855913
1727608295,0,6454669130,20855913
1727608511,0,7578170418,20855931
1727608547,0,6736511502,20855934
1727608559,0,9895352207,20855935
1727608595,0,7664753128,20855938
1727608595,0,7058581388,20855938
1727608631,0,10119783784,20855941
1727608631,0,17959994589,20855941
1727608631,0,6816904061,20855941
1727608655,0,5364538781,20855943
1727608763,0,15610571714,20855952
1727608787,0,6452416453,20855954
1727608787,0,9562656122,20855954
1727608811,0,17345713497,20855956
1727608823,0,5811942220,20855957
1727608871,0,5832475063,20855961
1727608895,0,5882996809,20855963
1727608907,0,7012087231,20855964
1727608955,0,5605761294,20855968
1727608979,0,5580560628,20855970
1727609015,0,5956807296,20855973
1727609075,0,5904238840,20855978
1727609099,0,6036512697,20855980
1727609111,0,5639838616,20855981
1727609135,0,7211117961,20855983
1727609147,0,6151044664,20855984
1727609159,0,6255000000,20855985
1727609183,0,6513765523,20855987
1727609183,0,6413765523,20855987
1727609207,0,12648411880,20855989
1727609303,0,6627800408,20855997
1727609339,0,6127692587,20856000
1727609387,0,10182478253,20856004
1727609435,0,5704303270,20856008
1727609495,0,5981165108,20856013
1727609519,0,6534363061,20856015
1727609531,0,6367261793,20856016
1727609531,0,7867261793,20856016
1727609639,0,6576568756,20856025
1727609663,0,7014509194,20856027
1727609759,0,5198067119,20856035
1727609831,0,5857477268,20856041
1727609879,0,55562601156,20856045
1727609891,0,19456442669,20856046
1727609927,0,5256415157,20856049
1727609927,0,5735845743,20856049
1727609939,0,6461773259,20856050
1727609951,0,6945497775,20856051
1727609963,0,5025998678,20856052
1727609963,0,5487546346,20856052
1727610035,0,15827009590,20856058
1727610047,0,5614016237,20856059
1727610047,0,5614016237,20856059
1727610059,0,19838040397,20856060
1727610083,0,7018793430,20856062
1727610107,0,5241950366,20856064
1727610131,0,10058353810,20856066
1727610239,0,5940556204,20856075
1727610335,0,7529844987,20856083
1727610335,0,7529844987,20856083
1727610347,0,5874358327,20856084
1727610371,0,5218781281,20856086
1727610419,0,4996696752,20856090
1727610467,0,6279735546,20856094
1727610491,0,6944697530,20856096
1727610491,0,5444697530,20856096
1727610563,0,5713215495,20856102
1727610563,0,8854169948,20856102
1727610563,0,5708335264,20856102
1727610599,0,5675139818,20856105
1727610623,0,5657623879,20856107
1727610635,0,22366191299,20856108
1727610647,0,5775308567,20856109
1727610671,0,5599729331,20856111
1727610719,0,5400000000,20856115
1727610803,0,6011018640,20856122
1727610815,0,7055179810,20856123
1727610827,0,5898603920,20856124
1727610851,0,5944063174,20856126
1727610875,0,6021518303,20856128
1727610875,0,5521518303,20856128
1727610875,0,7021518303,20856128
1727610899,0,9997524915,20856130
1727610911,0,10407762073,20856131
1727610923,0,5755507749,20856132
1727610959,0,6344302517,20856135
1727610995,0,5795190042,20856138
1727611007,0,6486371251,20856139
1727611019,0,10628254916,20856140
1727611031,0,5282944037,20856141
1727611031,0,5231944037,20856141
1727611043,0,5536360291,20856142
1727611043,0,5516931165,20856142
1727611055,0,5223135263,20856143
1727611091,0,5709508583,20856146
1727611175,0,5713921683,20856153
1727611175,0,5814269992,20856153
1727611223,0,6792154577,20856157
1727611235,0,4840391683,20856158
1727611247,0,5596671166,20856159
1727611295,0,56629328714,20856163
1727611319,0,9948293295,20856165
1727611331,0,5828302993,20856166
1727611331,0,9798782636,20856166
1727611343,0,6245176454,20856167
1727611379,0,35605706181,20856170
1727611391,0,6917971531,20856171
1727611403,0,76481395255,20856172
1727611463,0,7763150067,20856177
1727611475,0,7727620199,20856178
1727611487,0,7076539707,20856179
1727611535,0,6795446073,20856183
1727611547,0,6505636346,20856184
1727611583,0,7363527109,20856187
1727611595,0,7783955626,20856188
1727611607,0,7243966562,20856189
1727611631,0,6850180003,20856191
1727611679,0,6800000000,20856195
1727611691,0,8373713765,20856196
1727611703,0,6568388985,20856197
1727611715,0,5818831599,20856198
1727611763,0,6982086179,20856202
1727611775,0,11471614286,20856203
1727611847,0,5108639686,20856209
1727611847,0,7116639686,20856209
1727611847,0,22500466257,20856209
1727611847,0,5059639686,20856209
1727611871,0,6442031908,20856211
1727611883,0,5711352414,20856212
1727611943,0,6000000000,20856217
1727611991,0,7203847655,20856221
1727612015,0,6829263935,20856223
1727612015,0,6508610656,20856223
1727612015,0,6829263935,20856223
1727612075,0,8190328147,20856228
1727612075,0,6284744670,20856228
1727612099,0,7464842212,20856230
1727612183,0,4964108063,20856237
1727612183,0,4964108063,20856237
1727612207,0,5772737021,20856239
1727612219,0,6518212071,20856240
1727612231,0,6586194402,20856241
1727612255,0,6155461120,20856243
1727612267,0,22250838480,20856244
1727612279,0,17261935379,20856245
1727612279,0,6743649822,20856245
1727612291,0,6285990402,20856246
1727612303,0,6946154693,20856247
1727612339,0,7382987279,20856250
1727612375,0,8744838044,20856253
1727612399,0,11071684611,20856255
1727612411,0,6058618301,20856256
1727612423,0,22612550500,20856257
1727612459,0,7602117100,20856260
1727612471,0,36692974172,20856261
1727612507,0,7191222844,20856264
1727612543,0,6232656647,20856267
1727612567,0,26505707918,20856269
1727612579,0,32017972910,20856270
1727612675,0,33400967887,20856278
1727612711,0,7300000000,20856281
1727612723,0,7107451774,20856282
1727612735,0,6288871192,20856283
1727612735,0,8491306838,20856283
1727612759,0,7394688733,20856285
1727612771,0,6261947438,20856286
1727612783,0,6717112168,20856287
1727612795,0,7829259964,20856288
1727612807,0,6070851222,20856289
1727612819,0,39299167741,20856290
1727612819,0,7147063603,20856290
1727612831,0,6748067319,20856291
1727612867,0,6698057041,20856294
1727612927,0,6211009094,20856299
1727612963,0,6334832861,20856302
1727613059,0,6522369567,20856310
1727613095,0,5975375660,20856313
1727613095,0,6000341727,20856313
1727613119,0,5776790040,20856315
1727613155,0,5484985924,20856318
1727613179,0,7408718949,20856320
1727613215,0,5425475610,20856323
1727613239,0,6943244218,20856325
1727613251,0,49413546096,20856326
1727613263,0,32367784705,20856327
1727613323,0,6305741760,20856332
1727613323,0,5535741760,20856332
1727613323,0,6276641760,20856332
1727613323,0,6335741760,20856332
1727613371,0,6341467782,20856336
1727613371,0,5401507782,20856336
1727613407,0,20925669653,20856339
1727613443,0,5557881207,20856342
1727613443,0,12797895886,20856342
1727613443,0,5557881207,20856342
1727613467,0,5299890155,20856344
1727613467,0,5299890155,20856344
1727613467,0,7356950155,20856344
1727613503,0,6458543908,20856347
1727613515,0,8548333992,20856348
1727613539,0,5929351913,20856350
1727613575,0,7910944647,20856353
1727613623,0,5940637746,20856357
1727613623,0,7013840473,20856357
1727613623,0,6151997894,20856357
1727613623,0,7051997894,20856357
1727613635,0,6450468189,20856358
1727613827,0,6246336130,20856374
1727613887,0,6531930077,20856379
1727613887,0,7435930077,20856379
1727613947,0,7156285757,20856384
1727613971,0,27589277769,20856386
1727614079,0,10086805294,20856395
1727614103,0,8630651152,20856397
1727614175,0,7395582979,20856403
1727614175,0,7273832979,20856403
1727614223,0,7050463190,20856407
1727614247,0,6928342272,20856409
1727614295,0,7191119231,20856413
1727614307,0,10153657780,20856414
1727614307,0,6107378544,20856414
1727614319,0,7230290204,20856415
1727614355,0,10564058559,20856418
1727614355,0,7230647007,20856418
1727614391,0,6852702469,20856421
1727614391,0,8143819254,20856421
1727614403,0,7373876405,20856422
1727614403,0,39518471503,20856422
1727614415,0,7397102933,20856423
1727614427,0,7427078329,20856424
1727614451,0,18140093423,20856426
1727614475,0,44736061786,20856428
1727614499,0,7586824726,20856430
1727614499,0,6741120062,20856430
1727614523,0,28739768275,20856432
1727614535,0,7765090433,20856433
1727614559,0,7990082865,20856435
1727614559,0,24786563341,20856435
1727614571,0,7749125483,20856436
1727614607,0,29248898212,20856439
1727614619,0,22232377668,20856440
1727614631,0,7379040438,20856441
1727614643,0,8304416995,20856442
1727614679,0,7094606826,20856445
1727614799,0,6580809172,20856455
1727614799,0,8530809172,20856455
1727614823,0,7840255492,20856457
1727614847,0,7268195501,20856459
1727614847,0,24321906219,20856459
1727614895,0,33010635036,20856463
1727614907,0,8411087489,20856464
1727614919,0,8800000000,20856465
1727614979,0,9724961247,20856470
1727614979,0,48026064774,20856470
1727614991,0,9612829126,20856471
1727615003,0,10030029690,20856472
1727615039,0,10558156989,20856475
1727615111,0,8606559167,20856481
1727615123,0,32612294832,20856482
1727615135,0,12366129230,20856483
1727615159,0,9041689584,20856485
1727615171,0,10017078214,20856486
1727615183,0,10071053927,20856487
1727615195,0,10005307324,20856488
1727615195,0,11005307324,20856488
1727615219,0,8850527909,20856490
1727615231,0,9351038027,20856491
1727615243,0,9154785262,20856492
1727615243,0,10669452179,20856492
1727615267,0,9509518223,20856494
1727615291,0,130642213197,20856496
1727615291,0,9658376819,20856496
1727615303,0,87489858699,20856497
1727615339,0,12034104041,20856500
1727615339,0,11797524175,20856500
1727615375,0,15231555629,20856503
1727615411,0,13372093026,20856506
1727615435,0,21908377674,20856508
1727615447,0,25446633141,20856509
1727615459,0,10336581632,20856510
1727615483,0,12074735462,20856512
1727615495,0,11792000719,20856513
1727615495,0,13373845916,20856513
1727615555,0,64121211375,20856518
1727615591,0,11167418617,20856521
1727615615,0,15841335911,20856523
1727615627,0,12532958828,20856524
1727615663,0,18062603683,20856527
1727615687,0,83007897923,20856529
1727615747,0,12959810425,20856534
1727615783,0,30513305316,20856537
1727615807,0,41182431025,20856539
1727615879,0,14100546867,20856545
1727615903,0,35742428577,20856547
1727615927,0,15084076685,20856549
1727615987,0,41944675490,20856554
1727615999,0,13249317828,20856555
1727616011,0,12329962239,20856556
1727616023,0,29973574383,20856557
1727616035,0,12923973687,20856558
1727616155,0,13349454174,20856568
1727616179,0,11941555112,20856570
1727616203,0,12287862137,20856572
1727616203,0,12004793659,20856572
1727616203,0,12287862137,20856572
1727616227,0,12100000000,20856574
1727616227,0,24718073355,20856574
1727616311,0,13767584962,20856580
1727616323,0,15347566968,20856581
1727616335,0,14238412785,20856582
1727616347,0,14634720875,20856583
1727616359,0,15300000000,20856584
1727616371,0,15743399499,20856585
1727616419,0,15908781244,20856589
1727616419,0,15908781244,20856589
1727616491,0,15012027548,20856595
1727616515,0,14768792026,20856597
1727616527,0,13077677904,20856598
1727616611,0,12203362301,20856605
1727616659,0,13243117530,20856609
1727616659,0,13670475986,20856609
1727616683,0,13276665740,20856611
1727616695,0,11240075239,20856612
1727616719,0,13646604084,20856614
1727616719,0,16276283361,20856614
1727616815,0,13489788341,20856622
1727616887,0,11839107878,20856628
1727616899,0,13686370975,20856629
1727616959,0,13964932701,20856634
1727616995,0,15279801937,20856637
1727617019,0,14336590792,20856639
1727617031,0,14139730952,20856640
1727617055,0,14081034595,20856641
1727617163,0,11419844630,20856650
1727617223,0,11880963697,20856655
1727617235,0,13074026686,20856656
1727617247,0,10842001495,20856657
1727617247,0,12042001495,20856657
1727617247,0,12457560267,20856657
1727617295,0,42187624525,20856661
1727617319,0,14464703010,20856663
1727617331,0,14285057108,20856664
1727617379,0,12111783411,20856668
1727617427,0,32372735191,20856672
1727617439,0,13753094918,20856673
1727617535,0,16083984905,20856681
1727617667,0,14957537704,20856692
1727617883,0,14800000000,20856710
1727617895,0,14835968422,20856711
1727617907,0,17874159840,20856712
1727617943,0,14200000000,20856714
1727617979,0,17500000000,20856717
1727618015,0,17516352375,20856720
1727618027,0,12903878429,20856721
1727618039,0,15634301371,20856722
1727618063,0,14353387138,20856724
1727618087,0,11897708206,20856726
1727618087,0,14673802899,20856726
1727618135,0,13480494891,20856730
1727618147,0,15884922580,20856731
1727618159,0,13637596802,20856732
1727618195,0,13076520118,20856735
1727618219,0,13424052232,20856737
1727618231,0,11421645706,20856738
1727618255,0,13218025174,20856740
1727618255,0,25269258684,20856740
1727618351,0,12174859653,20856748
1727618423,0,11821176186,20856754
1727618471,0,12762918618,20856758
1727618483,0,13047909686,20856759
1727618507,0,13048074287,20856761
1727618555,0,13855430916,20856765
1727618567,0,13855254530,20856766
1727618615,0,11954944577,20856770
1727618615,0,11954944577,20856770
1727618651,0,12256651672,20856773
1727618663,0,15066491282,20856774
1727618675,0,11921055427,20856775
1727618699,0,70993400831,20856777
1727618699,0,10836179755,20856777
1727618723,0,10634740255,20856779
1727618783,0,11462225116,20856784
1727618819,0,11431195303,20856787
1727618819,0,11431195303,20856787
1727618927,0,9309265652,20856796
1727619047,0,8426704505,20856806
1727619059,0,9026340913,20856807
1727619167,0,11141207082,20856816
1727619179,0,9677456638,20856817
1727619263,0,8441072367,20856824
1727619287,0,9640729027,20856826
1727619311,0,10075838857,20856828
1727619323,0,9600000000,20856829
1727619323,0,9831267209,20856829
1727619347,0,8261175041,20856831
1727619503,0,9053208122,20856844
1727619515,0,23959911343,20856845
1727619515,0,10314668379,20856845
1727619527,0,9704035538,20856846
1727619647,0,8748912588,20856856
1727619671,0,9534834900,20856858
1727619671,0,8600000000,20856858
1727619707,0,8844563792,20856861
1727619707,0,7717218514,20856861
1727619731,0,8521733764,20856863
1727619767,0,8747943424,20856866
1727619779,0,7304676424,20856867
1727619791,0,8284543424,20856868
1727619851,0,9940423046,20856873
1727619887,0,8406592735,20856876
1727619911,0,7967708211,20856878
1727619911,0,8026675288,20856878
1727619935,0,9139869766,20856880
1727619947,0,9184132187,20856881
1727619947,0,9201494254,20856881
1727619971,0,8471615595,20856883
1727619971,0,8733275666,20856883
1727619983,0,9582644324,20856884
1727620079,0,8290259897,20856892
1727620091,0,9024035096,20856893
1727620091,0,9724035096,20856893
1727620115,0,8749891448,20856895
1727620127,0,8975245099,20856896
1727620163,0,8646905464,20856899
1727620163,0,8941370320,20856899
1727620175,0,8753618073,20856900
1727620211,0,7588732219,20856903
1727620235,0,8643760638,20856905
1727620247,0,7589495733,20856906
1727620259,0,8794753905,20856907
1727620271,0,79916304841,20856908
1727620271,0,8462696250,20856908
1727620271,0,8662696250,20856908
1727620295,0,21886555160,20856910
1727620295,0,8474238666,20856910
1727620319,0,9200000000,20856912
1727620415,0,8694978878,20856920
1727620415,0,7228001571,20856920
1727620415,0,8176890093,20856920
1727620427,0,8050587466,20856921
1727620427,0,8349475988,20856921
1727620439,0,8229310606,20856922
1727620439,0,7930422084,20856922
1727620439,0,8212293889,20856922
1727620451,0,8132190815,20856923
1727620451,0,7819951840,20856923
1727620463,0,8156152168,20856924
1727620487,0,19614223111,20856926
1727620499,0,8308460710,20856927
1727620499,0,8338460711,20856927
1727620511,0,8223860559,20856928
1727620511,0,37452816613,20856928
1727620511,0,9023860559,20856928
1727620523,0,8488654429,20856929
1727620571,0,8711847742,20856933
1727620583,0,8729683750,20856934
1727620631,0,6849992036,20856938
1727620643,0,16674890694,20856939
1727620751,0,9237199802,20856948
1727620763,0,9358017968,20856949
1727620787,0,14569580710,20856951
1727620787,0,9431747624,20856951
1727620811,0,10339311451,20856953
1727620811,0,8344311451,20856953
1727620823,0,9312953952,20856954
1727620823,0,9312953952,20856954
1727620859,0,9118786782,20856957
1727620907,0,14610153837,20856961
1727620919,0,9243564781,20856962
1727620943,0,8802729336,20856964
1727621015,0,13950558258,20856970
1727621039,0,11753575026,20856972
1727621039,0,10303575026,20856972
1727621111,0,12303083278,20856978
1727621231,0,12132992057,20856987
1727621267,0,12309209604,20856990
1727621327,0,21662749831,20856995
1727621363,0,12290980641,20856998
1727621387,0,11402617764,20857000
1727621387,0,9936642513,20857000
1727621459,0,11646427286,20857006
1727621471,0,11053626495,20857007
1727621483,0,12212531468,20857008
1727621483,0,12212531468,20857008
1727621507,0,32038808570,20857010
1727621579,0,13232458126,20857016
1727621723,0,13254814696,20857028
1727621735,0,13134612701,20857029
1727621807,0,12756661557,20857035
1727621807,0,12457958917,20857035
1727621819,0,13675663803,20857036
1727621831,0,29662582902,20857037
1727621843,0,14929301735,20857038
1727621891,0,25522759183,20857042
1727621891,0,13843089617,20857042
1727621927,0,66643473538,20857045
1727622011,0,16145004106,20857052
1727622059,0,16000000000,20857056
1727622143,0,19506988451,20857063
1727622263,0,17897366587,20857073
1727622263,0,20444546016,20857073
1727622299,0,27894732009,20857076
1727622311,0,19356160477,20857077
1727622371,0,37163982884,20857082
1727622383,0,18157034979,20857083
1727622383,0,18157034979,20857083
1727622395,0,16162467240,20857084
1727622467,0,16312962620,20857090
1727622527,0,16006102572,20857095
1727622539,0,17989461275,20857096
1727622563,0,28522524364,20857098
1727622575,0,16658206190,20857099
1727622611,0,14918178556,20857102
1727622623,0,14237092750,20857103
1727622659,0,16655679790,20857106
1727622671,0,17474061649,20857107
1727622671,0,83976108605,20857107
1727622707,0,13332572864,20857110
1727622755,0,15359626506,20857114
1727622767,0,17665813548,20857115
1727622779,0,13611551630,20857116
1727622791,0,13717118745,20857117
1727622827,0,14339872537,20857120
1727622839,0,14611930150,20857121
1727622863,0,15716488270,20857123
1727622863,0,30268482259,20857123
1727622875,0,12400591882,20857124
1727622887,0,13007297553,20857125
1727622899,0,38805192766,20857126
1727622911,0,13239701102,20857127
1727622911,0,139664089613,20857127
1727622923,0,13280209181,20857128
1727622995,0,45523096004,20857134
1727623019,0,13679109926,20857136
1727623019,0,14619109925,20857136
1727623019,0,12680109925,20857136
1727623091,0,48158823735,20857142
1727623103,0,16323525864,20857143
1727623127,0,29250101638,20857145
1727623151,0,106187743262,20857147
1727623151,0,11967158944,20857147
1727623175,0,9697687537,20857149
1727623187,0,10156974374,20857150
1727623271,0,11858831003,20857157
1727623283,0,10667848716,20857158
1727623307,0,10012120449,20857160
1727623355,0,12825314263,20857164
1727623355,0,41761077136,20857164
1727623391,0,9281527139,20857167
1727623403,0,13574646082,20857168
1727623415,0,11220311679,20857169
1727623427,0,11091918645,20857170
1727623475,0,11043328992,20857174
1727623499,0,18294500694,20857176
1727623511,0,8499439306,20857177
1727623523,0,9578170321,20857178
1727623631,0,56718154586,20857187
1727623643,0,60839964082,20857188
1727623643,0,24238923541,20857188
1727623655,0,285800486616,20857189
1727623667,0,8073371008,20857190
1727623667,0,8073371008,20857190
1727623667,0,10538899652,20857190
1727623667,0,8073371008,20857190
1727623667,0,363192541141,20857190
1727623667,0,8073371008,20857190
1727623667,0,8073371008,20857190
1727623679,0,13619868996,20857191
1727623679,0,762303468851,20857191
1727623739,0,8721063675,20857196
1727623739,0,13843481703,20857196
1727623751,0,11090607755,20857197
1727623763,0,11175963133,20857198
1727623847,0,9730270595,20857205
1727623847,0,10580270595,20857205
1727623859,0,11101141546,20857206
1727623871,0,37241986735,20857207
1727623883,0,9131030932,20857208
1727623967,0,9571275037,20857215
1727623967,0,10671275037,20857215
1727624003,0,8243104718,20857218
1727624051,0,7764789804,20857222
1727624063,0,7705539704,20857223
1727624063,0,53432587758,20857223
1727624099,0,8779822143,20857226
1727624099,0,7247607872,20857226
1727624111,0,23020714341,20857227
1727624111,0,10027918536,20857227
1727624123,0,10038510535,20857228
1727624123,0,9370530297,20857228
1727624135,0,9869606636,20857229
1727624135,0,7639153842,20857229
1727624147,0,7934048658,20857230
1727624171,0,8747288645,20857232
1727624183,0,11759313103,20857233
1727624195,0,8811742245,20857234
1727624195,0,12011742245,20857234
1727624207,0,10421913607,20857235
1727624279,0,137895071748,20857241
1727624279,0,7225027809,20857241
1727624291,0,11657311411,20857242
1727624315,0,10053005156,20857244
1727624447,0,7658396743,20857255
1727624507,0,9690001371,20857260
1727624555,0,11016640692,20857264
1727624555,0,12251624504,20857264
1727624555,0,8685289803,20857264
1727624579,0,12071005130,20857266
1727624579,0,9300000000,20857266
1727624591,0,11799468404,20857267
1727624603,0,8094441533,20857268
1727624675,0,12785622231,20857274
1727624711,0,7123444329,20857277
1727624735,0,30742610887,20857279
1727624759,0,8607295393,20857281
1727624795,0,7108432327,20857284
1727624855,0,29537821763,20857288
1727624867,0,8609894139,20857289
1727624879,0,10856535149,20857290
1727624951,0,9901087631,20857296
1727624963,0,9609957918,20857297
1727624987,0,11575164360,20857299
1727624987,0,9634183443,20857299
1727624999,0,8943643884,20857300
1727625011,0,98031094805,20857301
1727625059,0,15966380750,20857305
1727625083,0,23226754405,20857307
1727625083,0,8690640980,20857307
1727625119,0,7360220255,20857310
1727625143,0,8573546635,20857312
1727625155,0,11778326746,20857313
1727625155,0,9087449081,20857313
1727625167,0,10035135979,20857314
1727625179,0,7617135372,20857315
1727625191,0,8881703253,20857316
1727625203,0,11657395212,20857317
1727625203,0,9635733565,20857317
1727625215,0,41643362879,20857318
1727625239,0,7743492892,20857320
1727625239,0,13162237916,20857320
1727625239,0,9237671195,20857320
1727625251,0,48497480049,20857321
1727625263,0,13180438439,20857322
1727625275,0,9022505264,20857323
1727625275,0,120287527190,20857323
1727625287,0,12325834686,20857324
1727625287,0,12325834686,20857324
1727625299,0,69075099145,20857325
1727625311,0,12854815778,20857326
1727625347,0,8911162374,20857329
1727625347,0,9184929802,20857329
1727625359,0,14204266524,20857330
1727625359,0,12350010981,20857330
1727625371,0,9829895693,20857331
1727625395,0,8677822232,20857333
1727625407,0,32213194517,20857334
1727625419,0,7933830126,20857335
1727625419,0,13485811214,20857335
1727625443,0,13356424829,20857337
1727625443,0,7856720488,20857337
1727625467,0,52135641875,20857339
1727625479,0,20479809666,20857340
1727625491,0,9260558922,20857341
1727625503,0,9382673819,20857342
1727625539,0,7827905460,20857345
1727625563,0,7301133621,20857347
1727625659,0,8707262465,20857355
1727625671,0,33556922775,20857356
1727625671,0,8056416674,20857356
1727625683,0,10479897193,20857357
1727625707,0,9413769716,20857359
1727625719,0,8148090028,20857360
1727625719,0,9389133492,20857360
1727625731,0,9942664671,20857361
1727625755,0,9713385754,20857363
1727625767,0,9174468673,20857364
1727625791,0,9106601489,20857366
1727625803,0,29553874493,20857367
1727625803,0,9380494426,20857367
1727625815,0,9263131589,20857368
1727625827,0,9452807576,20857369
1727625827,0,9952807576,20857369
1727625827,0,9151122127,20857369
1727625827,0,9151122127,20857369
1727625863,0,9060924746,20857372
1727625875,0,7993498765,20857373
1727625911,0,8874657762,20857376
1727625947,0,8233414595,20857379
1727625959,0,8328994185,20857380
1727625959,0,52163361200,20857380
1727625983,0,9024131589,20857382
1727625983,0,10123966798,20857382
1727626019,0,10468116676,20857384
1727626043,0,10969581027,20857386
1727626127,0,12476923673,20857393
1727626139,0,30022953140,20857394
1727626151,0,15211254378,20857395
1727626235,0,16039717558,20857402
1727626295,0,12313294432,20857407
1727626307,0,14847803800,20857408
1727626319,0,38711979413,20857409
1727626331,0,14417865175,20857410
1727626427,0,12422996058,20857418
1727626451,0,12747372938,20857420
1727626499,0,10328409367,20857424
1727626523,0,12806124997,20857426
1727626547,0,12547419412,20857428
1727626559,0,11984336703,20857429
1727626655,0,13231739890,20857437
1727626679,0,12781780815,20857439
1727626679,0,11999980815,20857439
1727626691,0,10859827938,20857440
1727626703,0,35400325061,20857441
1727626715,0,49803781211,20857442
1727626715,0,34498925670,20857442
1727626763,0,12662562699,20857446
1727626775,0,12456608908,20857447
1727626787,0,12333924723,20857448
1727626799,0,12769407033,20857449
1727626823,0,12822345521,20857451
1727626823,0,13445421602,20857451
1727626835,0,11022028181,20857452
1727626859,0,12581134222,20857454
1727626859,0,14876290895,20857454
1727626871,0,11352126032,20857455
1727626895,0,9872599241,20857457
1727626895,0,9773599241,20857457
1727626919,0,10542125133,20857459
1727626919,0,10542125133,20857459
1727626931,0,12400257747,20857460
1727626967,0,12103430724,20857463
1727626979,0,15101968079,20857464
1727627051,0,10873054153,20857470
1727627051,0,10257088466,20857470
1727627111,0,11218553444,20857475
1727627111,0,10936675136,20857475
1727627123,0,10131456771,20857476
1727627135,0,11595976220,20857477
1727627183,0,11043343710,20857481
1727627207,0,9056041568,20857483
1727627207,0,18972041568,20857483
1727627219,0,20942137066,20857484
1727627267,0,9576769215,20857488
1727627291,0,10523264812,20857490
1727627315,0,14951660380,20857492
1727627315,0,11435559118,20857492
1727627327,0,9274536462,20857493
1727627339,0,12986344525,20857494
1727627363,0,10225176449,20857496
1727627399,0,10849656457,20857499
1727627411,0,9861318984,20857500
1727627435,0,8670000000,20857502
1727627435,0,8609852401,20857502
1727627459,0,9101531458,20857504
1727627471,0,10125603347,20857505
1727627471,0,10125603347,20857505
1727627555,0,10585318068,20857512
1727627567,0,10019575325,20857513
1727627591,0,8682449225,20857515
1727627591,0,9582449225,20857515
1727627591,0,11021653445,20857515
1727627603,0,9552197402,20857516
1727627603,0,143838977260,20857516
1727627627,0,10353026474,20857518
1727627627,0,42680751347,20857518
1727627675,0,10374993363,20857522
1727627675,0,15972653175,20857522
1727627687,0,23023591248,20857523
1727627687,0,10200201628,20857523
1727627699,0,8823979575,20857524
1727627723,0,51462866995,20857526
1727627735,0,10437558713,20857527
1727627747,0,9267134624,20857528
1727627771,0,51540140623,20857530
1727627795,0,10166696827,20857532
1727627795,0,10228581787,20857532
1727627807,0,85874959541,20857533
1727627915,0,8554612695,20857542
1727627927,0,19404893641,20857543
1727627951,0,19862201740,20857545
1727627963,0,9704752181,20857546
1727627975,0,8943567552,20857547
1727627975,0,19253442721,20857547
1727627999,0,19001457712,20857549
1727628023,0,18846343377,20857551
1727628035,0,8171794613,20857552
1727628035,0,19371794613,20857552
1727628071,0,9040746234,20857555
1727628071,0,8445806737,20857555
1727628083,0,18782646971,20857556
1727628083,0,7613646971,20857556
1727628107,0,18752509907,20857558
1727628131,0,8140089675,20857560
1727628131,0,18230892222,20857560
1727628143,0,18928575085,20857561
1727628155,0,18994976943,20857562
1727628179,0,20392372840,20857564
1727628179,0,18875926173,20857564
1727628191,0,8821185342,20857565
1727628203,0,19681256359,20857566
1727628215,0,26315004348,20857567
1727628215,0,19373335883,20857567
1727628215,0,9683335883,20857567
1727628227,0,26087689577,20857568
1727628239,0,19200985818,20857569
1727628251,0,19909298636,20857570
1727628251,0,11419298636,20857570
1727628251,0,9279298636,20857570
1727628263,0,17321262601,20857571
1727628263,0,19879056229,20857571
1727628263,0,10733959296,20857571
1727628275,0,19899960510,20857572
1727628287,0,10789135740,20857573
1727628287,0,141226926936,20857573
1727628299,0,20101849279,20857574
1727628311,0,11187170220,20857575
1727628335,0,20274354621,20857577
1727628335,0,10356154621,20857577
1727628371,0,10328521011,20857580
1727628371,0,154890026546,20857580
1727628371,0,10328521011,20857580
1727628371,0,10328521011,20857580
1727628383,0,20346129719,20857581
1727628383,0,14773663140,20857581
1727628395,0,20157606002,20857582
1727628407,0,23943149667,20857583
1727628443,0,43954993979,20857586
1727628443,0,11700000000,20857586
1727628455,0,9950423927,20857587
1727628467,0,9919693799,20857588
1727628467,0,9919693799,20857588
1727628479,0,11797740126,20857589
1727628479,0,11598337764,20857589
1727628491,0,10093970652,20857590
1727628503,0,10626677738,20857591
1727628503,0,29038831246,20857591
1727628503,0,12840567103,20857591
1727628515,0,126068902410,20857592
1727628575,0,10788348758,20857597
1727628587,0,9934304571,20857598
1727628611,0,7918865249,20857600
1727628623,0,391129216132,20857601
1727628623,0,7550445026,20857601
1727628647,0,9822844463,20857603
1727628719,0,15705373066,20857609
1727628755,0,9778715362,20857612
1727628779,0,9790077776,20857614
1727628815,0,10024891683,20857617
1727628851,0,7582373489,20857620
1727628875,0,10045791466,20857622
1727628875,0,13503965474,20857622
1727628887,0,10620409412,20857623
1727628947,0,10157500439,20857628
1727628947,0,11708555375,20857628
1727628959,0,9901159431,20857629
1727629031,0,9414405028,20857635
1727629067,0,12309687588,20857638
1727629067,0,11297672974,20857638
1727629103,0,10448629735,20857641
1727629103,0,11808038254,20857641
1727629127,0,10455852339,20857643
1727629139,0,13074478347,20857644
1727629151,0,8812477128,20857645
1727629187,0,8600000000,20857648
1727629187,0,20103364711,20857648
1727629187,0,10083765908,20857648
1727629199,0,11872900049,20857649
1727629247,0,10783317001,20857653
1727629247,0,11929549542,20857653
1727629259,0,13632402936,20857654
1727629271,0,11502582226,20857655
1727629343,0,10336736288,20857661
1727629367,0,9716322745,20857663
1727629391,0,9275024743,20857665
1727629403,0,10238882883,20857666
1727629415,0,11102857991,20857667
1727629427,0,10374766347,20857668
1727629427,0,11101855713,20857668
1727629439,0,12796254548,20857669
1727629463,0,21170342487,20857671
1727629463,0,10517876110,20857671
1727629475,0,80177442763,20857672
1727629487,0,73177548050,20857673
1727629499,0,14627339309,20857674
1727629523,0,9809309223,20857676
1727629535,0,27965715837,20857677
1727629547,0,9600751647,20857678
1727629559,0,25322718487,20857679
1727629691,0,12493852475,20857690
1727629691,0,11539031795,20857690
1727629703,0,10271609476,20857691
1727629715,0,14575497437,20857692
1727629727,0,11280825846,20857693
1727629751,0,9817421045,20857695
1727629751,0,17951984415,20857695
1727629811,0,10739505389,20857700
1727629811,0,10194326069,20857700
1727629823,0,49916700685,20857701
1727629823,0,11366680565,20857701
1727629859,0,10778866271,20857704
1727629943,0,10202343434,20857711
1727629943,0,9842574213,20857711
1727629943,0,10474297278,20857711
1727630027,0,10606787733,20857718
1727630039,0,10888386513,20857719
1727630051,0,10641168329,20857720
1727630063,0,15121423607,20857721
1727630171,0,11000000000,20857730
1727630195,0,10808549396,20857732
1727630207,0,82937489514,20857733
1727630303,0,11566686625,20857741
1727630303,0,10146686625,20857741
1727630327,0,8928472783,20857743
1727630399,0,8487251842,20857749
1727630399,0,8548311842,20857749
1727630411,0,11135332431,20857750
1727630435,0,29535180710,20857752
1727630459,0,57409004596,20857754
1727630483,0,10368420439,20857756
1727630483,0,10925892102,20857756
1727630507,0,9451195164,20857758
1727630555,0,10523551729,20857762
1727630579,0,9278788446,20857764
1727630603,0,9044304328,20857766
1727630615,0,7480185307,20857767
1727630639,0,9488454204,20857769
1727630651,0,7180084789,20857770
1727630675,0,8750914849,20857772
1727630687,0,7439610296,20857773
1727630783,0,8813104392,20857781
1727630795,0,7354680736,20857782
1727630819,0,8691103425,20857784
1727630819,0,7416255174,20857784
1727630867,0,7261209655,20857788
1727630891,0,8199809426,20857790
1727630891,0,8199809426,20857790
1727630951,0,11135139798,20857795
1727630963,0,6902966705,20857796
1727631011,0,9297120596,20857800
1727631035,0,7451498396,20857802
1727631083,0,7091769891,20857806
1727631131,0,8416572417,20857810
1727631155,0,8166539300,20857812
1727631179,0,8508623925,20857814
1727631203,0,6250538628,20857816
1727631215,0,7856609604,20857817
1727631215,0,6551937054,20857817
1727631215,0,7856609604,20857817
1727631251,0,7880939774,20857820
1727631263,0,7814373693,20857821
1727631311,0,8046092547,20857825
1727631395,0,8561228204,20857832
1727631407,0,12604305898,20857833
1727631419,0,8451377447,20857834
1727631431,0,8342543271,20857835
1727631455,0,7807738047,20857837
1727631467,0,8300000000,20857838
1727631467,0,8637551741,20857838
1727631479,0,8508509591,20857839
1727631491,0,8320551736,20857840
1727631551,0,10731850532,20857845
1727631599,0,9673652911,20857849
1727631623,0,8036471882,20857851
1727631623,0,9179739112,20857851
1727631623,0,6675121882,20857851
1727631623,0,7325121882,20857851
1727631647,0,7608365785,20857853
1727631659,0,7805035216,20857854
1727631671,0,8134318622,20857855
1727631695,0,7681979091,20857857
1727631707,0,7483350165,20857858
1727631719,0,7414365755,20857859
1727631755,0,7401003126,20857862
1727631767,0,8004265395,20857863
1727631767,0,9250819934,20857863
1727631767,0,7376326180,20857863
1727631815,0,7924651346,20857867
1727631827,0,6803865740,20857868
1727631827,0,7453865740,20857868
1727631839,0,6997825655,20857869
1727631875,0,63652792197,20857872
1727631875,0,7608068675,20857872
1727631887,0,12574751847,20857873
1727631911,0,13548482858,20857875
1727631935,0,8203193971,20857877
1727631935,0,8203193971,20857877
1727631959,0,7895268117,20857879
1727631995,0,8097485475,20857882
1727632031,0,6272507263,20857885
1727632043,0,8267138841,20857886
1727632043,0,24872292931,20857886
1727632055,0,8138667916,20857887
1727632067,0,51926457947,20857888
1727632127,0,7387444939,20857893
1727632139,0,6580668633,20857894
1727632151,0,9259321293,20857895
1727632163,0,7314701404,20857896
1727632175,0,7705359188,20857897
1727632175,0,9620000000,20857897
1727632259,0,8243871728,20857904
1727632355,0,7011518642,20857912
1727632367,0,9055747587,20857913
1727632415,0,6984813726,20857917
1727632415,0,8434813726,20857917
1727632427,0,7831928894,20857918
1727632427,0,7831928894,20857918
1727632451,0,7131730021,20857920
1727632475,0,8006924028,20857922
1727632583,0,8340793431,20857931
1727632595,0,8209611528,20857932
1727632619,0,7128263390,20857934
1727632631,0,8221246359,20857935
1727632667,0,7987183916,20857938
1727632667,0,8942319460,20857938
1727632727,0,7826677566,20857943
1727632727,0,8767976729,20857943
1727632751,0,7495081055,20857945
1727632787,0,7513164614,20857948
1727632811,0,7301979719,20857950
1727632811,0,6306848103,20857950
1727632823,0,8547868129,20857951
1727632847,0,8631191881,20857953
1727632847,0,7577312259,20857953
1727632859,0,6809238423,20857954
1727632859,0,6845317632,20857954
1727632883,0,8173974387,20857956
1727632895,0,8139697824,20857957
1727632931,0,7327748192,20857960
1727632931,0,8026748192,20857960
1727632955,0,8119748328,20857962
1727632967,0,7888269209,20857963
1727633123,0,8880510574,20857976
1727633159,0,8955364132,20857979
1727633159,0,8955364132,20857979
1727633171,0,8815275866,20857980
1727633183,0,8714266225,20857981
1727633195,0,38362921248,20857982
1727633219,0,9645857003,20857984
1727633219,0,8624539393,20857984
1727633219,0,8624539393,20857984
1727633243,0,8202839902,20857986
1727633243,0,39351029052,20857986
1727633255,0,9714652694,20857987
1727633255,0,8514652694,20857987
1727633267,0,8364791709,20857988
1727633303,0,8549189717,20857991
1727633315,0,7977380913,20857992
1727633315,0,8800000000,20857992
1727633339,0,8956096263,20857994
1727633351,0,9449600438,20857995
1727633375,0,10352124390,20857997
1727633411,0,9430396446,20858000
1727633471,0,9533593810,20858005
1727633471,0,9500524957,20858005
1727633591,0,9274960560,20858015
1727633615,0,9278884268,20858017
1727633615,0,7773777014,20858017
1727633639,0,8760061822,20858019
1727633651,0,8035898063,20858020
1727633663,0,8518830434,20858021
1727633663,0,8518830435,20858021
1727633675,0,7796213765,20858022
1727633759,0,7549411288,20858029
1727633759,0,9505457919,20858029
1727633771,0,7912419318,20858030
1727633795,0,8402398151,20858032
1727633807,0,8308940142,20858033
1727633843,0,7232910943,20858036
1727633843,0,7233110943,20858036
1727633843,0,8301910943,20858036
1727633891,0,7234485161,20858040
1727633927,0,7466252372,20858043
1727633975,0,7886838689,20858047
1727633975,0,7856838688,20858047
1727634083,0,8061093415,20858056
1727634179,0,8911358788,20858064
1727634179,0,8881358788,20858064
1727634179,0,8911358788,20858064
1727634179,0,8881358788,20858064
1727634203,0,8856277065,20858066
1727634215,0,8062439031,20858067
1727634251,0,8747702051,20858070
1727634299,0,9561604204,20858074
1727634311,0,9575661447,20858075
1727634323,0,10961097479,20858076
1727634335,0,10395661215,20858077
1727634383,0,10497154685,20858081
1727634383,0,12134429280,20858081
1727634455,0,11214491789,20858087
1727634467,0,14336623749,20858088
1727634491,0,9857085525,20858090
1727634491,0,9857085525,20858090
1727634491,0,9857085525,20858090
1727634551,0,11769425587,20858095
1727634551,0,8846749697,20858095
1727634551,0,8797749697,20858095
1727634599,0,8669947603,20858099
1727634611,0,9400573602,20858100
1727634611,0,8501573602,20858100
1727634635,0,11451077826,20858102
1727634683,0,9799613324,20858106
1727634719,0,9326113493,20858109
1727634719,0,8816791191,20858109
1727634767,0,9342147090,20858113
1727634767,0,9225141093,20858113
1727634803,0,9086717979,20858116
1727634803,0,10083692135,20858116
1727634911,0,8359578700,20858125
1727634935,0,9411650664,20858127
1727634947,0,11482272551,20858128
1727634971,0,10597271636,20858130
1727635007,0,9549009880,20858133
1727635031,0,11863928553,20858135
1727635031,0,10944577460,20858135
1727635031,0,10944577460,20858135
1727635067,0,12851910447,20858138
1727635067,0,8800000000,20858138
1727635067,0,10462956171,20858138
1727635115,0,24886494352,20858142
1727635127,0,9501943116,20858143
1727635163,0,12200000000,20858146
1727635163,0,8939660142,20858146
1727635199,0,9606242149,20858149
1727635235,0,10037069816,20858152
1727635235,0,9138121744,20858152
1727635259,0,10858561343,20858154
1727635295,0,9054293739,20858157
1727635343,0,9023263168,20858161
1727635355,0,8835198463,20858162
1727635367,0,10422406839,20858163
1727635451,0,11136125331,20858170
1727635451,0,9868348871,20858170
1727635511,0,9114785031,20858175
1727635559,0,11869888702,20858179
1727635583,0,7842946919,20858181
1727635595,0,11201850399,20858182
1727635619,0,10285507103,20858184
1727635631,0,9800411056,20858185
1727635655,0,303865303214,20858187
1727635679,0,10500000000,20858189
1727635679,0,15563303418,20858189
1727635691,0,9779111194,20858190
1727635715,0,9320405566,20858192
1727635727,0,9018391992,20858193
1727635739,0,18378660731,20858194
1727635763,0,10242760890,20858196
1727635763,0,15065343132,20858196
1727635775,0,10401538263,20858197
1727635775,0,9895249534,20858197
1727635775,0,10401538263,20858197
1727635787,0,14128374084,20858198
1727635823,0,9656391660,20858201
1727635847,0,12972955498,20858203
1727635871,0,63270317071,20858205
1727635907,0,10547076003,20858208
1727635931,0,9766511738,20858210
1727635943,0,10017614460,20858211
1727635943,0,11373623593,20858211
1727635955,0,11328222710,20858212
1727636039,0,10682783431,20858218
1727636099,0,8608779955,20858223
1727636099,0,8608779955,20858223
1727636123,0,10256937757,20858225
1727636231,0,12726823672,20858233
1727636231,0,11463916124,20858233
1727636303,0,10988751352,20858239
1727636339,0,12382517127,20858242
1727636339,0,10699258507,20858242
1727636339,0,11349739999,20858242
1727636363,0,11735671802,20858244
1727636411,0,11745294817,20858248
1727636471,0,12225521648,20858253
1727636495,0,11646700668,20858255
1727636495,0,11700000000,20858255
1727636495,0,9754803068,20858255
1727636495,0,26045951195,20858255
1727636567,0,11980277157,20858261
1727636591,0,11036709581,20858263
1727636627,0,12202148837,20858266
1727636663,0,12371281764,20858269
1727636711,0,10947732041,20858273
1727636747,0,12323830216,20858276
1727636771,0,10978085696,20858278
1727636843,0,12086465189,20858284
1727636879,0,11081562989,20858287
1727636939,0,11011203615,20858292
1727637047,0,17100455659,20858301
1727637083,0,11487110023,20858304
1727637083,0,11487110023,20858304
1727637119,0,10693306961,20858307
1727637179,0,11730100632,20858312
1727637179,0,11738982378,20858312
1727637287,0,19076102857,20858321
1727637311,0,11938803209,20858323
1727637323,0,12904573758,20858324
1727637359,0,14345787484,20858327
1727637371,0,14116717800,20858328
1727637407,0,13489784338,20858331
1727637431,0,13504129326,20858333
1727637503,0,12915540999,20858339
1727637563,0,13828099343,20858344
1727637563,0,12296849322,20858344
1727637575,0,15404211674,20858345
1727637635,0,8973704030,20858350
1727637695,0,20470414830,20858355
1727637719,0,11921879154,20858357
1727637803,0,11837237614,20858364
1727637851,0,11209940971,20858368
1727637911,0,9046975401,20858373
1727637923,0,11152862583,20858374
1727637983,0,10739251107,20858379
1727637983,0,11670384209,20858379
1727637983,0,8937641382,20858379
1727638103,0,11142634416,20858389
1727638103,0,11142634416,20858389
1727638163,0,10959565459,20858394
1727638259,0,10484951633,20858402
1727638271,0,8510849261,20858403
1727638271,0,8510792561,20858403
1727638271,0,10057814866,20858403
1727638295,0,8955307539,20858405
1727638295,0,8850132864,20858405
1727638319,0,10190346209,20858407
1727638331,0,9825351774,20858408
1727638355,0,8119637917,20858410
1727638391,0,9506936545,20858413
1727638415,0,8088766991,20858415
1727638415,0,9544244722,20858415
1727638463,0,9017154684,20858419
1727638487,0,9817877074,20858421
1727638499,0,7502917608,20858422
1727638511,0,8761254097,20858423
1727638535,0,9415923516,20858425
1727638559,0,8023500866,20858427
1727638571,0,8498061807,20858428
1727638571,0,8127661910,20858428
1727638571,0,9164317475,20858428
1727638595,0,8088660824,20858430
1727638607,0,8194047651,20858431
1727638607,0,8863462408,20858431
1727638619,0,8272393161,20858432
1727638619,0,8300000000,20858432
1727638679,0,8074887269,20858437
1727638691,0,8708808099,20858438
1727638691,0,8708808099,20858438
1727638703,0,6743067518,20858439
1727638703,0,8031476781,20858439
1727638703,0,9400643318,20858439
1727638703,0,8748060740,20858439
1727638715,0,8748060740,20858440
1727638715,0,8748060740,20858440
1727638751,0,7793394704,20858443
1727638763,0,6451423824,20858444
1727638859,0,19693795917,20858452
1727638883,0,6942879660,20858454
1727638895,0,9752154501,20858455
1727638907,0,7391103608,20858456
1727638919,0,9543124884,20858457
1727638931,0,8375029902,20858458
1727638931,0,6980231137,20858458
1727638955,0,7776431535,20858460
1727639003,0,6873332077,20858464
1727639039,0,7241321556,20858467
1727639051,0,6528716646,20858468
1727639051,0,7497716646,20858468
1727639051,0,8527716646,20858468
1727639051,0,8627146562,20858468
1727639063,0,7654338996,20858469
1727639063,0,6915168365,20858469
1727639171,0,8139365766,20858478
1727639171,0,10883146165,20858478
1727639183,0,7801882737,20858479
1727639183,0,8000000000,20858479
1727639207,0,8208057448,20858481
1727639231,0,9832725111,20858483
1727639255,0,18778280946,20858485
1727639267,0,15620189650,20858486
1727639267,0,8879911697,20858486
1727639291,0,7187442875,20858488
1727639291,0,6534442875,20858488
1727639315,0,7786000000,20858490
1727639339,0,8038745420,20858492
1727639399,0,8437529951,20858497
1727639411,0,9834546121,20858498
1727639471,0,8236822290,20858503
1727639507,0,8987598111,20858506
1727639531,0,8301951710,20858508
1727639531,0,8271951710,20858508
1727639543,0,8280442723,20858509
1727639567,0,9234793312,20858511
1727639579,0,8190328428,20858512
1727639591,0,7960194568,20858513
1727639615,0,8769242232,20858515
1727639627,0,8176967422,20858516
1727639627,0,9210775035,20858516
1727639663,0,7635338910,20858519
1727639663,0,8802911818,20858519
1727639735,0,8894615993,20858525
1727639747,0,7800000000,20858526
1727639771,0,7325022793,20858528
1727639807,0,7669843966,20858531
1727639867,0,8134016754,20858536
1727639891,0,8019061304,20858538
1727639915,0,8455848960,20858540
1727639915,0,7396748960,20858540
1727639915,0,6456848960,20858540
1727639927,0,7194238773,20858541
1727639975,0,9100710165,20858545
1727639987,0,9162289594,20858546
1727639987,0,8114125988,20858546
1727639999,0,7954505531,20858547
1727640119,0,8918974573,20858557
1727640119,0,8700000000,20858557
1727640155,0,8656510481,20858560
1727640155,0,9504255097,20858560
1727640239,0,8355712616,20858567
1727640251,0,14623551891,20858568
1727640263,0,9149669196,20858569
1727640263,0,7933976637,20858569
1727640275,0,24865731567,20858570
1727640287,0,8565096388,20858571
1727640287,0,18545609717,20858571
1727640287,0,9720929601,20858571
1727640287,0,12564096388,20858571
1727640287,0,10019096388,20858571
1727640299,0,89364205407,20858572
1727640311,0,52980716028,20858573
1727640359,0,10275206023,20858577
1727640371,0,12339324964,20858578
1727640395,0,10001244088,20858580
1727640407,0,12609658098,20858581
1727640443,0,302373972982,20858584
1727640455,0,153638328403,20858585
1727640467,0,39070007129,20858586
1727640479,0,9315919883,20858587
1727640479,0,8416919883,20858587
1727640479,0,21750790352,20858587
1727640491,0,46077137417,20858588
1727640539,0,10132620175,20858592
1727640551,0,9253547239,20858593
1727640587,0,9293186476,20858596
1727640599,0,10518599933,20858597
1727640623,0,8543128393,20858599
1727640623,0,8174118893,20858599
1727640635,0,21488991694,20858600
1727640683,0,10149939232,20858604
1727640707,0,94261478866,20858606
1727640719,0,7728872530,20858607
1727640731,0,9148025590,20858608
1727640743,0,7755527996,20858609
1727640755,0,8687176344,20858610
1727640767,0,8704724195,20858611
1727640779,0,9614330941,20858612
1727640815,0,7521349060,20858615
1727640815,0,7494296033,20858615
1727640887,0,7652934264,20858621
1727640899,0,8856004011,20858622
1727640911,0,19262392267,20858623
1727640911,0,9011588274,20858623
1727640947,0,9035985254,20858626
1727640983,0,9181684839,20858629
1727641007,0,8698885784,20858631
1727641031,0,141769159069,20858633
1727641043,0,10362291351,20858634
1727641055,0,9543305288,20858635
1727641055,0,39619638309,20858635
1727641067,0,10211215142,20858636
1727641067,0,12598497474,20858636
1727641103,0,10302872728,20858639
1727641127,0,8422270758,20858641
1727641151,0,9538926719,20858643
1727641151,0,8170917219,20858643
1727641151,0,8170917219,20858643
1727641175,0,8252307498,20858645
1727641187,0,10474797148,20858646
1727641199,0,8697379549,20858647
1727641211,0,9272234166,20858648
1727641211,0,8566281605,20858648
1727641235,0,9112310458,20858650
1727641271,0,49698379235,20858653
1727641283,0,8980330142,20858654
1727641307,0,8168933356,20858655
1727641307,0,10797531134,20858655
1727641307,0,8119933356,20858655
1727641355,0,9628778347,20858659
1727641379,0,8893030267,20858661
1727641391,0,17421376280,20858662
1727641415,0,39989916111,20858664
1727641427,0,10187167771,20858665
1727641427,0,9687167771,20858665
1727641511,0,11115464507,20858672
1727641511,0,7748822768,20858672
1727641511,0,6949822768,20858672
1727641523,0,36387853878,20858673
1727641547,0,8987227907,20858675
1727641559,0,67902817581,20858676
1727641559,0,10501026593,20858676
1727641571,0,29990546468,20858677
1727641595,0,9700705456,20858679
1727641655,0,22016917140,20858684
1727641655,0,14499473966,20858684
1727641679,0,9847267461,20858686
1727641691,0,9144600283,20858687
1727641703,0,10892923628,20858688
1727641727,0,7661600164,20858690
1727641739,0,8321524732,20858691
1727641775,0,9409261017,20858694
1727641775,0,8813932173,20858694
1727641787,0,8731424319,20858695
1727641811,0,8599991959,20858697
1727641811,0,8599991959,20858697
1727641811,0,8599991959,20858697
1727641823,0,9197194302,20858698
1727641823,0,8608941622,20858698
1727641847,0,8750250521,20858700
1727641883,0,8370059657,20858703
1727641883,0,7371059657,20858703
1727641895,0,9667826194,20858704
1727641931,0,7847961459,20858707
1727642003,0,7489496156,20858713
1727642003,0,77325246457,20858713
1727642027,0,9308238361,20858715
1727642039,0,8500000000,20858716
1727642039,0,43708062145,20858716
1727642111,0,8474858048,20858722
1727642111,0,7310974448,20858722
1727642123,0,9409952265,20858723
1727642135,0,8457009120,20858724
1727642135,0,9661563139,20858724
1727642135,0,7337972905,20858724
1727642159,0,7966705997,20858726
1727642171,0,6979210492,20858727
1727642183,0,8240416909,20858728
1727642255,0,17095926951,20858734
1727642267,0,7908342618,20858735
1727642339,0,6262271297,20858741
1727642339,0,6647130287,20858741
1727642399,0,7202279450,20858746
1727642411,0,22732722526,20858747
1727642423,0,6652720833,20858748
1727642483,0,7582401464,20858753
1727642495,0,11436066846,20858754
1727642531,0,55045381680,20858757
1727642543,0,41767833212,20858758
1727642555,0,7666823083,20858759
1727642555,0,7666823083,20858759
1727642567,0,7602501995,20858760
1727642591,0,6237334373,20858762
1727642591,0,6757345631,20858762
1727642639,0,6540098170,20858766
1727642663,0,46451992087,20858768
1727642723,0,6912085762,20858772
1727642735,0,6848741693,20858773
1727642759,0,7200000000,20858775
1727642783,0,6963690558,20858777
1727642807,0,6884586575,20858779
1727642819,0,7661926926,20858780
1727642819,0,11434749314,20858780
1727642819,0,6727323126,20858780
1727642879,0,7348164972,20858785
1727642891,0,7166370831,20858786
1727642999,0,7914032764,20858794
1727643047,0,7909652167,20858798
1727643047,0,7909652167,20858798
1727643071,0,8867093662,20858800
1727643083,0,8081395593,20858801
1727643095,0,7891770111,20858802
1727643095,0,7891770111,20858802
1727643155,0,7971016575,20858807
1727643167,0,6829003350,20858808
1727643167,0,7701903350,20858808
1727643179,0,6761265241,20858809
1727643179,0,6761358897,20858809
1727643263,0,7632819737,20858816
1727643335,0,7965564267,20858822
1727643347,0,7201964250,20858823
1727643347,0,8086257060,20858823
1727643455,0,6859401362,20858832
1727643491,0,7723598490,20858835
1727643491,0,6775598490,20858835
1727643491,0,7723598491,20858835
1727643491,0,7636271490,20858835
1727643515,0,7938625011,20858837
1727643575,0,7700000000,20858842
1727643575,0,7744052832,20858842
1727643599,0,6992470085,20858844
1727643623,0,7024838426,20858846
1727643623,0,6910131236,20858846
1727643623,0,6910131236,20858846
1727643755,0,8955012515,20858857
1727643755,0,7550315809,20858857
1727643755,0,6565864279,20858857
1727643755,0,6563771679,20858857
1727643803,0,6702484863,20858861
1727643803,0,6702484863,20858861
1727643815,0,74505713073,20858862
1727643839,0,17947524703,20858864
1727643851,0,24652495078,20858865
1727643863,0,22135207049,20858866
1727643863,0,8227915237,20858866
1727643875,0,8057063671,20858867
1727643911,0,8772175612,20858870
1727643947,0,8142354586,20858873
1727643947,0,8122784109,20858873
1727643959,0,7803961947,20858874
1727643983,0,8415875325,20858876
1727644007,0,8104868600,20858878
1727644055,0,7405150900,20858882
1727644067,0,8126219888,20858883
1727644091,0,19874756845,20858885
1727644103,0,7500000000,20858886
1727644103,0,7706053145,20858886
1727644115,0,7562064014,20858887
1727644127,0,9266365094,20858888
1727644187,0,7440266943,20858893
1727644187,0,8775343350,20858893
1727644259,0,6261441895,20858899
1727644271,0,6597630591,20858900
1727644283,0,7572016923,20858901
1727644283,0,6627030820,20858901
1727644331,0,6078182599,20858905
1727644403,0,6174097076,20858911
1727644403,0,7094097076,20858911
1727644415,0,6847119879,20858912
1727644475,0,7095458730,20858917
1727644487,0,6494893587,20858918
1727644487,0,8444893587,20858918
1727644487,0,7444893587,20858918
1727644499,0,7551701260,20858919
1727644499,0,7551701260,20858919
1727644511,0,6661842768,20858920
1727644511,0,7561842768,20858920
1727644523,0,6433233056,20858921
1727644523,0,7033233056,20858921
1727644523,0,6434173056,20858921
1727644535,0,7198723582,20858922
1727644559,0,7896909895,20858924
1727644595,0,7125090278,20858927
1727644607,0,8197952736,20858928
1727644655,0,6637108775,20858931
1727644655,0,5771431756,20858931
1727644667,0,6971158663,20858932
1727644679,0,6788947071,20858933
1727644679,0,7074239881,20858933
1727644679,0,7074239881,20858933
1727644727,0,14537394897,20858937
1727644727,0,6013046771,20858937
1727644727,0,8012046771,20858937
1727644775,0,5664580992,20858941
1727644835,0,6744535197,20858946
1727644847,0,6623351423,20858947
1727644847,0,7787637733,20858947
1727644859,0,8900029564,20858948
1727644871,0,28055803305,20858949
1727644907,0,46942877879,20858952
1727644919,0,34779230360,20858953
1727644919,0,8117745690,20858953
1727644943,0,12625280323,20858955
1727644979,0,29450495303,20858958
1727645039,0,6643451957,20858963
1727645039,0,6584351957,20858963
1727645063,0,7304680823,20858965
1727645147,0,7139324798,20858972
1727645159,0,7295210739,20858973
1727645219,0,6410169760,20858978
1727645291,0,6593456587,20858984
1727645315,0,7853812945,20858986
1727645327,0,9027127181,20858987
1727645351,0,7149363960,20858989
1727645351,0,7120263960,20858989
1727645351,0,6180363960,20858989
1727645363,0,6786125773,20858990
1727645387,0,55632733322,20858992
1727645399,0,35186713911,20858993
1727645399,0,7299583939,20858993
1727645411,0,7712062247,20858994
1727645435,0,6530234354,20858996
1727645447,0,17229589196,20858997
1727645459,0,10623010306,20858998
1727645471,0,7935669469,20858999
1727645483,0,7938444616,20859000
1727645483,0,9467878797,20859000
1727645519,0,7518714517,20859003
1727645639,0,8610085074,20859013
1727645663,0,10162774832,20859015
1727645675,0,11267348999,20859016
1727645675,0,9006396024,20859016
1727645711,0,11815544137,20859019
1727645711,0,25319504004,20859019
1727645723,0,9434437907,20859020
1727645735,0,25316374519,20859021
1727645783,0,17200000000,20859025
1727645795,0,11300352561,20859026
1727645795,0,11300352561,20859026
1727645843,0,12928847580,20859030
1727645855,0,12666254672,20859031
1727645855,0,12666254672,20859031
1727645915,0,10619547179,20859036
1727645939,0,12359603696,20859038
1727645975,0,11746604927,20859041
1727645999,0,13958149192,20859043
1727645999,0,13062597422,20859043
1727646011,0,11840047896,20859044
1727646023,0,12327448175,20859045
1727646023,0,12275924133,20859045
1727646035,0,13002761506,20859046
1727646059,0,12203027913,20859048
1727646071,0,11936930503,20859049
1727646107,0,11555659596,20859052
1727646107,0,11555659596,20859052
1727646143,0,11748498300,20859055
1727646179,0,19371636892,20859057
1727646179,0,13644862775,20859057
1727646179,0,11543952678,20859057
1727646227,0,14422138550,20859060
1727646227,0,16855429758,20859060
1727646227,0,14500415489,20859060
1727646239,0,13022295332,20859061
1727646239,0,13932786005,20859061
1727646299,0,14454037910,20859066
1727646335,0,16351290208,20859069
1727646359,0,11062720107,20859071
1727646455,0,12540590568,20859079
1727646455,0,13075021166,20859079
1727646551,0,10385060022,20859087
1727646599,0,17356314680,20859091
1727646635,0,9803765291,20859094
1727646719,0,11431452219,20859101
1727646767,0,11157655200,20859105
1727646779,0,11503295744,20859106
1727646803,0,8854292457,20859108
1727646827,0,11449043321,20859110
1727646851,0,9261559553,20859112
1727646851,0,10926503562,20859112
1727646863,0,11694751711,20859113
1727646911,0,10834299383,20859117
1727647007,0,8313172458,20859125
1727647067,0,9745650772,20859130
1727647151,0,9225864796,20859137
1727647163,0,8035446292,20859138
1727647175,0,21562488621,20859139
1727647211,0,10164721707,20859142
1727647223,0,8263280708,20859143
1727647259,0,11065735069,20859146
1727647271,0,27434289167,20859147
1727647295,0,9309001432,20859149
1727647331,0,9237152656,20859152
1727647355,0,8892849938,20859154
1727647403,0,9173940939,20859158
1727647427,0,8289522547,20859160
1727647427,0,6790522547,20859160
1727647463,0,8589586156,20859163
1727647487,0,6897739651,20859165
1727647523,0,7797666508,20859168
1727647583,0,9211851873,20859173
1727647595,0,22913159778,20859174
1727647595,0,8232743071,20859174
1727647655,0,24244008797,20859179
1727647691,0,77155589835,20859182
1727647703,0,19833888365,20859183
1727647715,0,7548855372,20859184
1727647715,0,7056005021,20859184
1727647739,0,21368869670,20859186
1727647787,0,8385840666,20859190
1727647823,0,8302383168,20859193
1727647859,0,59114537477,20859196
1727647871,0,20423246353,20859197
1727647895,0,42128222704,20859199
1727647919,0,41762125576,20859201
1727647931,0,240785809306,20859202
1727647943,0,9707620071,20859203
1727647943,0,8462236642,20859203
1727647943,0,7116182466,20859203
1727647955,0,8746972240,20859204
1727647967,0,28951313592,20859205
1727647991,0,8538771444,20859207
1727648003,0,11599132657,20859208
1727648015,0,7885412440,20859209
1727648039,0,6754822139,20859211
1727648051,0,11586281223,20859212
1727648075,0,7741407566,20859214
1727648075,0,8298939280,20859214
1727648087,0,7095255849,20859215
1727648123,0,64873233894,20859218
1727648135,0,12942376515,20859219
1727648159,0,9109539045,20859221
1727648159,0,9109539045,20859221
1727648195,0,8687275652,20859224
1727648195,0,8811874987,20859224
1727648195,0,7342443722,20859224
1727648207,0,8194654485,20859225
1727648231,0,9345357154,20859226
1727648231,0,8163849853,20859226
1727648267,0,10866644622,20859229
1727648279,0,93753810348,20859230
1727648291,0,139350617003,20859231
1727648303,0,77162284239,20859232
1727648315,0,9390082122,20859233
1727648315,0,8161574821,20859233
1727648339,0,10199055083,20859235
1727648351,0,13803080733,20859236
1727648375,0,9321295500,20859238
1727648387,0,19411354890,20859239
1727648387,0,8935758477,20859239
1727648399,0,9449503513,20859240
1727648471,0,7307052287,20859246
1727648507,0,36498113711,20859249
1727648543,0,7993199111,20859252
1727648543,0,8425428744,20859252
1727648603,0,24314483558,20859257
1727648615,0,6877457844,20859258
1727648615,0,6877457844,20859258
1727648615,0,7358879893,20859258
1727648651,0,8402729926,20859261
1727648663,0,9141498306,20859262
1727648699,0,12183373449,20859265
1727648711,0,8886140301,20859266
1727648747,0,6700017912,20859269
1727648771,0,7224179772,20859271
1727648819,0,8851703520,20859275
1727648843,0,7908798806,20859277
1727648879,0,7725975188,20859280
1727648891,0,10550178542,20859281
1727648915,0,16666030902,20859283
1727648927,0,60793460917,20859284
1727648939,0,20872289772,20859285
1727648939,0,6110575238,20859285
1727648939,0,7079411238,20859285
1727648939,0,6110411238,20859285
1727648939,0,11137176857,20859285
1727648975,0,7262343954,20859288
1727649035,0,11449459157,20859293
1727649059,0,7348036956,20859295
1727649071,0,7154193903,20859296
1727649083,0,7095757221,20859297
1727649095,0,6910946196,20859298
1727649107,0,6819143203,20859299
1727649131,0,5900254131,20859301
1727649131,0,31625657181,20859301
1727649215,0,6753446491,20859308
1727649227,0,6802127441,20859309
1727649227,0,6773900441,20859309
1727649227,0,6802127441,20859309
1727649287,0,5963925937,20859314
1727649323,0,10395143218,20859317
1727649359,0,6469474821,20859320
1727649359,0,5757679855,20859320
1727649359,0,7756679855,20859320
1727649443,0,6859372410,20859327
1727649467,0,6423893831,20859329
1727649467,0,6423893831,20859329
1727649539,0,6202329065,20859335
1727649539,0,5373675040,20859335
1727649551,0,5896993309,20859336
1727649599,0,5925360674,20859340
1727649635,0,6892109494,20859343
1727649635,0,6494403402,20859343
1727649635,0,5991109494,20859343
1727649659,0,18971626142,20859345
1727649659,0,7130609196,20859345
1727649659,0,7060609196,20859345
1727649671,0,25123606836,20859346
1727649683,0,7155226040,20859347
1727649683,0,7041772611,20859347
1727649695,0,12973685789,20859348
1727649731,0,10603416837,20859351
1727649767,0,7953921064,20859354
1727649767,0,6370695538,20859354
1727649815,0,6644461588,20859358
1727649815,0,6644461588,20859358
1727649875,0,7844775665,20859363
1727649875,0,9271010473,20859363
1727649899,0,6876041197,20859365
1727649947,0,7938275535,20859369
1727649947,0,8107824449,20859369
1727649971,0,12833683705,20859371
1727649971,0,9517413228,20859371
1727649983,0,6580095958,20859372
1727649983,0,7756952977,20859372
1727650007,0,6589377370,20859374
1727650031,0,7564643841,20859376
1727650055,0,30259472335,20859378
1727650067,0,17995982538,20859379
1727650139,0,22838134347,20859385
1727650187,0,6973911547,20859389
1727650199,0,7098545674,20859390
1727650223,0,7715805693,20859392
1727650271,0,7176211332,20859396
1727650283,0,7545651987,20859397
1727650295,0,7628905951,20859398
1727650355,0,7363572282,20859403
1727650367,0,6561668514,20859404
1727650367,0,6634668514,20859404
1727650403,0,6686527918,20859407
1727650427,0,7029105985,20859409
1727650439,0,7001883524,20859410
1727650463,0,7183258242,20859412
1727650463,0,7183258242,20859412
1727650475,0,7461622741,20859413
1727650511,0,6409327277,20859416
1727650511,0,6373033913,20859416
1727650511,0,7341327277,20859416
1727650523,0,6040244757,20859417
1727650535,0,7056217821,20859418
1727650583,0,7067515926,20859422
1727650655,0,6732281803,20859428
1727650655,0,30417576606,20859428
1727650691,0,5745710891,20859431
1727650727,0,7546630975,20859434
1727650727,0,21079015198,20859434
1727650775,0,7630716823,20859438
1727650799,0,6237902516,20859440
1727651003,0,5692588900,20859457
1727651003,0,5719588900,20859457
1727651015,0,5879288265,20859458
1727651039,0,7089991379,20859460
1727651075,0,5417195180,20859463
1727651123,0,5832873980,20859467
1727651123,0,7832873980,20859467
1727651123,0,8101909672,20859467
1727651159,0,23140279853,20859470
1727651183,0,7084978703,20859472
1727651207,0,5753976915,20859474
1727651231,0,35999921533,20859476
1727651279,0,6677048452,20859480
1727651315,0,6480085399,20859483
1727651327,0,5471441825,20859484
1727651387,0,5545079514,20859489
1727651423,0,25660358731,20859492
1727651459,0,9914106891,20859495
1727651483,0,20986053436,20859497
1727651495,0,5718097790,20859498
1727651543,0,5903035247,20859502
1727651627,0,5441404386,20859509
1727651795,0,6514362543,20859523
1727651807,0,6460552481,20859524
1727651903,0,5579742581,20859532
1727651927,0,7130661774,20859534
1727651939,0,6196669175,20859535
1727651939,0,24142428013,20859535
1727651987,0,5757717425,20859539
1727652071,0,21697510829,20859546
1727652095,0,6126047079,20859548
1727652107,0,7253820506,20859549
1727652131,0,6121047214,20859551
1727652131,0,6046402179,20859551
1727652143,0,10928585973,20859552
1727652167,0,39027873537,20859554
1727652299,0,7843779216,20859565
1727652347,0,5570108181,20859569
1727652347,0,6481781181,20859569
1727652347,0,5570108181,20859569
1727652395,0,6643337289,20859573
1727652407,0,5898079658,20859574
1727652407,0,7290074911,20859574
1727652431,0,6450645560,20859576
1727652431,0,6480645561,20859576
1727652467,0,74689859584,20859579
1727652479,0,6314580908,20859580
1727652491,0,7495553852,20859581
1727652515,0,7134723230,20859583
1727652527,0,125461405507,20859584
1727652551,0,6602813186,20859586
1727652563,0,25363694621,20859587
1727652611,0,6752071891,20859591
1727652671,0,6198149074,20859596
1727652671,0,58245235941,20859596
1727652743,0,73494041431,20859602
1727652803,0,65763283161,20859607
1727652815,0,6112770110,20859608
1727652815,0,6053670110,20859608
1727652863,0,8128184509,20859612
1727652911,0,7438525849,20859616
1727652935,0,6100000000,20859618
1727652947,0,6465671065,20859619
1727652947,0,10933438177,20859619
1727652959,0,6457072849,20859620
1727653031,0,51483705353,20859626
1727653043,0,7704501539,20859627
1727653055,0,6099601521,20859628
1727653163,0,6301875843,20859637
1727653199,0,7932320733,20859640
1727653259,0,22977641361,20859645
1727653343,0,5105813246,20859652
1727653355,0,6435137150,20859653
1727653403,0,5587552671,20859657
1727653403,0,5587552671,20859657
1727653427,0,6656992731,20859659
1727653439,0,6838862690,20859660
1727653463,0,6648905096,20859662
1727653463,0,10672944168,20859662
1727653487,0,9475470835,20859664
1727653487,0,8123398563,20859664
1727653535,0,6337396878,20859668
1727653547,0,7568787090,20859669
1727653595,0,40281728045,20859673
1727653607,0,7278973978,20859674
1727653607,0,51898339473,20859674
1727653619,0,6216459180,20859675
1727653631,0,25590684927,20859676
1727653631,0,5981474111,20859676
1727653631,0,6351474111,20859676
1727653643,0,8233810879,20859677
1727653655,0,6358304952,20859678
1727653655,0,10755034887,20859678
1727653667,0,33625957365,20859679
1727653679,0,8324876184,20859680
1727653703,0,5296289492,20859682
1727653727,0,7425663274,20859684
1727653763,0,7431267530,20859687
1727653799,0,6503695624,20859690
1727653799,0,6503695624,20859690
1727653811,0,6393723452,20859691
1727653931,0,6275020048,20859701
1727654099,0,6357729015,20859715
1727654111,0,8329630843,20859716
1727654147,0,6659001286,20859719
1727654159,0,6331950840,20859720
1727654159,0,6400000000,20859720
1727654171,0,7081790334,20859721
1727654195,0,6170630070,20859723
1727654231,0,5786584977,20859726
1727654231,0,5920350897,20859726
1727654291,0,7322409683,20859731
1727654291,0,5323409683,20859731
1727654339,0,5932660352,20859735
1727654339,0,6768660352,20859735
1727654351,0,6334197440,20859736
1727654387,0,5490454617,20859739
1727654399,0,6249113258,20859740
1727654423,0,5577801849,20859742
1727654423,0,7247801849,20859742
1727654447,0,7931058503,20859744
1727654447,0,6371958503,20859744
1727654459,0,8109627534,20859745
1727654471,0,6900000000,20859746
1727654483,0,6270189896,20859747
1727654507,0,6031468059,20859749
1727654507,0,7937468059,20859749
1727654591,0,6872903944,20859756
1727654603,0,7391098968,20859757
1727654615,0,27186692095,20859758
1727654615,0,8914346615,20859758
1727654627,0,14096973466,20859759
1727654639,0,39377704194,20859760
1727654639,0,7305408796,20859760
1727654651,0,8204556202,20859761
1727654651,0,8115906202,20859761
1727654663,0,27895760371,20859762
1727654675,0,7000000000,20859763
1727654687,0,10315436704,20859764
1727654687,0,11185398932,20859764
1727654699,0,7953406394,20859765
1727654723,0,6821975137,20859767
1727654723,0,9752975137,20859767
1727654735,0,7000000000,20859768
1727654735,0,6649740846,20859768
1727654735,0,9599740846,20859768
1727654747,0,9679392733,20859769
1727654747,0,8090742733,20859769
1727654747,0,8179392733,20859769
1727654759,0,9657153176,20859770
1727654795,0,6685833061,20859773
1727654795,0,8135833061,20859773
1727654795,0,8090833061,20859773
1727654819,0,7814057677,20859775
1727654843,0,7295509778,20859777
1727654867,0,585288201529,20859779
1727654867,0,7398329435,20859779
1727654867,0,6565489697,20859779
1727654879,0,15969932842,20859780
1727654927,0,7813649393,20859784
1727654951,0,7075380331,20859786
1727654951,0,8298996850,20859786
1727654975,0,6026632423,20859788
1727654975,0,7394641923,20859788
1727654975,0,85460086823,20859788
1727654975,0,7000000000,20859788
1727654999,0,6837128935,20859790
1727655035,0,7918606969,20859793
1727655071,0,5722906483,20859796
1727655131,0,5607514467,20859801
1727655143,0,6633031717,20859802
1727655155,0,7987368946,20859803
1727655155,0,7678626878,20859803
1727655191,0,5449039358,20859806
1727655203,0,56361190176,20859807
1727655215,0,6580349010,20859808
1727655275,0,19972328102,20859813
1727655275,0,6531130043,20859813
1727655287,0,7176479348,20859814
1727655299,0,6547134722,20859815
1727655311,0,6638444916,20859816
1727655335,0,6663745681,20859818
1727655347,0,6795461180,20859819
1727655347,0,6795461180,20859819
1727655347,0,6830729632,20859819
1727655359,0,15807910485,20859820
1727655359,0,6618896816,20859820
1727655359,0,6654165268,20859820
1727655371,0,6753812157,20859821
1727655371,0,5254812157,20859821
1727655395,0,6063042276,20859823
1727655419,0,5960073100,20859825
1727655431,0,18416539886,20859826
1727655431,0,6720386740,20859826
1727655455,0,6346382224,20859828
1727655467,0,6199704309,20859829
1727655467,0,6173786959,20859829
1727655515,0,6512684525,20859833
1727655551,0,6813192183,20859836
1727655563,0,21402304634,20859837
1727655587,0,7008062525,20859839
1727655611,0,5724895739,20859841
1727655683,0,6606512449,20859847
1727655719,0,5567886603,20859850
1727655719,0,5567886603,20859850
1727655755,0,5568336617,20859853
1727655767,0,6154887352,20859854
1727655779,0,32262230063,20859855
1727655791,0,48107928100,20859856
1727655875,0,6345943498,20859863
1727655935,0,7643837941,20859868
1727655947,0,5162909062,20859869
1727655959,0,125137508891,20859870
1727656007,0,24937923171,20859874
1727656019,0,6513029603,20859875
1727656031,0,44107352046,20859876
1727656031,0,5430496803,20859876
1727656055,0,5684727331,20859878
1727656067,0,49083952548,20859879
1727656079,0,6859855530,20859880
1727656091,0,5393199156,20859881
1727656103,0,6687840391,20859882
1727656139,0,28355126097,20859885
1727656163,0,7164693082,20859887
1727656163,0,5165693082,20859887
1727656175,0,6883411075,20859888
1727656247,0,28082576619,20859894
1727656259,0,6743231072,20859895
1727656283,0,6407127840,20859897
1727656319,0,6881998386,20859899
1727656343,0,8194266075,20859901
1727656367,0,22762159738,20859903
1727656367,0,7113809206,20859903
1727656379,0,6396099790,20859904
1727656391,0,6108711994,20859905
1727656415,0,7917472206,20859907
1727656415,0,7917472206,20859907
1727656427,0,19362645180,20859908
1727656439,0,44859883212,20859909
1727656439,0,41305951453,20859909
1727656451,0,7699353157,20859910
1727656487,0,6258020893,20859913
1727656499,0,6410698657,20859914
1727656499,0,6401698658,20859914
1727656499,0,7416709893,20859914
1727656499,0,6500000000,20859914
1727656535,0,7781731370,20859917
1727656571,0,7857448595,20859920
1727656571,0,67783881786,20859920
1727656607,0,76425281210,20859923
1727656631,0,6656768131,20859925
1727656655,0,7888426131,20859927
1727656727,0,8355456147,20859933
1727656739,0,12045355637,20859934
1727656751,0,8905936365,20859935
1727656775,0,24530777315,20859937
1727656775,0,7179191892,20859937
1727656775,0,14516187316,20859937
1727656775,0,7086938694,20859937
1727656787,0,6243547357,20859938
1727656787,0,7243547357,20859938
1727656799,0,6058496730,20859939
1727656811,0,6177806958,20859940
1727656823,0,80353557905,20859941
1727656835,0,24592083421,20859942
1727656847,0,6700000000,20859943
1727656871,0,6226419868,20859945
1727656895,0,7716960106,20859947
1727656919,0,7263966068,20859949
1727656931,0,8049430241,20859950
1727656967,0,8926925860,20859953
1727657015,0,6964403102,20859957
1727657027,0,8657698744,20859958
1727657051,0,7775185214,20859960
1727657075,0,20923610678,20859962
1727657075,0,8884991140,20859962
1727657075,0,7955058524,20859962
1727657087,0,56076429083,20859963
1727657099,0,16827100045,20859964
1727657111,0,7881741378,20859965
1727657219,0,39958201572,20859974
1727657267,0,89962683358,20859978
1727657267,0,6180403810,20859978
1727657315,0,6324921802,20859982
1727657327,0,13446917229,20859983
1727657327,0,6739996246,20859983
1727657339,0,43280829821,20859984
1727657351,0,6653727222,20859985
1727657375,0,7422852706,20859987
1727657423,0,11372047530,20859991
1727657423,0,6382047530,20859991
1727657459,0,7752178519,20859994
1727657507,0,9620489450,20859998
1727657519,0,25557670872,20859999
1727657555,0,6375375558,20860002
1727657639,0,6311828863,20860009
1727657771,0,23413941166,20860020
1727657783,0,22663104842,20860021
1727657843,0,6351077016,20860026
1727657891,0,6230154509,20860030
1727657903,0,99655131591,20860031
1727657927,0,9149897866,20860033
1727657927,0,7118660866,20860033
1727657951,0,52907767032,20860035
1727657987,0,6760873364,20860038
1727658047,0,8351143502,20860043
1727658059,0,7485444397,20860044
1727658083,0,6984492017,20860046
1727658131,0,25169424243,20860050
1727658191,0,133558933038,20860055
1727658191,0,6977375866,20860055
1727658191,0,6977375866,20860055
1727658203,0,7385076620,20860056
1727658263,0,6842315242,20860061
1727658275,0,7144774527,20860062
1727658335,0,550471682508,20860067
1727658395,0,13526069728,20860072
1727658431,0,7034959490,20860075
1727658479,0,5516264245,20860079
1727658491,0,6395700701,20860080
1727658491,0,28501800308,20860080
1727658527,0,9984934676,20860083
1727658575,0,5028830658,20860087
1727658623,0,5331558257,20860090
1727658635,0,5616803021,20860091
1727658635,0,7616803021,20860091
1727658647,0,7139423140,20860092
1727658659,0,26432864080,20860093
1727658659,0,6956309043,20860093
1727658671,0,418682475920,20860094
1727658683,0,10953349766,20860095
1727658707,0,7300093402,20860097
1727658707,0,9039629594,20860097
1727658719,0,52352616640,20860098
1727658731,0,7095994619,20860099
1727658731,0,6183321619,20860099
1727658743,0,65514974692,20860100
1727658755,0,43175433342,20860101
1727658767,0,5968720259,20860102
1727658767,0,19684433186,20860102
1727658815,0,12401529607,20860106
1727658863,0,30424435122,20860109
1727658863,0,6394041808,20860109
1727658887,0,5546160833,20860111
1727658947,0,4982883088,20860116
1727658947,0,4982883088,20860116
1727658983,0,5137473280,20860119
1727658983,0,5122354998,20860119
1727658995,0,214896463109,20860120
1727659043,0,62633929098,20860124
1727659115,0,6339651502,20860130
1727659163,0,28566874028,20860134
1727659187,0,24697219107,20860136
1727659199,0,5103262925,20860137
1727659211,0,6868177523,20860138
1727659235,0,5386645990,20860140
1727659283,0,6850043187,20860144
1727659283,0,5850043187,20860144
1727659355,0,6221717570,20860150
1727659379,0,23054216308,20860152
1727659379,0,4932448877,20860152
1727659391,0,5072205053,20860153
1727659415,0,5904756720,20860155
1727659451,0,5449071732,20860158
1727659463,0,4966825780,20860159
1727659475,0,6911918697,20860160
1727659487,0,6794913931,20860161
1727659487,0,4794913931,20860161
1727659511,0,5738674307,20860163
1727659583,0,5493654466,20860169
1727659583,0,5493654466,20860169
1727659607,0,31051734678,20860171
1727659619,0,4615718050,20860172
1727659643,0,28092886564,20860174
1727659643,0,4767941259,20860174
1727659655,0,249410206567,20860175
1727659679,0,4677549639,20860177
1727659679,0,74321604459,20860177
1727659703,0,5396332729,20860179
1727659715,0,5239868706,20860180
1727659727,0,7181311448,20860181
1727659739,0,23214973470,20860182
1727659787,0,5034647607,20860186
1727659811,0,7396133674,20860188
1727659931,0,22962425334,20860198
1727659943,0,264732116644,20860199
1727659967,0,6169375638,20860201
1727659979,0,5552939800,20860202
1727660039,0,8699072100,20860207
1727660039,0,31815021973,20860207
1727660039,0,5111745100,20860207
1727660039,0,5139972100,20860207
1727660063,0,5649287675,20860209
1727660099,0,5835294223,20860212
1727660099,0,4880954518,20860212
1727660123,0,285015333321,20860214
1727660135,0,40630835268,20860215
1727660135,0,4726239814,20860215
1727660147,0,291053256131,20860216
1727660159,0,5168043136,20860217
1727660195,0,5920795199,20860220
1727660267,0,12164117096,20860226
1727660267,0,4684630798,20860226
1727660315,0,5213161364,20860230
1727660411,0,4475061237,20860238
1727660423,0,5820865447,20860239
1727660459,0,5290705205,20860242
1727660459,0,5290705205,20860242
1727660483,0,5400000000,20860244
1727660507,0,5163717484,20860246
1727660555,0,5072486253,20860250
1727660675,0,6010135028,20860259
1727660711,0,125297810836,20860262
1727660723,0,207242684829,20860263
1727660735,0,4845670469,20860264
1727660735,0,38961143015,20860264
1727660747,0,5468586441,20860265
1727660771,0,4607967605,20860267
1727660783,0,68588594205,20860268
1727660783,0,4613734207,20860268
1727660795,0,6935533478,20860269
1727660795,0,175467294176,20860269
1727660807,0,8836659652,20860270
1727660831,0,27195750489,20860272
1727660843,0,58773823289,20860273
1727660855,0,4693847607,20860274
1727660867,0,281817106534,20860275
1727660867,0,5870000000,20860275
1727660879,0,4612320628,20860276
1727660879,0,21317422928,20860276
1727660891,0,4532706947,20860277
1727660915,0,4972570073,20860279
1727660915,0,114795014612,20860279
1727660915,0,4909570073,20860279
1727660939,0,4516792892,20860281
1727660951,0,7479729100,20860282
1727660975,0,6211282917,20860284
1727660987,0,5090414063,20860285
1727660987,0,7452070558,20860285
1727661023,0,5460264764,20860288
1727661023,0,5106912959,20860288
1727661035,0,5911374260,20860289
1727661035,0,88822757751,20860289
1727661035,0,5946698477,20860289
1727661047,0,61716460302,20860290
1727661059,0,5631663016,20860291
1727661059,0,6214442098,20860291
1727661071,0,59782555873,20860292
1727661083,0,5163797815,20860293
1727661083,0,6297797815,20860293
1727661083,0,23596380216,20860293
1727661107,0,43663718373,20860295
1727661131,0,9724630139,20860297
1727661143,0,7074645485,20860298
1727661143,0,7074645485,20860298
1727661191,0,7647483828,20860302
1727661227,0,45758583083,20860305
1727661239,0,5365875778,20860306
1727661239,0,6364875779,20860306
1727661251,0,13072929873,20860307
1727661287,0,28019542560,20860310
1727661299,0,5184483185,20860311
1727661311,0,75828296359,20860312
1727661323,0,27972089563,20860313
1727661335,0,7192876236,20860314
1727661359,0,4842123800,20860316
1727661359,0,4904123800,20860316
1727661383,0,5585618197,20860318
1727661383,0,6096755074,20860318
1727661407,0,6016515553,20860320
1727661455,0,18022499098,20860324
1727661467,0,6163043631,20860325
1727661467,0,7204514615,20860325
1727661479,0,7229095832,20860326
1727661491,0,5025649173,20860327
1727661491,0,5930649173,20860327
1727661491,0,5960649174,20860327
1727661491,0,42103586892,20860327
1727661515,0,6049307063,20860329
1727661539,0,5111900474,20860331
1727661551,0,7291729568,20860332
1727661551,0,7291729568,20860332
1727661563,0,60560330266,20860333
1727661599,0,6267368835,20860336
1727661695,0,136625214870,20860344
1727661707,0,10771713803,20860345
1727661707,0,6178675921,20860345
1727661743,0,5180673366,20860348
1727661755,0,5142470868,20860349
1727661791,0,6294612883,20860352
1727661791,0,36682473970,20860352
1727661803,0,66711468501,20860353
1727661803,0,5600207990,20860353
1727661815,0,5476578738,20860354
1727661827,0,7615842121,20860355
1727661827,0,6615842122,20860355
1727661827,0,76829969937,20860355
1727661839,0,5503148789,20860356
1727661839,0,19813173644,20860356
1727661839,0,13502148789,20860356
1727661863,0,6578720560,20860358
1727661899,0,5131264028,20860361
1727661899,0,7084264028,20860361
1727661911,0,7430250652,20860362
1727661935,0,23425959377,20860364
1727661947,0,12907980129,20860365
1727661947,0,7418959689,20860365
1727661971,0,6361742606,20860367
1727661983,0,6303193381,20860368
1727661995,0,7280781157,20860369
1727662043,0,7367942052,20860373
1727662067,0,6217643494,20860375
1727662103,0,6327498909,20860378
1727662115,0,5344495409,20860379
1727662139,0,6321899660,20860381
1727662139,0,5401899660,20860381
1727662151,0,6279938421,20860382
1727662163,0,7542479721,20860383
1727662163,0,5543479721,20860383
1727662175,0,7364956313,20860384
1727662235,0,6566341869,20860389
1727662235,0,6566341870,20860389
1727662259,0,5202075257,20860391
1727662259,0,5206493257,20860391
1727662283,0,7388585261,20860392
1727662283,0,5415528187,20860392
1727662295,0,5650563008,20860393
1727662307,0,219232496576,20860394
1727662319,0,5913299070,20860395
1727662331,0,6009092112,20860396
1727662331,0,6009092112,20860396
1727662331,0,7008092113,20860396
1727662331,0,10228657256,20860396
1727662331,0,7053912162,20860396
1727662331,0,6008092112,20860396
1727662355,0,7020010697,20860398
1727662367,0,7137198807,20860399
1727662379,0,6149682813,20860400
1727662403,0,18988547464,20860402
1727662403,0,18004006811,20860402
1727662403,0,7004006811,20860402
1727662415,0,6558635095,20860403
1727662439,0,22856004519,20860405
1727662451,0,7680536978,20860406
1727662451,0,129233819605,20860406
1727662463,0,7780481702,20860407
1727662487,0,9035067824,20860409
1727662523,0,85936869971,20860412
1727662535,0,63397036396,20860413
1727662583,0,8537149835,20860417
1727662619,0,138249126531,20860420
1727662631,0,39201271106,20860421
1727662631,0,9397396813,20860421
1727662643,0,7153693930,20860422
1727662655,0,71198657630,20860423
1727662667,0,8866690971,20860424
1727662667,0,12802871747,20860424
1727662679,0,9344715584,20860425
1727662691,0,16325281006,20860426
1727662703,0,139391958505,20860427
1727662727,0,9043077254,20860429
1727662739,0,12459621222,20860430
1727662751,0,6699911838,20860431
1727662763,0,6538341287,20860432
1727662775,0,37976557572,20860433
1727662787,0,6658756137,20860434
1727662787,0,27579078355,20860434
1727662835,0,8295374281,20860438
1727662835,0,7700000000,20860438
1727662859,0,9018246721,20860440
1727662859,0,9225277887,20860440
1727662895,0,6051610763,20860443
1727662895,0,6101670763,20860443
1727662895,0,6051670763,20860443
1727662895,0,6051670763,20860443
1727662907,0,6242500000,20860444
1727662907,0,8144567340,20860444
1727662931,0,8262664968,20860446
1727662931,0,7212770683,20860446
1727662943,0,8522581241,20860447
1727662955,0,6924083979,20860448
1727662955,0,5685982941,20860448
1727662955,0,8073330162,20860448
1727662955,0,5636922941,20860448
1727662991,0,6559966578,20860451
1727662991,0,6451234695,20860451
1727663063,0,6422289259,20860457
1727663075,0,7771140303,20860458
1727663099,0,7941718955,20860460
1727663135,0,7706728585,20860463
1727663159,0,6910916525,20860465
1727663159,0,6064814768,20860465
1727663159,0,7247532774,20860465
1727663267,0,6489154617,20860474
1727663291,0,7616412960,20860476
1727663303,0,6467968604,20860477
1727663327,0,39034272158,20860479
1727663327,0,7152676744,20860479
1727663375,0,7971167773,20860483
1727663375,0,7971167773,20860483
1727663411,0,6403270775,20860486
1727663411,0,33761145793,20860486
1727663435,0,6151634950,20860488
1727663459,0,52079705056,20860490
1727663471,0,9700000000,20860491
1727663471,0,8029410686,20860491
1727663495,0,9033902217,20860493
1727663519,0,8976453953,20860495
1727663531,0,349910736210,20860496
1727663543,0,8613025955,20860497
1727663567,0,13685680700,20860499
1727663579,0,43579355780,20860500
1727663591,0,9113949051,20860501
1727663603,0,10346000384,20860502
1727663603,0,10346000384,20860502
1727663675,0,10396494877,20860508
1727663687,0,69179681128,20860509
1727663699,0,11636140676,20860510
1727663711,0,10841040240,20860511
1727663723,0,11106957269,20860512
1727663735,0,27690145124,20860513
1727663771,0,12608801195,20860516
1727663819,0,13825590643,20860520
1727663831,0,13078906890,20860521
1727663867,0,79241255090,20860524
1727663879,0,45032536753,20860525
1727663891,0,44146586409,20860526
1727663903,0,13868946452,20860527
1727663939,0,12691596282,20860530
1727663975,0,12443162692,20860533
1727663999,0,13826226566,20860535
1727664035,0,10684579452,20860538
1727664035,0,12648792166,20860538
1727664047,0,10109521605,20860539
1727664059,0,12350069724,20860540
1727664071,0,10280979385,20860541
1727664071,0,11279979385,20860541
1727664083,0,39577786964,20860542
1727664131,0,9917103398,20860546
1727664167,0,66247198701,20860549
1727664191,0,11474537964,20860551
1727664203,0,12238794841,20860552
1727664323,0,11210945426,20860562
1727664347,0,13005520769,20860564
1727664359,0,33971243851,20860565
1727664407,0,120462536457,20860569
1727664419,0,17090644635,20860570
1727664455,0,12000000000,20860573
1727664467,0,12807322535,20860574
1727664503,0,18164218356,20860577
1727664503,0,16256868192,20860577
1727664527,0,10905704173,20860579
1727664539,0,12841750594,20860580
1727664611,0,11758709490,20860586
1727664611,0,11711818358,20860586
1727664623,0,14328835605,20860587
1727664623,0,14517601668,20860587
1727664647,0,10868773696,20860589
1727664647,0,9869773696,20860589
1727664683,0,11747892018,20860592
1727664791,0,9577609916,20860601
1727664791,0,11027609916,20860601
1727664815,0,12500000000,20860603
1727664851,0,10707336932,20860606
1727664875,0,12045495059,20860608
1727664875,0,9389616629,20860608
1727664899,0,27531964301,20860610
1727664923,0,14480945178,20860612
1727664947,0,9345986792,20860614
1727664959,0,9412289636,20860615
1727664959,0,10387152387,20860615
1727664971,0,9471349374,20860616
1727664971,0,11498867005,20860616
1727664983,0,9637641952,20860617
1727665031,0,9375659992,20860621
1727665079,0,9225608327,20860625
1727665103,0,11009288770,20860627
1727665127,0,8947214482,20860629
1727665163,0,49892712100,20860632
1727665175,0,3479232519501,20860633
1727665175,0,19181484777,20860633
1727665175,0,9198875212,20860633
1727665187,0,8351614344,20860634
1727665187,0,92697850437,20860634
1727665199,0,8962212955,20860635
1727665199,0,16261608887,20860635
1727665199,0,10246852291,20860635
1727665223,0,10310762002,20860637
1727665223,0,8458105821,20860637
1727665235,0,196710250732,20860638
1727665247,0,10666001261,20860639
1727665247,0,8653025180,20860639
1727665259,0,9829399452,20860640
1727665355,0,11261235316,20860648
1727665367,0,9614575019,20860649
1727665391,0,37644517294,20860651
1727665415,0,11372742519,20860653
1727665451,0,229427175220,20860655
1727665451,0,10740950544,20860655
1727665475,0,11942856918,20860657
1727665475,0,10299837301,20860657
1727665499,0,10412732989,20860659
1727665523,0,123795865171,20860660
1727665535,0,27886943692,20860661
1727665583,0,8977066999,20860665
1727665619,0,155700948709,20860668
1727665643,0,10028061572,20860670
1727665643,0,133325294405,20860670
1727665655,0,35946094911,20860671
1727665679,0,50013055066,20860673
1727665691,0,11021708424,20860674
1727665691,0,9718508744,20860674
1727665703,0,9804113475,20860675
1727665751,0,10058356724,20860679
1727665763,0,10894782195,20860680
1727665787,0,41158648833,20860682
1727665787,0,11652836724,20860682
1727665799,0,127158066938,20860683
1727665811,0,11907559354,20860684
1727665823,0,11546583469,20860685
1727665835,0,11664777983,20860686
1727665859,0,9837451414,20860688
1727665871,0,10903653395,20860689
1727665871,0,13100000000,20860689
1727665883,0,9598059482,20860690
1727665895,0,9031387664,20860691
1727665895,0,9841789054,20860691
1727665931,0,10885124947,20860694
1727665967,0,10709692129,20860697
1727665967,0,10691894505,20860697
1727665967,0,258138300402,20860697
1727665979,0,9055210394,20860698
1727665979,0,413171480792,20860698
1727665991,0,10000000000,20860699
1727666003,0,8828567209,20860700
1727666003,0,10346053926,20860700
1727666015,0,14604430810,20860701
1727666027,0,83521733671,20860702
1727666039,0,74925373141,20860703
1727666051,0,12600000000,20860704
1727666063,0,33223157839,20860705
1727666075,0,49300054076,20860706
1727666087,0,10356963532,20860707
1727666135,0,11380139298,20860711
1727666135,0,65410894740,20860711
1727666147,0,11512910614,20860712
1727666159,0,8836319704,20860713
1727666159,0,9836319704,20860713
1727666159,0,9836319704,20860713
1727666171,0,8944072503,20860714
1727666243,0,10322966198,20860720
1727666279,0,42685063319,20860723
1727666279,0,10900000000,20860723
1727666327,0,9468898047,20860727
1727666327,0,9468898047,20860727
1727666339,0,9121158908,20860728
1727666363,0,8537847410,20860730
1727666363,0,29786849329,20860730
1727666375,0,8174177997,20860731
1727666387,0,7562427620,20860732
1727666387,0,8767523312,20860732
1727666411,0,7381139565,20860734
1727666483,0,7733922629,20860740
1727666531,0,22795527453,20860744
1727666555,0,7170871915,20860746
1727666555,0,7170871915,20860746
1727666579,0,6904546289,20860748
1727666579,0,5685563783,20860748
1727666591,0,40855303083,20860749
1727666603,0,6159587702,20860750
1727666663,0,8556545486,20860755
1727666675,0,10618563176,20860756
1727666687,0,7649638270,20860757
1727666699,0,6262052186,20860758
1727666795,0,7180340733,20860766
1727666795,0,6261894064,20860766
1727666855,0,6481156634,20860771
1727666867,0,6885359107,20860772
1727666939,0,34130643140,20860778
1727666975,0,6641467814,20860781
1727667011,0,6850563431,20860784
1727667023,0,5940016058,20860785
1727667047,0,22909432633,20860787
1727667059,0,57808660295,20860788
1727667071,0,6967599778,20860789
1727667095,0,5646817778,20860791
1727667095,0,6681108249,20860791
1727667107,0,28041861582,20860792
1727667107,0,5753770591,20860792
1727667239,0,6806745904,20860803
1727667251,0,5608447193,20860804
1727667251,0,6581527525,20860804
1727667275,0,6739035412,20860806
1727667287,0,5735557628,20860807
1727667311,0,6063287559,20860809
1727667359,0,5127007809,20860813
1727667383,0,35818427625,20860815
1727667395,0,36276599194,20860816
1727667407,0,9170223815,20860817
1727667419,0,6177979357,20860818
1727667419,0,5239176957,20860818
1727667455,0,55443204348,20860821
1727667467,0,5659951389,20860822
1727667527,0,7580594129,20860827
1727667527,0,6493267129,20860827
1727667551,0,5830958355,20860829
1727667587,0,7007224808,20860832
1727667599,0,7991983154,20860833
1727667623,0,6549317767,20860835
1727667635,0,6914614112,20860836
1727667659,0,5505312699,20860838
1727667683,0,5359218108,20860840
1727667695,0,6288827948,20860841
1727667707,0,6261815267,20860842
1727667719,0,6328842348,20860843
1727667731,0,6116495279,20860844
1727667743,0,6688690876,20860845
1727667755,0,5385760894,20860846
1727667827,0,6539198973,20860852
1727667827,0,6129018922,20860852
1727667839,0,7740569165,20860853
1727667839,0,7740569165,20860853
1727667851,0,6156166154,20860854
1727667851,0,65758989075,20860854
1727667875,0,129600369236,20860856
1727667935,0,5345725932,20860861
1727667947,0,6249220781,20860862
1727667959,0,6175401569,20860863
1727668019,0,5136983761,20860868
1727668043,0,4684734074,20860870
1727668055,0,6095457078,20860871
1727668067,0,5981487570,20860872
1727668079,0,64145674318,20860873
1727668091,0,117416966089,20860874
1727668091,0,6842731870,20860874
1727668103,0,5093774021,20860875
1727668103,0,4894774021,20860875
1727668175,0,27972445593,20860881
1727668187,0,5101065604,20860882
1727668223,0,5287483563,20860885
1727668247,0,5461991740,20860887
1727668259,0,6586074100,20860888
1727668259,0,8997068945,20860888
1727668259,0,37287981012,20860888
1727668307,0,6398856489,20860892
1727668331,0,5413411958,20860894
1727668343,0,73563962837,20860895
1727668343,0,5583192526,20860895
1727668367,0,4863215832,20860897
1727668367,0,5262567554,20860897
1727668391,0,6515853000,20860899
1727668415,0,5520362731,20860901
1727668439,0,190618338593,20860903
1727668451,0,17825386671,20860904
1727668463,0,5171434571,20860905
1727668475,0,23214266120,20860906
1727668499,0,5294028960,20860908
1727668499,0,6180363508,20860908
1727668499,0,5294028960,20860908
1727668499,0,5267690508,20860908
1727668511,0,5666000000,20860909
1727668511,0,5503176544,20860909
1727668523,0,515861168907,20860910
1727668535,0,535526914162,20860911
1727668547,0,6491966500,20860912
1727668559,0,6022723833,20860913
1727668559,0,7052723833,20860913
1727668571,0,10163339003,20860914
1727668571,0,10333339003,20860914
1727668583,0,11889462298,20860915
1727668583,0,148454488483,20860915
1727668595,0,15029644522,20860916
1727668607,0,5149239198,20860917
1727668607,0,9179239198,20860917
1727668607,0,5149239198,20860917
1727668619,0,4785611673,20860918
1727668631,0,4551250136,20860919
1727668631,0,4951250136,20860919
1727668655,0,4589226674,20860921
1727668655,0,9072218035,20860921
1727668667,0,8072737181,20860922
1727668679,0,6210324684,20860923
1727668703,0,5800000000,20860925
1727668703,0,4907121461,20860925
1727668715,0,5016748775,20860926
1727668715,0,5840935524,20860926
1727668727,0,7783646818,20860927
1727668739,0,7175613602,20860928
1727668763,0,5471591417,20860930
1727668775,0,6972974226,20860931
1727668787,0,16605346091,20860932
1727668811,0,7743068482,20860934
1727668835,0,6144951738,20860936
1727668835,0,6016270500,20860936
1727668847,0,6059091236,20860937
1727668871,0,34748366060,20860939
1727668883,0,7208934616,20860940
1727668967,0,22006344144,20860947
1727668991,0,5440709961,20860949
1727668991,0,9658286747,20860949
1727668991,0,13426286747,20860949
1727668991,0,9837286747,20860949
1727668991,0,4889286747,20860949
1727669003,0,5312224840,20860950
1727669015,0,226060987482,20860951
1727669015,0,5193056984,20860951
1727669015,0,6693056984,20860951
1727669027,0,25369462530,20860952
1727669039,0,31083573891,20860953
1727669051,0,52346535989,20860954
1727669063,0,7465939680,20860955
1727669075,0,75455457497,20860956
1727669099,0,5410421152,20860958
1727669123,0,6347890741,20860960
1727669135,0,7419172351,20860961
1727669135,0,6458468889,20860961
1727669171,0,22953162050,20860964
1727669171,0,6042835569,20860964
1727669231,0,5544950887,20860969
1727669267,0,17196263834,20860972
1727669279,0,5486598675,20860973
1727669279,0,5486598675,20860973
1727669279,0,6912425761,20860973
1727669315,0,5610440478,20860976
1727669315,0,5610440478,20860976
1727669327,0,8212761891,20860977
1727669351,0,7679306098,20860979
1727669363,0,70939613217,20860980
1727669375,0,6664138296,20860981
1727669399,0,5158238892,20860983
1727669399,0,5158238892,20860983
1727669471,0,10188365913,20860989
1727669483,0,6634675403,20860990
1727669495,0,5449351602,20860991
1727669507,0,9265121916,20860992
1727669531,0,11672526019,20860994
1727669543,0,5405278545,20860995
1727669555,0,8534922884,20860996
1727669567,0,6535212708,20860997
1727669567,0,21204087635,20860997
1727669579,0,4427774352,20860998
1727669615,0,4115511278,20861001
1727669627,0,5435147925,20861002
1727669663,0,6800273495,20861005
1727669687,0,6139773286,20861007
1727669687,0,4923516643,20861007
1727669711,0,5529098810,20861009
1727669723,0,4464397149,20861010
1727669747,0,5225058547,20861012
1727669783,0,5125565636,20861015
1727669819,0,4583860272,20861018
1727669891,0,5400000000,20861024
1727669903,0,10381612232,20861025
1727669915,0,7374419994,20861026
1727669915,0,4884013887,20861026
1727669939,0,5403852711,20861028
1727669951,0,5568587548,20861029
1727669951,0,5568587548,20861029
1727669951,0,20036889996,20861029
1727669987,0,5443022231,20861032
1727669999,0,5494659465,20861033
1727669999,0,5354236283,20861033
1727670035,0,7181943156,20861036
1727670047,0,18002222588,20861037
1727670059,0,43293147150,20861038
1727670071,0,5688297091,20861039
1727670071,0,9593089491,20861039
1727670083,0,5412364906,20861040
1727670083,0,4953434454,20861040
1727670095,0,4299602344,20861041
1727670143,0,5203141958,20861045
1727670167,0,4416260462,20861047
1727670191,0,6324197437,20861049
1727670191,0,4352258279,20861049
1727670215,0,4306355690,20861051
1727670251,0,5055547465,20861054
1727670263,0,5351292427,20861055
1727670335,0,8296859985,20861061
1727670347,0,5417647899,20861062
1727670359,0,13860537343,20861063
1727670359,0,4178127869,20861063
1727670371,0,4960878776,20861064
1727670395,0,5745247339,20861066
1727670479,0,5784846092,20861073
1727670479,0,4977863249,20861073
1727670539,0,4699843638,20861078
1727670551,0,8500259922,20861079
1727670587,0,5254162790,20861082
1727670671,0,6625184989,20861089
1727670683,0,10081623097,20861090
1727670683,0,6554034651,20861090
1727670695,0,5521485910,20861091
1727670707,0,18088418488,20861092
1727670707,0,4285636105,20861092
1727670731,0,21890363904,20861094
1727670743,0,12126018390,20861095
1727670755,0,6273879443,20861096
1727670755,0,9190355663,20861096
1727670767,0,6236847293,20861097
1727670779,0,18364306948,20861098
1727670791,0,5845330475,20861099
1727670839,0,5873027892,20861103
1727670851,0,6177792858,20861104
1727670863,0,5991833530,20861105
1727670875,0,5907306836,20861106
1727670911,0,5579537456,20861109
1727670923,0,6620388824,20861110
1727670935,0,5642894042,20861111
1727670935,0,7223071171,20861111
1727670971,0,6182003572,20861114
1727670983,0,6226861691,20861115
1727671007,0,5500241119,20861117
1727671031,0,6237753585,20861119
1727671079,0,7927060055,20861123
1727671115,0,8645749551,20861126
1727671175,0,5398264265,20861131
1727671235,0,6250436790,20861136
1727671247,0,4901618965,20861137
1727671259,0,36907282224,20861138
1727671259,0,5923425338,20861138
1727671259,0,4323425338,20861138
1727671283,0,4335874816,20861140
1727671307,0,5900000000,20861142
1727671379,0,4736286817,20861148
1727671391,0,4287275123,20861149
1727671475,0,6519120633,20861156
1727671487,0,4555820108,20861157
1727671499,0,4998564096,20861158
1727671511,0,5163159585,20861159
1727671583,0,8968496731,20861165
1727671667,0,5739432034,20861172
1727671691,0,4452830108,20861174
1727671703,0,4541539795,20861175
1727671703,0,4176147756,20861175
1727671751,0,5977186804,20861179
1727671835,0,20904929540,20861186
1727671859,0,5291197887,20861188
1727671919,0,7960340079,20861193
1727672015,0,7951529779,20861200
1727672075,0,5735115429,20861205
1727672075,0,5195183067,20861205
1727672087,0,6708059322,20861206
1727672111,0,5781168816,20861208
1727672123,0,5610779409,20861209
1727672123,0,4731975258,20861209
1727672123,0,4809456350,20861209
1727672171,0,5453241609,20861213
1727672183,0,5911169582,20861214
1727672207,0,5337947852,20861216
1727672219,0,5885326427,20861217
1727672255,0,4963470882,20861220
1727672255,0,6110060856,20861220
1727672291,0,5064455218,20861223
1727672339,0,5184534750,20861227
1727672363,0,5568165993,20861229
1727672495,0,4396304863,20861240
1727672519,0,5028122494,20861242
1727672543,0,4334320317,20861244
1727672555,0,5439138183,20861245
1727672579,0,4934655349,20861247
1727672591,0,6690606969,20861248
1727672603,0,6531368641,20861249
1727672603,0,5531368641,20861249
1727672627,0,6492056848,20861251
1727672651,0,5056136651,20861253
1727672651,0,7507340310,20861253
1727672687,0,5305213667,20861256
1727672687,0,6436368244,20861256
1727672687,0,5305213667,20861256
1727672699,0,7367647445,20861257
1727672723,0,6239325456,20861259
1727672723,0,57920178090,20861259
1727672723,0,5131725456,20861259
1727672735,0,4536921475,20861260
1727672759,0,10129733450,20861262
1727672759,0,4520733450,20861262
1727672759,0,5489733450,20861262
1727672759,0,26013094671,20861262
1727672819,0,4331776704,20861267
1727672819,0,6330776704,20861267
1727672843,0,4658169190,20861269
1727672855,0,4948287742,20861270
1727672867,0,4438311718,20861271
1727672879,0,12358901657,20861272
1727672891,0,5531349726,20861273
1727672891,0,450265045316,20861273
1727672903,0,22892632529,20861274
1727672915,0,4854436143,20861275
1727672915,0,5859436143,20861275
1727672939,0,4813408263,20861277
1727672951,0,5627042666,20861278
1727673011,0,6587925076,20861283
1727673059,0,28687725089,20861287
1727673071,0,5737457454,20861288
1727673071,0,5710077264,20861288
1727673083,0,7178264913,20861289
1727673131,0,9726974292,20861293
1727673143,0,5193135696,20861294
1727673155,0,5861045866,20861295
1727673167,0,5406245564,20861296
1727673179,0,5567090554,20861297
1727673203,0,5607516038,20861299
1727673227,0,6243055661,20861301
1727673239,0,5653172787,20861302
1727673251,0,5147189968,20861303
1727673311,0,14743241171,20861308
1727673335,0,4745810946,20861310
1727673359,0,5377633934,20861312
1727673371,0,6155115744,20861313
1727673503,0,4494097177,20861324
1727673611,0,6053946684,20861333
1727673671,0,5628799662,20861338
1727673695,0,7832376087,20861340
1727673695,0,5567740276,20861340
1727673791,0,5710063584,20861348
1727673815,0,4625316672,20861350
1727673827,0,5387423373,20861351
1727673863,0,5002554734,20861354
1727673863,0,5452554734,20861354
1727673887,0,5373536139,20861356
1727673899,0,6273368280,20861357
1727673911,0,5662959500,20861358
1727673923,0,5970531920,20861359
1727673923,0,5800000000,20861359
1727673995,0,25572383376,20861365
1727674043,0,6697146887,20861369
1727674091,0,6613801754,20861373
1727674115,0,6709158372,20861375
1727674115,0,6709158372,20861375
1727674139,0,6423772167,20861377
1727674151,0,5964305626,20861378
1727674163,0,7582307677,20861379
1727674175,0,5339929840,20861380
1727674175,0,10338989840,20861380
1727674175,0,5838989840,20861380
1727674187,0,6136749223,20861381
1727674187,0,6136749223,20861381
1727674211,0,5785865586,20861383
1727674223,0,8147582393,20861384
1727674367,0,6035021406,20861396
1727674415,0,4866115843,20861400
1727674511,0,5756645615,20861408
1727674523,0,4932603674,20861409
1727674595,0,7069240937,20861415
1727674595,0,4671989895,20861415
1727674607,0,6043006913,20861416
1727674667,0,5396768378,20861421
1727674667,0,5490858378,20861421
1727674667,0,6455868378,20861421
1727674739,0,6334921417,20861427
1727674763,0,5340360492,20861429
1727674763,0,7249434069,20861429
1727674775,0,5564173367,20861430
1727674775,0,4678880557,20861430
1727674775,0,5400000000,20861430
1727674787,0,12040012995,20861431
1727674811,0,5241005826,20861433
1727674823,0,7092175685,20861434
1727674859,0,6491549065,20861437
1727674859,0,5347834469,20861437
1727674859,0,6491549065,20861437
1727674883,0,7582281568,20861439
1727674895,0,5797371908,20861440
1727674895,0,143666274934,20861440
1727674943,0,7720927661,20861444
1727674943,0,5834058646,20861444
1727674955,0,6877106413,20861445
1727674991,0,6788563665,20861448
1727674991,0,4789563665,20861448
1727675003,0,5874501145,20861449
1727675015,0,60063152642,20861450
1727675015,0,4843272719,20861450
1727675027,0,5688840304,20861451
1727675039,0,4693903887,20861452
1727675063,0,6064428903,20861454
1727675063,0,5900000000,20861454
1727675075,0,6130307241,20861455
1727675099,0,7105189723,20861457
1727675123,0,32469887186,20861459
1727675135,0,5765992766,20861460
1727675147,0,6371814473,20861461
1727675171,0,5800626121,20861463
1727675219,0,7148751314,20861467
1727675243,0,5019329355,20861469
1727675243,0,5018329355,20861469
1727675279,0,10035054788,20861472
1727675291,0,5467528673,20861473
1727675303,0,5904960577,20861474
1727675303,0,5934060577,20861474
1727675315,0,6447285451,20861475
1727675339,0,5474904184,20861477
1727675351,0,7145814405,20861478
1727675363,0,6035928553,20861479
1727675375,0,5677537375,20861480
1727675387,0,5529300338,20861481
1727675399,0,5556640201,20861482
1727675411,0,5686564545,20861483
1727675423,0,5558774856,20861484
1727675447,0,5251187383,20861486
1727675495,0,6043609161,20861490
1727675507,0,5114908955,20861491
1727675555,0,6488654905,20861495
1727675627,0,6728700411,20861500
1727675639,0,6766511291,20861501
1727675651,0,6887228672,20861502
1727675651,0,6773728672,20861502
1727675675,0,6131314741,20861504
1727675699,0,337872869393,20861506
1727675699,0,5529638508,20861506
1727675735,0,38407890754,20861509
1727675747,0,5339251318,20861510
1727675759,0,24837191377,20861511
1727675783,0,6681175937,20861513
1727675795,0,48314011033,20861514
1727675807,0,6525434580,20861515
1727675807,0,11480111596,20861515
1727675819,0,5615457998,20861516
1727675819,0,5937920057,20861516
1727675819,0,62059483236,20861516
1727675831,0,7537615548,20861517
1727675843,0,49799192726,20861518
1727675843,0,6497731874,20861518
1727675843,0,7527731874,20861518
1727675855,0,6445810633,20861519
1727675891,0,6407120141,20861522
1727675915,0,7343017247,20861524
1727675951,0,6180626030,20861527
1727675999,0,6712066243,20861531
1727676023,0,6703690689,20861533
1727676035,0,5372114503,20861534
1727676035,0,122385154835,20861534
1727676047,0,100000000000,20861535
1727676059,0,38656947587,20861536
1727676059,0,6879864244,20861536
1727676071,0,6693812047,20861537
1727676083,0,6703690689,20861538
1727676107,0,8317054654,20861540
1727676143,0,16234358101,20861543
1727676155,0,13352848188,20861544
1727676167,0,10373352660,20861545
1727676191,0,36122915537,20861547
1727676227,0,6892463692,20861550
1727676227,0,33427150212,20861550
1727676227,0,5922463692,20861550
1727676227,0,6892463692,20861550
1727676251,0,6551517146,20861552
1727676263,0,55032266624,20861553
1727676275,0,19359228448,20861554
1727676299,0,7759075580,20861556
1727676299,0,11541428486,20861556
1727676311,0,11343329293,20861557
1727676323,0,30240409659,20861558
1727676335,0,11535187680,20861559
1727676383,0,7966832662,20861563
1727676419,0,7562359827,20861566
1727676455,0,7512058315,20861569
1727676467,0,10000000000,20861570
1727676479,0,8499901907,20861571
1727676503,0,7434464441,20861573
1727676515,0,7478644807,20861574
1727676563,0,6769229288,20861578
1727676587,0,8173722948,20861580
1727676623,0,8548017807,20861583
1727676659,0,8256570874,20861586
1727676755,0,8097415896,20861594
1727676803,0,7085682574,20861598
1727676839,0,8495042698,20861601
1727676839,0,8456074650,20861601
1727676851,0,9556095836,20861602
1727676875,0,9144664790,20861604
1727676887,0,8361444765,20861605
1727676899,0,7777596854,20861606
1727676923,0,7865623787,20861608
1727676959,0,9001363927,20861611
1727676971,0,9040386127,20861612
1727677031,0,8128701094,20861617
1727677043,0,7896918920,20861618
1727677055,0,7286206572,20861619
1727677163,0,7137055080,20861628
1727677211,0,5542926412,20861632
1727677247,0,5423886571,20861635
1727677271,0,18947960082,20861637
1727677283,0,5482122563,20861638
1727677283,0,32130669306,20861638
1727677307,0,5572661788,20861640
1727677367,0,6451576554,20861645
1727677439,0,7908866770,20861651
1727677463,0,7810955990,20861653
1727677511,0,44947568147,20861657
1727677559,0,5815413174,20861661
1727677571,0,6362740627,20861662
1727677583,0,7705352857,20861663
1727677583,0,22835460482,20861663
1727677583,0,6675352857,20861663
1727677595,0,6572435329,20861664
1727677595,0,5652435329,20861664
1727677631,0,6277211307,20861667
1727677667,0,8697633838,20861670
1727677679,0,5395156236,20861671
1727677691,0,13909360598,20861672
1727677703,0,5423858388,20861673
1727677715,0,5787000000,20861674
1727677739,0,5954011901,20861676
1727677739,0,5370511901,20861676
1727677751,0,6390805065,20861677
1727677751,0,5448094096,20861677
1727677763,0,6478774423,20861678
1727677775,0,6538423392,20861679
1727677823,0,7357079407,20861683
1727677823,0,5361779407,20861683
1727677835,0,5911110195,20861684
1727677883,0,7916527697,20861688
1727677931,0,6626746014,20861692
1727677943,0,5790253280,20861693
1727677943,0,6760253280,20861693
1727677955,0,45939156114,20861694
1727677955,0,6970345790,20861694
1727677979,0,6552269195,20861696
1727678003,0,15202034814,20861698
1727678015,0,32253843383,20861699
1727678051,0,7842509034,20861702
1727678063,0,92328210307,20861703
1727678075,0,6840468129,20861704
1727678075,0,6635538689,20861704
1727678099,0,7177175226,20861706
1727678111,0,7196184375,20861707
1727678111,0,79143146117,20861707
1727678111,0,7196184375,20861707
1727678219,0,5929843462,20861716
1727678219,0,6898843462,20861716
1727678219,0,5928843462,20861716
1727678243,0,7100000000,20861718
1727678303,0,7735953099,20861723
1727678339,0,9855444534,20861726
1727678339,0,6304635366,20861726
1727678363,0,6819215855,20861728
1727678399,0,9832883341,20861731
1727678423,0,6569832540,20861733
1727678435,0,6471921286,20861734
1727678543,0,8298016328,20861743
1727678555,0,14046177091,20861744
1727678579,0,7691658856,20861746
1727678639,0,8749605588,20861751
1727678711,0,7126691969,20861757
1727678723,0,7096691971,20861758
1727678723,0,7509510771,20861758
1727678747,0,7459397230,20861760
1727678747,0,6689397230,20861760
1727678759,0,6709093507,20861761
1727678771,0,7469589517,20861762
1727678807,0,20582587653,20861765
1727678855,0,11577331753,20861769
1727678855,0,6811195149,20861769
1727678951,0,8231092887,20861777
1727678963,0,8986000681,20861778
1727678975,0,9939534661,20861779
1727678999,0,8652110067,20861781
1727679047,0,8159738691,20861785
1727679047,0,6789502610,20861785
1727679059,0,9498659842,20861786
1727679095,0,9269511730,20861789
1727679107,0,6581041009,20861790
1727679119,0,8079802743,20861791
1727679143,0,8681755382,20861793
1727679143,0,12270405382,20861793
1727679191,0,8023724143,20861797
1727679203,0,8311566180,20861798
1727679227,0,8460636645,20861800
1727679383,0,8831747577,20861813
1727679419,0,8444276029,20861816
1727679419,0,7156174991,20861816
1727679431,0,29953123948,20861817
1727679539,0,6870711983,20861826
1727679599,0,7112216034,20861831
1727679635,0,8219872677,20861834
1727679635,0,8219872677,20861834
1727679671,0,7507888686,20861837
1727679683,0,7663510606,20861838
1727679827,0,7461246617,20861850
1727679887,0,9400000000,20861855
1727679935,0,8027825842,20861859
1727679947,0,38515005163,20861860
1727679947,0,7355902398,20861860
1727680007,0,59911941920,20861865
1727680007,0,7846622182,20861865
1727680151,0,7597540004,20861877
1727680151,0,8150995785,20861877
1727680199,0,8244883299,20861881
1727680199,0,7290003299,20861881
1727680223,0,29065941267,20861883
1727680223,0,7106229490,20861883
1727680235,0,12548133618,20861884
1727680247,0,26450878008,20861885
1727680259,0,8519800141,20861886
1727680271,0,10007764278,20861887
1727680283,0,8560676636,20861888
1727680283,0,7193367884,20861888
1727680295,0,156823464785,20861889
1727680295,0,8436213029,20861889
1727680319,0,51997071210,20861891
1727680331,0,8168335605,20861892
1727680343,0,7142420421,20861893
1727680343,0,7078420421,20861893
1727680367,0,8312411227,20861895
1727680379,0,27411688860,20861896
1727680403,0,7972393492,20861898
1727680415,0,10709727584,20861899
1727680439,0,7000344519,20861901
1727680487,0,9528459247,20861905
1727680499,0,9234125355,20861906
1727680499,0,21514106251,20861906
1727680559,0,8740520172,20861911
1727680583,0,19760553882,20861913
1727680595,0,36740639143,20861914
1727680607,0,17883078498,20861915
1727680631,0,8343388657,20861917
1727680643,0,6931417697,20861918
1727680691,0,6488386298,20861922
1727680691,0,6425386298,20861922
1727680703,0,12837959933,20861923
1727680703,0,7578253392,20861923
1727680727,0,10273190473,20861925
1727680739,0,8528823744,20861926
1727680763,0,7817403813,20861928
1727680775,0,7719194743,20861929
1727680799,0,8025608413,20861931
1727680823,0,8359914190,20861933
1727680823,0,7915212516,20861933
1727680919,0,7912724234,20861941
1727680931,0,7787865564,20861942
1727680943,0,6556901529,20861943
1727680967,0,9819841942,20861945
1727680979,0,6282954406,20861946
1727681111,0,6844581058,20861957
1727681123,0,5826194463,20861958
1727681135,0,8255323284,20861959
1727681147,0,6944515798,20861960
1727681159,0,5639019389,20861961
1727681207,0,7246567324,20861965
1727681255,0,11845499144,20861969
1727681267,0,11013063775,20861970
1727681291,0,26059629494,20861972
1727681303,0,7005089988,20861973
1727681387,0,6372135829,20861980
1727681399,0,6269126245,20861981
1727681435,0,7221755580,20861984
1727681435,0,8133561242,20861984
1727681447,0,8645770210,20861985
1727681507,0,8814205420,20861990
1727681507,0,8814205420,20861990
1727681531,0,12736987928,20861992
1727681555,0,7457169182,20861994
1727681699,0,6639126800,20862006
1727681795,0,6834430980,20862014
1727681819,0,7877203168,20862016
1727681843,0,7522633210,20862018
1727681855,0,7900000000,20862019
1727681867,0,24402109603,20862020
1727681867,0,7782363911,20862020
1727681879,0,10605751220,20862021
1727681891,0,7618639194,20862022
1727681903,0,45659412100,20862023
1727681915,0,11911597771,20862024
1727681927,0,9397797437,20862025
1727681927,0,6468797437,20862025
1727681987,0,20374335280,20862030
1727681987,0,8245757887,20862030
1727681999,0,8254306216,20862031
1727682011,0,7977113640,20862032
1727682035,0,8619216012,20862034
1727682131,0,8838472939,20862042
1727682155,0,7545334932,20862044
1727682179,0,7056305763,20862046
1727682179,0,8364305763,20862046
1727682347,0,9000313242,20862060
1727682347,0,7733053242,20862060
1727682371,0,9401300003,20862062
1727682431,0,9071331348,20862067
1727682431,0,8713331348,20862067
1727682467,0,9173462563,20862070
1727682515,0,24140517340,20862074
1727682515,0,9299988419,20862074
1727682551,0,11204999674,20862077
1727682551,0,7250307911,20862077
1727682551,0,9159127911,20862077
1727682671,0,8191886318,20862086
1727682683,0,8943325725,20862087
1727682695,0,7613621619,20862088
1727682707,0,9734066760,20862089
1727682731,0,7401804744,20862091
1727682743,0,8407034496,20862092
1727682767,0,8912203484,20862094
1727682803,0,8654488185,20862097
1727682827,0,8652708345,20862099
1727682911,0,6334800436,20862106
1727682935,0,8452026139,20862108
1727682983,0,8199364370,20862112
1727682983,0,30668555384,20862112
1727683007,0,7633049150,20862114
1727683103,0,7332848768,20862122
1727683103,0,7397172247,20862122
1727683127,0,6350184130,20862124
1727683259,0,8084771682,20862135
1727683271,0,8140158459,20862136
1727683283,0,8265837091,20862137
1727683307,0,8319624181,20862139
1727683379,0,8749829876,20862145
1727683391,0,8636383028,20862146
1727683439,0,8519011078,20862150
1727683475,0,15237506345,20862153
1727683499,0,6900810198,20862155
1727683499,0,7899810198,20862155
1727683523,0,7177436241,20862157
1727683535,0,8892036335,20862158
1727683619,0,8782600413,20862165
1727683631,0,8793475225,20862166
1727683679,0,9356169022,20862170
1727683691,0,7164808850,20862171
1727683739,0,6773282125,20862175
1727683751,0,7942982584,20862176
1727683751,0,8357460384,20862176
1727683763,0,7222143629,20862177
1727683811,0,19112431997,20862181
1727683823,0,9018157883,20862182
1727683847,0,8138278723,20862184
1727683883,0,27780583780,20862187
1727683919,0,9194907225,20862190
1727684051,0,6256777455,20862201
1727684099,0,8336142944,20862205
1727684147,0,7218526611,20862209
1727684267,0,6560425376,20862219
1727684291,0,7833334104,20862221
1727684303,0,6310241987,20862222
1727684375,0,23215644694,20862228
1727684387,0,6986494178,20862229
1727684399,0,6832037510,20862230
1727684423,0,6345278155,20862232
1727684471,0,8140145132,20862236
1727684495,0,7083355912,20862238
1727684495,0,6221710559,20862238
1727684507,0,7722689915,20862239
1727684507,0,72834464882,20862239
1727684507,0,7702389915,20862239
1727684507,0,7702389915,20862239
1727684519,0,6705068177,20862240
1727684531,0,12869395560,20862241
1727684543,0,105895125125,20862242
1727684603,0,7261437223,20862247
1727684603,0,6292437223,20862247
1727684615,0,7438187706,20862248
1727684663,0,6374149431,20862252
1727684675,0,7316622263,20862253
1727684699,0,8526165032,20862255
1727684735,0,8397296042,20862258
1727684783,0,104473965619,20862262
1727684795,0,6256851277,20862263
1727684819,0,7470421159,20862265
1727684855,0,5904664607,20862268
1727684867,0,7841193338,20862269
1727684951,0,6608463236,20862276
1727684987,0,6375527867,20862279
1727685011,0,6181719250,20862281
1727685035,0,74753278162,20862283
1727685107,0,82360789675,20862289
1727685119,0,7400000000,20862290
1727685119,0,10296332283,20862290
1727685131,0,16978900276,20862291
1727685131,0,6845964451,20862291
1727685155,0,6490634953,20862293
1727685179,0,8202228329,20862295
1727685179,0,7500000000,20862295
1727685203,0,8872973028,20862297
1727685227,0,6325415901,20862299
1727685287,0,7649904187,20862304
1727685299,0,8366965970,20862305
1727685347,0,8461282566,20862309
1727685395,0,34311013522,20862313
1727685407,0,7335486838,20862314
1727685407,0,8278719141,20862314
1727685467,0,11053237859,20862319
1727685515,0,6759820135,20862323
1727685515,0,7700720135,20862323
1727685527,0,6760232484,20862324
1727685539,0,7631412000,20862325
1727685551,0,7718581112,20862326
1727685563,0,81747311129,20862327
1727685587,0,8572339068,20862329
1727685623,0,7918175213,20862332
1727685635,0,7129820433,20862333
1727685635,0,10236226877,20862333
1727685647,0,9096190334,20862334
1727685659,0,9118660302,20862335
1727685659,0,8059560302,20862335
1727685659,0,16209277994,20862335
1727685671,0,7192298868,20862336
1727685695,0,32638747136,20862338
1727685779,0,50453212353,20862345
1727685779,0,7607215809,20862345
1727685827,0,8488808476,20862349
1727685839,0,6828100457,20862350
1727685851,0,7730630429,20862351
1727685911,0,7418780559,20862356
1727685971,0,10263041786,20862361
1727685995,0,6541943666,20862363
1727686031,0,6251289259,20862366
1727686043,0,6339792563,20862367
1727686055,0,5941814994,20862368
1727686067,0,7119145583,20862369
1727686067,0,42495756735,20862369
1727686067,0,6245935720,20862369
1727686079,0,8906671775,20862370
1727686091,0,7500000000,20862371
1727686151,0,53947262855,20862376
1727686163,0,8571976739,20862377
1727686175,0,93233135740,20862378
1727686187,0,84447422342,20862379
1727686199,0,7578871567,20862380
1727686223,0,23965406184,20862382
1727686235,0,22784573460,20862383
1727686235,0,7166656335,20862383
1727686331,0,6819579470,20862391
1727686415,0,45992165086,20862398
1727686415,0,8200632439,20862398
1727686475,0,8277738209,20862403
1727686595,0,8674291630,20862413
1727686655,0,9492896380,20862418
1727686703,0,7501289534,20862422
1727686703,0,16355881131,20862422
1727686715,0,9799223141,20862423
1727686715,0,8859223141,20862423
1727686715,0,8800123141,20862423
1727686811,0,9172068832,20862431
1727686859,0,8771618907,20862435
1727686871,0,10667838320,20862436
1727686931,0,7489330335,20862441
1727686931,0,8442330336,20862441
1727686931,0,8412330335,20862441
1727686943,0,8344406264,20862442
1727686979,0,8437245431,20862445
1727686979,0,7371745431,20862445
1727686991,0,57178883993,20862446
1727686991,0,7921058637,20862446
1727687003,0,24017577868,20862447
1727687015,0,93880898455,20862448
1727687063,0,8994485357,20862452
1727687111,0,8270560328,20862456
1727687135,0,71190648465,20862458
1727687231,0,39170627835,20862466
1727687291,0,9341217840,20862471
1727687375,0,8677855608,20862478
1727687387,0,14508081963,20862479
1727687435,0,7946436195,20862483
1727687447,0,8994011719,20862484
1727687495,0,8432484217,20862488
1727687495,0,7725484217,20862488
1727687507,0,9071288399,20862489
1727687543,0,7810040624,20862492
1727687591,0,9073198526,20862496
1727687591,0,25704999796,20862496
1727687603,0,8920267698,20862497
1727687627,0,8562054909,20862499
1727687651,0,27175583366,20862501
1727687747,0,10024979136,20862509
1727687759,0,8853852542,20862510
1727687783,0,7865859094,20862512
1727687795,0,9388645251,20862513
1727687807,0,8627745108,20862514
1727687819,0,8502823724,20862515
1727687831,0,9505617674,20862516
1727687831,0,8505617670,20862516
1727687843,0,80774683864,20862517
1727687843,0,10119972090,20862517
1727687843,0,9524252106,20862517
1727687843,0,98974121338,20862517
1727687867,0,22087050238,20862519
1727687879,0,10730752696,20862520
1727687879,0,26060848937,20862520
1727687891,0,67289553221,20862521
1727687891,0,10646447965,20862521
1727687891,0,9567998671,20862521
1727687903,0,8921072763,20862522
1727687915,0,56726317132,20862523
1727687915,0,11071137959,20862523
1727687915,0,10001631908,20862523
1727687939,0,12040830250,20862525
1727687963,0,43412579923,20862527
1727687975,0,12471647720,20862528
1727688023,0,11729727410,20862532
1727688059,0,12694913670,20862535
1727688071,0,10073763386,20862536
1727688071,0,11073763386,20862536
1727688083,0,10843871796,20862537
1727688131,0,12324459542,20862541
1727688131,0,10219113753,20862541
1727688131,0,15219113753,20862541
1727688131,0,10934451715,20862541
1727688155,0,11162311128,20862543
1727688167,0,12440179459,20862544
1727688203,0,12213030967,20862547
1727688215,0,11418623909,20862548
1727688227,0,11351325327,20862549
1727688227,0,10252622526,20862549
1727688227,0,11270215241,20862549
1727688287,0,26798767157,20862554
1727688311,0,104216925891,20862556
1727688395,0,12780086738,20862563
1727688455,0,13268600625,20862568
1727688479,0,12905424000,20862570
1727688503,0,9269362621,20862572
1727688563,0,10086332196,20862577
1727688563,0,11496682196,20862577
1727688575,0,11793197181,20862578
1727688575,0,11793197181,20862578
1727688587,0,11098475787,20862579
1727688623,0,12791697890,20862582
1727688635,0,11127113323,20862583
1727688647,0,9925791752,20862584
1727688695,0,9362035915,20862588
1727688755,0,11135492569,20862593
1727688767,0,8865650185,20862594
1727688779,0,12223983137,20862595
1727688791,0,8034591178,20862596
1727688791,0,10034591178,20862596
1727688791,0,9534591178,20862596
1727688815,0,13796896072,20862598
1727688815,0,23857532864,20862598
1727688827,0,11383444940,20862599
1727688875,0,17535755276,20862603
1727688935,0,9710255699,20862608
1727688935,0,8498281434,20862608
1727688947,0,9369939367,20862609
1727688983,0,8039055775,20862611
1727688995,0,9402428004,20862612
1727689043,0,56863665790,20862616
1727689043,0,9099250472,20862616
1727689067,0,9693300260,20862618
1727689079,0,9642533795,20862619
1727689091,0,10810094770,20862620
1727689091,0,60665667551,20862620
1727689091,0,9710094770,20862620
1727689139,0,9541638672,20862624
1727689151,0,8124971442,20862625
1727689175,0,8406692135,20862627
1727689211,0,8014434507,20862630
1727689211,0,10013434507,20862630
1727689223,0,43170110282,20862631
1727689247,0,13160839203,20862633
1727689295,0,10166844603,20862637
1727689319,0,10190044103,20862639
1727689331,0,11317310608,20862640
1727689343,0,10128314216,20862641
1727689391,0,10328927362,20862645
1727689391,0,9153536148,20862645
1727689403,0,23093317509,20862646
1727689415,0,63185445635,20862647
1727689415,0,10355396164,20862647
1727689439,0,9751856738,20862649
1727689463,0,9153790700,20862651
1727689535,0,9244900436,20862657
1727689583,0,9950706200,20862661
1727689595,0,34801204633,20862662
1727689607,0,9166808197,20862663
1727689619,0,9404502464,20862664
1727689655,0,62965695719,20862667
1727689667,0,58138022002,20862668
1727689679,0,17592647572,20862669
1727689691,0,11693631034,20862670
1727689787,0,12500296243,20862678
1727689823,0,46541448758,20862681
1727689847,0,11305026901,20862683
1727689847,0,10054744877,20862683
1727689919,0,10342640970,20862689
1727689931,0,9224856686,20862690
1727689955,0,14758782214,20862692
1727689979,0,11108761735,20862694
1727689979,0,69844132126,20862694
1727690039,0,11745172365,20862699
1727690063,0,12871375277,20862701
1727690063,0,10521375277,20862701
1727690087,0,38250562830,20862703
1727690087,0,10647780213,20862703
1727690099,0,12274761382,20862704
1727690123,0,14180061823,20862706
1727690195,0,11971580104,20862712
1727690195,0,42736833555,20862712
1727690207,0,12357652237,20862713
1727690231,0,11469032179,20862715
1727690243,0,12815717116,20862716
1727690291,0,10302931263,20862720
1727690303,0,12311092989,20862721
1727690303,0,10343094619,20862721
1727690327,0,10378037268,20862723
1727690351,0,51937670390,20862725
1727690351,0,12164499808,20862725
1727690363,0,46657190722,20862726
1727690375,0,12839179431,20862727
1727690387,0,11136970661,20862728
1727690399,0,211346348080,20862729
1727690411,0,12273418693,20862730
1727690411,0,59020767999,20862730
1727690423,0,13440008705,20862731
1727690423,0,12990008705,20862731
1727690447,0,13287296089,20862733
1727690447,0,11867296090,20862733
1727690459,0,14054713567,20862734
1727690471,0,128289171801,20862735
1727690495,0,240979467392,20862737
1727690507,0,154348004413,20862738
1727690507,0,11006536349,20862738
1727690543,0,12747105594,20862741
1727690543,0,11294984841,20862741
1727690555,0,25023262707,20862742
1727690555,0,12945734569,20862742
1727690591,0,12020758253,20862745
1727690591,0,11050758253,20862745
1727690603,0,12577612997,20862746
1727690615,0,14134269381,20862747
1727690615,0,12776267726,20862747
1727690663,0,10809243780,20862751
1727690675,0,268623414593,20862752
1727690675,0,12189651035,20862752
1727690687,0,11671952451,20862753
1727690699,0,11780253356,20862754
1727690723,0,12144019823,20862756
1727690723,0,11647629266,20862756
1727690747,0,11669582338,20862758
1727690747,0,10321387590,20862758
1727690795,0,192108289742,20862762
1727690807,0,10314211165,20862763
1727690819,0,11966278772,20862764
1727690819,0,10513062697,20862764
1727690831,0,151542754702,20862765
1727690831,0,12027975731,20862765
1727690843,0,30590903208,20862766
1727690867,0,11684193534,20862768
1727690879,0,85748079466,20862769
1727690891,0,11041040021,20862770
1727690891,0,30275955370,20862770
1727690927,0,42995506787,20862773
1727690939,0,11345480947,20862774
1727690939,0,13442687174,20862774
1727690987,0,19998541402,20862778
1727691035,0,50634180047,20862782
1727691035,0,57410350524,20862782
1727691035,0,11940517183,20862782
1727691047,0,29655955307,20862783
1727691071,0,36088053695,20862785
1727691071,0,14350247867,20862785
1727691083,0,13460459742,20862786
1727691083,0,13460459742,20862786
1727691083,0,14829469242,20862786
1727691083,0,2655465639099,20862786
1727691119,0,22962190666,20862789
1727691119,0,14449482755,20862789
1727691155,0,13760963042,20862792
1727691203,0,12123999139,20862796
1727691203,0,15063999139,20862796
1727691227,0,100387298445,20862798
1727691227,0,13735939272,20862798
1727691239,0,701222271409,20862799
1727691251,0,124728418209,20862800
1727691263,0,15621225432,20862801
1727691263,0,12978235471,20862801
1727691263,0,13759164884,20862801
1727691311,0,13102776895,20862805
1727691311,0,13102776895,20862805
1727691311,0,15102776895,20862805
1727691311,0,16046886966,20862805
1727691347,0,14576142950,20862808
1727691371,0,16443482552,20862810
1727691371,0,17233982552,20862810
1727691371,0,14233982552,20862810
1727691371,0,14233982552,20862810
1727691395,0,15189179813,20862812
1727691443,0,13187417513,20862816
1727691443,0,18017913962,20862816
1727691455,0,14578362609,20862817
1727691455,0,16702461799,20862817
1727691455,0,14558719299,20862817
1727691455,0,13258719299,20862817
1727691467,0,16609846110,20862818
1727691467,0,110514153719,20862818
1727691479,0,14400409220,20862819
1727691479,0,14030194108,20862819
1727691491,0,15320220590,20862820
1727691491,0,35709241504,20862820
1727691491,0,15320220590,20862820
1727691503,0,13888249860,20862821
1727691515,0,15103717580,20862822
1727691515,0,15103717580,20862822
1727691527,0,32041085722,20862823
1727691587,0,15807568168,20862828
1727691623,0,57488027341,20862831
1727691623,0,12909115838,20862831
1727691635,0,14013419139,20862832
1727691635,0,12441913741,20862832
1727691647,0,15052442472,20862833
1727691671,0,11452132298,20862835
1727691671,0,14392132298,20862835
1727691671,0,13023637696,20862835
1727691707,0,16587596018,20862838
1727691707,0,13877817476,20862838
1727691731,0,14752397891,20862840
1727691731,0,13834702691,20862840
1727691743,0,16098868072,20862841
1727691767,0,12053489060,20862843
1727691779,0,41951683391,20862844
1727691779,0,12558446760,20862844
1727691791,0,13500477195,20862845
1727691827,0,12627078358,20862848
1727691851,0,11361298681,20862850
1727691923,0,11977676639,20862856
1727691935,0,12489255567,20862857
1727691947,0,11292184088,20862858
1727691971,0,43698507611,20862860
1727691983,0,12920723631,20862861
1727691983,0,10121723631,20862861
1727691995,0,11621144799,20862862
1727691995,0,11371639644,20862862
1727692019,0,10936319224,20862864
1727692019,0,10586814069,20862864
1727692055,0,11321697429,20862867
1727692055,0,28562705937,20862867
1727692067,0,10899166741,20862868
1727692115,0,10786005944,20862872
1727692139,0,8542917752,20862874
1727692151,0,9629042970,20862875
1727692163,0,8582421860,20862876
1727692163,0,8625421860,20862876
1727692211,0,10260058759,20862880
1727692223,0,19455357451,20862881
1727692235,0,63673009609,20862882
1727692235,0,10705468352,20862882
1727692247,0,23691915176,20862883
1727692271,0,8758596851,20862885
1727692271,0,8759596851,20862885
1727692271,0,9757596851,20862885
1727692283,0,11694060108,20862886
1727692307,0,30720351398,20862888
1727692307,0,10871024540,20862888
1727692319,0,10885199213,20862889
1727692319,0,11178790150,20862889
1727692331,0,11952883786,20862890
1727692331,0,9596803511,20862890
1727692391,0,9806089797,20862895
1727692391,0,9806089797,20862895
1727692403,0,8585448204,20862896
1727692415,0,24533408643,20862897
1727692427,0,10726841158,20862898
1727692451,0,9702686750,20862900
1727692475,0,8167433772,20862902
1727692475,0,9536443272,20862902
1727692475,0,8168561772,20862902
1727692499,0,10746562791,20862904
1727692523,0,21874350784,20862906
1727692535,0,8027284959,20862907
1727692571,0,10374113579,20862910
1727692583,0,11025738916,20862911
1727692583,0,10468211819,20862911
1727692583,0,10468211819,20862911
1727692607,0,11418897437,20862913
1727692607,0,9078998475,20862913
1727692619,0,9464345949,20862914
1727692667,0,7412592605,20862918
1727692679,0,59366523903,20862919
1727692715,0,9775368051,20862922
1727692751,0,7279176265,20862925
1727692751,0,9653124795,20862925
1727692787,0,9517656202,20862928
1727692835,0,9800126536,20862932
1727692847,0,8609681453,20862933
1727692847,0,7546400393,20862933
1727692871,0,7066254714,20862935
1727692907,0,9280028559,20862938
1727692907,0,9280028559,20862938
1727692907,0,10427043929,20862938
1727692919,0,75786414304,20862939
1727692919,0,9133398815,20862939
1727692943,0,22850229192,20862941
1727692967,0,8844045244,20862943
1727692979,0,8662865010,20862944
1727692979,0,9821318906,20862944
1727692991,0,9710823911,20862945
1727692991,0,8810491377,20862945
1727693015,0,10700000000,20862947
1727693027,0,8502285861,20862948
1727693063,0,9451830291,20862951
1727693123,0,8106134357,20862956
1727693123,0,10101134357,20862956
1727693147,0,9111288909,20862958
1727693159,0,8961565438,20862959
1727693171,0,9362491092,20862960
1727693171,0,9155555668,20862960
1727693207,0,10498000022,20862963
1727693219,0,192140038667,20862964
1727693243,0,9363207827,20862966
1727693243,0,8359571023,20862966
1727693255,0,10049010800,20862967
1727693267,0,8157735429,20862968
1727693303,0,16761392836,20862971
1727693339,0,9268109440,20862974
1727693351,0,20600703366,20862975
1727693363,0,23490409844,20862976
1727693387,0,7867065204,20862978
1727693471,0,8896013965,20862985
1727693519,0,9432853172,20862989
1727693519,0,9043585198,20862989
1727693567,0,8783775184,20862993
1727693603,0,8313891446,20862996
1727693627,0,6980717887,20862998
1727693627,0,22058531090,20862998
1727693651,0,39290083383,20863000
1727693651,0,7582410507,20863000
1727693663,0,9216565969,20863001
1727693663,0,8186565969,20863001
1727693663,0,8186565969,20863001
1727693663,0,9216565969,20863001
1727693723,0,18366682034,20863006
1727693771,0,17786354198,20863010
1727693783,0,8118610381,20863011
1727693807,0,8185001193,20863012
1727693819,0,10794485122,20863013
1727693831,0,8096010205,20863014
1727693855,0,35739106882,20863016
1727693891,0,13686682233,20863019
1727693927,0,7654431974,20863022
1727693963,0,8601082929,20863025
1727693999,0,7995066242,20863028
1727694119,0,39060756554,20863038
1727694143,0,8238858941,20863040
1727694155,0,7896481961,20863041
1727694167,0,7402159891,20863042
1727694239,0,7938050477,20863048
1727694263,0,7950021746,20863050
1727694287,0,7611504748,20863052
1727694311,0,22069070599,20863054
1727694311,0,6812058863,20863054
1727694335,0,9427397332,20863056
1727694347,0,97636179777,20863057
1727694371,0,7763676878,20863059
1727694371,0,7728648728,20863059
1727694371,0,7763676878,20863059
1727694443,0,8145293524,20863065
1727694443,0,75445583396,20863065
1727694443,0,8111316218,20863065
1727694455,0,9783394009,20863066
1727694467,0,9477132717,20863067
1727694467,0,26981738886,20863067
1727694491,0,7662370566,20863069
1727694539,0,12592799004,20863073
1727694551,0,6562631309,20863074
1727694563,0,170153442605,20863075
1727694575,0,182711699816,20863076
1727694695,0,8242870709,20863086
1727694707,0,20172008812,20863087
1727694719,0,7454988564,20863088
1727694719,0,6569695754,20863088
1727694731,0,20056125282,20863089
1727694791,0,7270995591,20863094
1727694803,0,7432122604,20863095
1727694815,0,7153362378,20863096
1727694815,0,7466035378,20863096
1727694851,0,9731468607,20863099
1727694911,0,6678485519,20863104
1727694935,0,7518598599,20863106
1727694971,0,7056003643,20863109
1727694983,0,6421713589,20863110
1727694995,0,9566704029,20863111
1727694995,0,7507604029,20863111
1727695019,0,6034129215,20863113
1727695043,0,7113732710,20863115
1727695115,0,7124896286,20863121
1727695127,0,7290015936,20863122
1727695187,0,11136487537,20863127
1727695211,0,26487196761,20863129
1727695223,0,7808233658,20863130
1727695235,0,6653197802,20863131
1727695247,0,7698122173,20863132
1727695271,0,9108182866,20863134
1727695343,0,26946730319,20863140
1727695367,0,33118183593,20863142
1727695379,0,6788269702,20863143
1727695415,0,7860566081,20863146
1727695415,0,8360566081,20863146
1727695499,0,29747284950,20863153
1727695499,0,7109268819,20863153
1727695535,0,27995630320,20863156
1727695571,0,6726878820,20863159
1727695631,0,34605515035,20863164
1727695643,0,21052035192,20863165
1727695667,0,6879284855,20863167
1727695667,0,6043159733,20863167
1727695667,0,6693159733,20863167
1727695667,0,7993159733,20863167
1727695727,0,6206662521,20863172
1727695727,0,7041955331,20863172
1727695751,0,7134750599,20863174
1727695751,0,6569000000,20863174
1727695763,0,54964648418,20863175
1727695775,0,24170133973,20863176
1727695787,0,12863319429,20863177
1727695799,0,29432705499,20863178
1727695799,0,7394078510,20863178
1727695823,0,10029688500,20863180
1727695859,0,9654123394,20863183
1727695883,0,7737159690,20863185
1727695883,0,6767159690,20863185
1727695895,0,7579024577,20863186
1727695955,0,7003679837,20863191
1727695967,0,6966025828,20863192
1727695967,0,7914025829,20863192
1727696051,0,8235012919,20863199
1727696087,0,8386737848,20863202
1727696135,0,8000000000,20863206
1727696147,0,8173657240,20863207
1727696183,0,8401334036,20863210
1727696219,0,47659576092,20863213
1727696255,0,19298386154,20863216
1727696267,0,6691817342,20863217
1727696279,0,7197184949,20863218
1727696279,0,10499111397,20863218
1727696279,0,12575857999,20863218
1727696315,0,8649494718,20863221
1727696327,0,7699328562,20863222
1727696327,0,8669328562,20863222
1727696327,0,8669328562,20863222
1727696363,0,7700729466,20863225
1727696375,0,7600535312,20863226
1727696387,0,8516577346,20863227
1727696399,0,25317615063,20863228
1727696411,0,8606393194,20863229
1727696435,0,8133282343,20863231
1727696483,0,8211439487,20863235
1727696495,0,7944231954,20863236
1727696723,0,7390067789,20863255
1727696747,0,8103204057,20863257
1727696747,0,6103204057,20863257
1727696771,0,8027529600,20863259
1727696771,0,8027529600,20863259
1727696807,0,7101874603,20863262
1727696819,0,8754740054,20863263
1727696831,0,471988200248,20863264
1727696831,0,7871992346,20863264
1727696843,0,6800451135,20863265
1727696855,0,8742542007,20863266
1727696903,0,7104330378,20863270
1727696951,0,7366237112,20863274
1727696963,0,7560020888,20863275
1727696975,0,6646168681,20863276
1727697047,0,7198573237,20863282
1727697071,0,11795653898,20863284
1727697143,0,7536011892,20863290
1727697167,0,7617398426,20863292
1727697191,0,10394713117,20863294
1727697191,0,8462377324,20863294
1727697251,0,19621305233,20863299
1727697251,0,7714738782,20863299
1727697263,0,7382079306,20863300
1727697275,0,37716138325,20863301
1727697287,0,8431063782,20863302
1727697311,0,56102325522,20863304
1727697347,0,7267847021,20863307
1727697359,0,7584420793,20863308
1727697359,0,25953360148,20863308
1727697371,0,42912557758,20863309
1727697383,0,10613732343,20863310
1727697407,0,7582388869,20863312
1727697431,0,7399967439,20863314
1727697431,0,65699137370,20863314
1727697443,0,8454769541,20863315
1727697455,0,20016544830,20863316
1727697467,0,7878585951,20863317
1727697467,0,7848585951,20863317
1727697479,0,52459335474,20863318
1727697491,0,8202446334,20863319
1727697491,0,8443346334,20863319
1727697515,0,7470316089,20863321
1727697539,0,7014124679,20863323
1727697539,0,7983124679,20863323
1727697611,0,7722553380,20863329
1727697671,0,8589490697,20863334
1727697695,0,9725414762,20863336
1727697695,0,8477612219,20863336
1727697695,0,9427612219,20863336
1727697707,0,9724973728,20863337
1727697707,0,16116001382,20863337
1727697719,0,10581450713,20863338
1727697731,0,9495786206,20863339
1727697743,0,11774842377,20863340
1727697779,0,9747955069,20863343
1727697815,0,10650749964,20863346
1727697815,0,10548093945,20863346
1727697839,0,11538811747,20863348
1727697851,0,10895608148,20863349
1727697851,0,10606796861,20863349
1727697887,0,11597394811,20863352
1727697911,0,10457607908,20863354
1727697923,0,12688549140,20863355
1727697935,0,12164562998,20863356
1727697947,0,12777246814,20863357
1727697959,0,12275235473,20863358
1727697971,0,17151954419,20863359
1727697971,0,11633366410,20863359
1727697983,0,10711883979,20863360
1727697983,0,29923205480,20863360
1727698031,0,12095848792,20863364
1727698043,0,11945238499,20863365
1727698067,0,33068424083,20863367
1727698079,0,11280059211,20863368
1727698139,0,12996675450,20863373
1727698187,0,57062551025,20863377
1727698211,0,12030149337,20863379
1727698235,0,11942365799,20863381
1727698271,0,12185954697,20863384
1727698283,0,11200522178,20863385
1727698283,0,13199522178,20863385
1727698403,0,74493185182,20863395
1727698439,0,10681108429,20863398
1727698475,0,10410815652,20863401
1727698487,0,13773379098,20863402
1727698487,0,12040400196,20863402
1727698499,0,11660478227,20863403
1727698547,0,20756522706,20863407
1727698547,0,12134794493,20863407
1727698619,0,9563828098,20863413
1727698631,0,11978710836,20863414
1727698667,0,15343972165,20863417
1727698691,0,35510782806,20863419
1727698703,0,16509560326,20863420
1727698727,0,9744653053,20863422
1727698727,0,10771920651,20863422
1727698775,0,35184321313,20863426
1727698835,0,10309712232,20863431
1727698835,0,46970186243,20863431
1727698847,0,10312875650,20863432
1727698859,0,9524377653,20863433
1727698907,0,11176952376,20863437
1727698955,0,11277029101,20863441
1727699027,0,10295205762,20863447
1727699039,0,10483352438,20863448
1727699051,0,8936041835,20863449
1727699123,0,9839196587,20863455
1727699123,0,10699196587,20863455
1727699171,0,10000000000,20863459
1727699207,0,10656658840,20863462
1727699219,0,10624578942,20863463
1727699231,0,9530129417,20863464
1727699231,0,1599038220549,20863464
1727699231,0,10779587423,20863464
1727699231,0,11646056723,20863464
1727699231,0,9530129417,20863464
1727699255,0,49447795930,20863466
1727699267,0,10544032899,20863467
1727699279,0,11629630076,20863468
1727699315,0,10568714986,20863471
1727699339,0,22178113524,20863473
1727699351,0,11432033152,20863474
1727699411,0,10762927164,20863479
1727699423,0,9038146415,20863480
1727699435,0,39046281479,20863481
1727699495,0,9022660942,20863486
1727699519,0,9218870886,20863488
1727699555,0,9126940044,20863491
1727699555,0,9242672115,20863491
1727699579,0,10787815791,20863493
1727699591,0,10362934246,20863494
1727699603,0,10554640019,20863495
1727699615,0,9164021253,20863496
1727699663,0,9089163176,20863500
1727699687,0,9177389476,20863502
1727699699,0,11605613878,20863503
1727699723,0,10854130838,20863505
1727699735,0,9600000000,20863506
1727699759,0,9834361479,20863508
1727699795,0,10252576298,20863511
1727699819,0,10206214171,20863513
1727699831,0,11007353687,20863514
1727699843,0,10522918286,20863515
1727699855,0,9938299926,20863516
1727699855,0,9938299926,20863516
1727699891,0,11088955401,20863519
1727699891,0,11088955401,20863519
1727699939,0,10392734329,20863522
1727699951,0,11525217236,20863523
1727699951,0,11525217236,20863523
1727699951,0,11307595823,20863523
1727699951,0,11197278021,20863523
1727700071,0,12926343737,20863533
1727700095,0,12203363999,20863535
1727700119,0,12264945447,20863537
1727700131,0,16284334816,20863538
1727700143,0,10269826663,20863539
1727700191,0,11770316729,20863543
1727700239,0,12219699915,20863547
1727700263,0,11018198634,20863549
1727700347,0,10945926517,20863556
1727700347,0,11805579932,20863556
1727700371,0,10140095311,20863558
1727700383,0,332632357194,20863559
1727700395,0,128160778500,20863560
1727700431,0,8971880467,20863563
1727700455,0,16077935360,20863565
1727700515,0,10985675471,20863570
1727700515,0,11879539284,20863570
1727700563,0,11826409984,20863574
1727700575,0,19453929688,20863575
1727700587,0,12493424428,20863576
1727700587,0,12828049885,20863576
1727700623,0,12145119338,20863579
1727700623,0,11046119338,20863579
1727700647,0,11926026358,20863581
1727700671,0,14390811019,20863583
1727700683,0,16329731806,20863584
1727700695,0,29613740185,20863585
1727700707,0,14311374938,20863586
1727700779,0,14826456558,20863592
1727700839,0,11737028576,20863597
1727700887,0,12811356213,20863601
1727700899,0,12372720568,20863602
1727700935,0,13402660613,20863604
1727700971,0,12985036442,20863607
1727700983,0,13111306945,20863608
1727701007,0,14372281951,20863610
1727701055,0,17137196321,20863614
1727701067,0,12398410730,20863615
1727701067,0,14651900810,20863615
1727701091,0,12107321908,20863617
1727701115,0,13140679997,20863619
1727701115,0,11944321014,20863619
1727701115,0,12044321014,20863619
1727701163,0,13253919357,20863623
1727701403,0,98401745250,20863643
1727701403,0,33899414720,20863643
1727701415,0,79521678575,20863644
1727701559,0,31362647658,20863656
1727701571,0,31074369367,20863657
1727701583,0,31962235677,20863658
1727701619,0,98122986572,20863661
1727701631,0,28028311970,20863662
1727701643,0,30180774695,20863663
1727701655,0,27729439620,20863664
1727701667,0,30890544356,20863665
1727701679,0,62334949405,20863666
1727701691,0,28970248936,20863667
1727701715,0,26146032602,20863669
1727701727,0,29676256999,20863670
1727701763,0,23719923284,20863673
1727701823,0,26265010188,20863678
1727701847,0,41327133572,20863680
1727701931,0,20219245607,20863687
1727701967,0,21926385848,20863690
1727702039,0,20880998291,20863696
1727702039,0,20880998291,20863696
1727702039,0,24505109378,20863696
1727702051,0,20869255919,20863697
1727702147,0,21552378465,20863705
1727702171,0,19695096806,20863707
1727702183,0,18494191296,20863708
1727702195,0,104834090865,20863709
1727702243,0,501753940390,20863713
1727702243,0,19395265939,20863713
1727702243,0,18322310164,20863713
1727702243,0,18322310164,20863713
1727702255,0,19959131330,20863714
1727702267,0,19500000000,20863715
1727702315,0,19625420780,20863719
1727702327,0,17537950538,20863720
1727702363,0,18403884384,20863723
1727702375,0,17000745475,20863724
1727702423,0,142465205417,20863728
1727702435,0,97582876334,20863729
1727702459,0,17560221236,20863731
1727702483,0,17677816730,20863733
1727702495,0,25699594294,20863734
1727702531,0,18392997429,20863737
1727702555,0,17763195475,20863739
1727702567,0,18430954323,20863740
1727702567,0,18094276178,20863740
1727702579,0,18370373923,20863741
1727702591,0,37982081105,20863742
1727702591,0,17952353396,20863742
1727702675,0,17501171658,20863749
1727702711,0,15058054398,20863752
1727702711,0,15097282478,20863752
1727702735,0,17588503225,20863754
1727702747,0,17371381696,20863755
1727702771,0,14819913809,20863757
1727702783,0,119273205592,20863758
1727702783,0,15735038350,20863758
1727702831,0,26358989209,20863762
1727702867,0,17317693940,20863765
1727702867,0,14755932251,20863765
1727702879,0,17411984869,20863766
1727702903,0,42844714950,20863768
1727702915,0,26906956190,20863769
1727702963,0,15435743110,20863773
1727702963,0,14491895178,20863773
1727702975,0,15432391778,20863774
1727703011,0,15603709362,20863777
1727703035,0,13072752084,20863779
1727703047,0,17461045373,20863780
1727703047,0,14462284378,20863780
1727703059,0,14847000000,20863781
1727703083,0,17048688862,20863783
1727703083,0,14626729628,20863783
1727703095,0,15238795617,20863784
1727703119,0,14339235655,20863786
1727703143,0,13348487286,20863788
1727703203,0,12479491054,20863793
1727703215,0,14463903743,20863794
1727703275,0,22215254063,20863799
1727703275,0,12164513706,20863799
1727703275,0,14429446380,20863799
1727703299,0,13364033233,20863801
1727703335,0,28520928475,20863804
1727703335,0,13509585187,20863804
1727703335,0,11559585187,20863804
1727703563,0,29981117256,20863823
1727703599,0,46283609416,20863826
1727703611,0,14303024829,20863827
1727703623,0,12665226495,20863828
1727703635,0,64775714551,20863829
1727703671,0,13378239291,20863832
1727703671,0,13285893443,20863832
1727703755,0,11705190513,20863839
1727703791,0,80457817410,20863842
1727703791,0,13108731760,20863842
1727703803,0,14171156592,20863843
1727703815,0,14984481924,20863844
1727703827,0,13768450168,20863845
1727703851,0,118033742036,20863847
1727703851,0,12472209252,20863847
1727703863,0,13054897849,20863848
1727703863,0,13792031315,20863848
1727703911,0,43024960915,20863852
1727703923,0,12249485632,20863853
1727703923,0,11329485632,20863853
1727703935,0,86397296673,20863854
1727703959,0,12914703235,20863856
1727703971,0,16830125768,20863857
1727703971,0,14279203093,20863857
1727703983,0,13392842075,20863858
1727703995,0,14217189559,20863859
1727704043,0,14406783773,20863863
1727704091,0,14667632064,20863867
1727704103,0,82619494680,20863868
1727704115,0,14333243863,20863869
1727704139,0,36735042619,20863871
1727704187,0,13618402032,20863875
1727704199,0,24892631715,20863876
1727704211,0,14018989778,20863877
1727704235,0,14387840136,20863879
1727704259,0,14330224215,20863881
1727704259,0,14741574215,20863881
1727704283,0,76663627050,20863883
1727704331,0,18505870840,20863886
1727704367,0,14723411075,20863889
1727704367,0,14673411075,20863889
1727704379,0,15683680188,20863890
1727704403,0,97996996457,20863892
1727704403,0,15728815266,20863892
1727704439,0,14892639616,20863895
1727704451,0,16510861351,20863896
1727704451,0,15927061351,20863896
1727704487,0,41061613021,20863899
1727704511,0,38488045797,20863901
1727704523,0,51257639654,20863902
1727704535,0,70441582290,20863903
1727704535,0,19677840168,20863903
1727704571,0,18572549099,20863906
1727704571,0,18572549099,20863906
1727704595,0,16730328407,20863908
1727704607,0,18436732169,20863909
1727704607,0,18436732169,20863909
1727704631,0,28067020409,20863911
1727704679,0,16769008180,20863915
1727704691,0,16941688083,20863916
1727704715,0,18936417960,20863918
1727704739,0,16579943103,20863920
1727704763,0,16189161127,20863922
1727704799,0,21024665266,20863925
1727704799,0,15904763816,20863925
1727704811,0,17138730263,20863926
1727704835,0,16142964107,20863928
1727704847,0,16385523213,20863929
1727704847,0,17384523213,20863929
1727704847,0,17633989913,20863929
1727704847,0,42041148466,20863929
1727704895,0,18941326890,20863933
1727704907,0,17467098084,20863934
1727704919,0,271997996428,20863935
1727704967,0,17405354376,20863939
1727704967,0,16160896370,20863939
1727705015,0,151197123749,20863943
1727705027,0,17682603391,20863944
1727705039,0,140727387990,20863945
1727705051,0,19737818265,20863946
1727705099,0,19148688382,20863950
1727705123,0,20098044247,20863952
1727705183,0,18797923424,20863957
1727705255,0,23057116908,20863963
1727705291,0,20353328275,20863966
1727705291,0,20691580591,20863966
1727705327,0,20599726072,20863969
1727705327,0,21123362889,20863969
1727705387,0,20852782133,20863974
1727705411,0,22350633100,20863976
1727705447,0,21454925298,20863979
1727705447,0,20501925298,20863979
1727705483,0,35488605602,20863982
1727705531,0,25083894142,20863986
1727705531,0,145644639677,20863986
1727705543,0,103075783530,20863987
1727705567,0,22046915325,20863989
1727705579,0,21511641331,20863990
1727705627,0,22470996352,20863994
1727705663,0,21001224199,20863997
1727705687,0,19519376268,20863999
1727705699,0,22526276092,20864000
1727705723,0,47010686740,20864002
1727705735,0,22306088190,20864003
1727705735,0,162752832015,20864003
1727705747,0,22176234396,20864004
1727705747,0,81335213502,20864004
1727705759,0,30883613406,20864005
1727705771,0,43177074512,20864006
1727705819,0,21056728161,20864010
1727705831,0,21462625028,20864011
1727705831,0,25580825028,20864011
1727705879,0,21464139002,20864015
1727705891,0,20266962401,20864016
1727706011,0,58945228677,20864026
1727706035,0,39075753819,20864028
1727706047,0,20860956576,20864029
1727706059,0,20519097190,20864030
1727706083,0,18172605072,20864032
1727706107,0,19541070624,20864034
1727706107,0,19541070624,20864034
1727706131,0,73197651483,20864036
1727706143,0,18361825988,20864037
1727706143,0,18872751486,20864037
1727706167,0,32252773322,20864039
1727706239,0,18594273843,20864045
1727706275,0,17209084089,20864048
1727706287,0,18507034074,20864049
1727706311,0,60279279780,20864051
1727706359,0,21351634707,20864055
1727706359,0,17803564512,20864055
1727706359,0,16149033079,20864055
1727706371,0,24317035383,20864056
1727706383,0,24929441478,20864057
1727706383,0,16667627652,20864057
1727706407,0,84390011917,20864059
1727706479,0,82820575267,20864065
1727706491,0,17000000000,20864066
1727706551,0,17332951498,20864071
1727706563,0,20493464772,20864072
1727706575,0,18432590493,20864073
1727706587,0,19888771789,20864074
1727706623,0,32689242479,20864077
1727706671,0,19611621992,20864081
1727706755,0,20071819222,20864088
1727706767,0,40924268052,20864089
1727706779,0,17483394640,20864090
1727706803,0,17980442554,20864092
1727706815,0,18874752497,20864093
1727706815,0,18921191367,20864093
1727706827,0,21200000000,20864094
1727706839,0,16677573029,20864095
1727706839,0,22304804937,20864095
1727706851,0,16860743309,20864096
1727706851,0,24054316334,20864096
1727706863,0,165790780396,20864097
1727706887,0,16042307046,20864099
1727706899,0,17722049631,20864100
1727706947,0,23426969335,20864104
1727706947,0,17119502992,20864104
1727706959,0,19897630290,20864105
1727706983,0,17082905203,20864107
1727706995,0,14803012440,20864108
1727707019,0,16789993902,20864110
1727707019,0,154888584447,20864110
1727707031,0,15925531695,20864111
1727707043,0,94133365084,20864112
1727707079,0,15058713890,20864115
1727707079,0,16058713890,20864115
1727707091,0,15316451483,20864116
1727707103,0,15083139394,20864117
1727707103,0,29904624139,20864117
1727707139,0,16733303480,20864120
1727707139,0,19491870284,20864120
1727707139,0,18036703379,20864120
1727707151,0,91607728420,20864121
1727707151,0,18164246804,20864121
1727707175,0,16041971208,20864123
1727707175,0,190258332409,20864123
1727707187,0,17387468351,20864124
1727707259,0,17713715150,20864130
1727707271,0,18815558311,20864131
1727707271,0,18815558311,20864131
1727707271,0,18664178778,20864131
1727707331,0,82913239534,20864136
1727707331,0,16831259121,20864136
1727707343,0,17268121336,20864137
1727707391,0,90390116805,20864141
1727707403,0,19968534210,20864142
1727707415,0,19750263702,20864143
1727707451,0,25926135115,20864146
1727707475,0,16252534525,20864148
1727707547,0,17588665407,20864154
1727707559,0,17745368361,20864155
1727707619,0,20519514891,20864160
1727707631,0,18001519780,20864161
1727707631,0,17882086026,20864161
1727707631,0,18035617953,20864161
1727707667,0,18075497050,20864164
1727707667,0,16676734535,20864164
1727707667,0,18075497050,20864164
1727707679,0,369975470141,20864165
1727707691,0,18318619118,20864166
1727707703,0,16522420554,20864167
1727707739,0,19663359367,20864170
1727707739,0,77547170603,20864170
1727707739,0,18593055486,20864170
1727707787,0,18977464665,20864174
1727707811,0,18869368961,20864176
1727707847,0,19798628230,20864179
1727707871,0,18066352448,20864181
1727707883,0,16520165527,20864182
1727707919,0,19392841543,20864185
1727707955,0,18758022359,20864188
1727707979,0,18667739374,20864190
1727708015,0,16951067384,20864193
1727708063,0,16956313361,20864197
1727708087,0,18370485342,20864199
1727708111,0,17969088701,20864201
1727708111,0,18836778358,20864201
1727708135,0,20212604777,20864203
1727708135,0,18680117916,20864203
1727708147,0,19671562839,20864204
1727708159,0,17136623118,20864205
1727708207,0,44208033035,20864209
1727708291,0,17772577155,20864216
1727708303,0,18182993854,20864217
1727708315,0,18823471103,20864218
1727708339,0,18744434530,20864220
1727708399,0,16962533753,20864224
1727708399,0,18744514682,20864224
1727708411,0,20847518260,20864225
1727708411,0,20847518260,20864225
1727708435,0,21485088880,20864227
1727708471,0,30305054824,20864230
1727708483,0,33792717869,20864231
1727708579,0,22550700663,20864239
1727708591,0,22408675756,20864240
1727708615,0,22924071206,20864242
1727708615,0,21700000000,20864242
1727708615,0,20985071206,20864242
1727708627,0,37008657636,20864243
1727708639,0,26889204077,20864244
1727708687,0,57847586293,20864248
1727708723,0,28343028853,20864251
1727708723,0,30376734109,20864251
1727708723,0,28343028853,20864251
1727708843,0,29079898801,20864261
1727708855,0,25779762042,20864262
1727708891,0,31000000000,20864265
1727708915,0,28644007535,20864267
1727708927,0,26791867280,20864268
1727708939,0,25895881599,20864269
1727708963,0,57506225460,20864271
1727709035,0,28826720910,20864277
1727709035,0,27140704693,20864277
1727709047,0,26844396588,20864278
1727709059,0,26267828678,20864279
1727709095,0,25554123805,20864282
1727709107,0,81363701037,20864283
1727709155,0,26774598791,20864287
1727709155,0,24374598791,20864287
1727709167,0,63112699014,20864288
1727709191,0,39612704180,20864290
1727709191,0,28045779345,20864290
1727709203,0,25279421015,20864291
1727709215,0,22119829448,20864292
1727709251,0,24900676843,20864295
1727709275,0,24000207198,20864297
1727709275,0,24940207198,20864297
1727709299,0,24172070898,20864299
1727709299,0,36063628763,20864299
1727709323,0,24244172165,20864301
1727709323,0,24175172165,20864301
1727709323,0,74064938341,20864301
1727709335,0,24881804840,20864302
1727709347,0,24318984761,20864303
1727709359,0,25611264451,20864304
1727709371,0,47769078937,20864305
1727709467,0,25397534656,20864313
1727709491,0,26854867633,20864315
1727709527,0,25666251772,20864318
1727709599,0,27129842763,20864324
1727709671,0,26400000000,20864330
1727709695,0,39965143790,20864332
1727709767,0,26410569243,20864338
1727709779,0,28264443782,20864339
1727709863,0,25427907039,20864346
1727709947,0,24718510930,20864353
1727709947,0,25500000000,20864353
1727709959,0,24634437144,20864354
1727709971,0,24270369939,20864355
1727709971,0,26010369939,20864355
1727709971,0,45362563992,20864355
1727710079,0,63549740666,20864364
1727710091,0,27638184972,20864365
1727710091,0,81037871106,20864365
1727710103,0,26678883177,20864366
1727710103,0,28678883177,20864366
1727710163,0,25378774496,20864371
1727710175,0,25134220900,20864372
1727710211,0,22821600438,20864375
1727710295,0,20951955245,20864382
1727710343,0,24584383025,20864386
1727710355,0,23324979663,20864387
1727710391,0,21202201068,20864390
1727710391,0,22702201068,20864390
1727710403,0,22591687847,20864391
1727710439,0,23648545485,20864394
1727710475,0,21145482466,20864397
1727710475,0,23295482466,20864397
1727710475,0,21307129472,20864397
1727710487,0,21411985622,20864398
1727710487,0,23236331622,20864398
1727710499,0,22916935386,20864399
1727710499,0,22916935386,20864399
1727710511,0,22644175613,20864400
1727710523,0,25946394011,20864401
1727710523,0,25242404141,20864401
1727710523,0,90941937070,20864401
1727710523,0,22916935386,20864401
1727710559,0,23319220163,20864404
1727710571,0,24031924687,20864405
1727710571,0,111678281585,20864405
1727710595,0,21625787619,20864407
1727710607,0,22414862299,20864408
1727710643,0,76427056608,20864411
1727710655,0,23403558429,20864412
1727710727,0,22882547703,20864418
1727710739,0,20545237787,20864419
1727710751,0,23628173455,20864420
1727710751,0,45068421975,20864420
1727710763,0,71997789466,20864421
1727710775,0,27370138996,20864422
1727710787,0,41917547481,20864423
1727710811,0,29733602823,20864425
1727710835,0,215990814486,20864427
1727710871,0,23050258535,20864430
1727710895,0,24346816195,20864432
1727710907,0,53860929431,20864433
1727710919,0,22746005411,20864434
1727710943,0,21308501511,20864436
1727710967,0,77197093877,20864438
1727710991,0,62437037070,20864440
1727711003,0,20453215613,20864441
1727711003,0,23404630257,20864441
1727711015,0,35389896210,20864442
1727711015,0,20462545765,20864442
1727711039,0,24518833915,20864444
1727711075,0,20584749888,20864447
1727711087,0,25918181026,20864448
1727711111,0,113068055622,20864450
1727711183,0,41696815190,20864456
1727711207,0,97401005070,20864458
1727711219,0,21443908867,20864459
1727711231,0,93624099302,20864460
1727711255,0,19251709746,20864462
1727711255,0,21617623744,20864462
1727711291,0,18621161845,20864465
1727711291,0,24695976133,20864465
1727711291,0,21329104611,20864465
1727711291,0,20521742754,20864465
1727711303,0,20423555884,20864466
1727711303,0,19581585648,20864466
1727711339,0,18303510971,20864469
1727711339,0,18399062656,20864469
1727711375,0,18637844127,20864472
1727711375,0,19577844127,20864472
1727711375,0,20605043329,20864472
1727711375,0,17687844127,20864472
1727711375,0,17684844127,20864472
1727711375,0,17737844127,20864472
1727711387,0,20600000000,20864473
1727711399,0,20572774597,20864474
1727711411,0,18541605967,20864475
1727711435,0,20379399458,20864477
1727711435,0,20379399458,20864477
1727711435,0,61606943469,20864477
1727711471,0,108248617489,20864480
1727711471,0,19408560863,20864480
1727711471,0,21308560863,20864480
1727711495,0,20812096101,20864482
1727711507,0,20907104733,20864483
1727711531,0,19429485210,20864485
1727711555,0,20600000000,20864487
1727711567,0,21717799559,20864488
1727711591,0,22077499129,20864490
1727711603,0,18842262806,20864491
1727711627,0,23425838955,20864493
1727711675,0,21754511008,20864497
1727711687,0,23527596809,20864498
1727711711,0,22220191956,20864500
1727711723,0,90462900052,20864501
1727711735,0,25583684248,20864502
1727711735,0,22141318237,20864502
1727711771,0,36140233054,20864505
1727711783,0,21200000000,20864506
1727711795,0,21768997325,20864507
1727711819,0,20009593295,20864509
1727711855,0,19572099608,20864512
1727711867,0,334973140658,20864513
1727711891,0,21492855965,20864515
1727711927,0,22144983135,20864518
1727711927,0,20640025916,20864518
1727711951,0,37308920450,20864520
1727711963,0,235461116272,20864521
1727711963,0,22794590072,20864521
1727711963,0,21366880111,20864521
1727711963,0,22694127948,20864521
1727711963,0,20700936103,20864521
1727711975,0,30507654591,20864522
1727711987,0,23285907379,20864523
1727711987,0,22011851388,20864523
1727712011,0,23352633255,20864525
1727712011,0,23352633255,20864525
1727712023,0,96613446694,20864526
1727712023,0,22935034466,20864526
1727712035,0,22140811145,20864527
1727712059,0,96774006494,20864529
1727712083,0,34426465806,20864531
1727712095,0,108206254484,20864532
1727712107,0,22042666861,20864533
1727712131,0,21769233002,20864535
1727712143,0,20650906504,20864536
1727712167,0,23500000000,20864538
1727712179,0,22450735265,20864539
1727712215,0,24072333328,20864542
1727712215,0,28357684655,20864542
1727712215,0,46615309230,20864542
1727712215,0,27712374873,20864542
1727712227,0,23458553987,20864543
1727712227,0,23525553987,20864543
1727712287,0,26734373025,20864548
1727712299,0,142475284228,20864549
1727712311,0,26699656928,20864550
1727712407,0,27320232256,20864558
1727712407,0,81485494773,20864558
1727712407,0,29000243107,20864558
1727712419,0,44154121630,20864559
1727712491,0,26119096808,20864565
1727712491,0,23658075656,20864565
1727712551,0,24684211912,20864570
1727712563,0,107279455901,20864571
1727712587,0,26602094297,20864573
1727712599,0,24330831529,20864574
1727712599,0,24389031529,20864574
1727712635,0,25951813296,20864577
1727712647,0,22425387520,20864578
1727712683,0,25300438238,20864581
1727712683,0,24000000000,20864581
1727712719,0,23467518238,20864584
1727712779,0,24787168502,20864589
1727712779,0,25227168502,20864589
1727712791,0,25013621519,20864590
1727712803,0,23598189564,20864591
1727712827,0,26579826060,20864593
1727712887,0,23094454185,20864598
1727712923,0,99374471411,20864601
1727712935,0,30634472613,20864602
1727712947,0,28001167888,20864603
1727712971,0,29896202127,20864605
1727713019,0,28050141043,20864609
1727713031,0,26981997669,20864610
1727713091,0,61676356009,20864615
1727713091,0,32102298941,20864615
1727713139,0,28700000000,20864619
1727713151,0,24897599904,20864620
1727713151,0,24627921351,20864620
1727713151,0,28700000000,20864620
1727713187,0,26909269449,20864623
1727713199,0,28400000000,20864624
1727713211,0,27524615617,20864625
1727713211,0,25934241005,20864625
1727713247,0,57905478685,20864628
1727713295,0,22374124756,20864632
1727713295,0,24833059349,20864632
1727713379,0,23269743024,20864639
1727713379,0,46452928590,20864639
1727713439,0,23649775364,20864644
1727713439,0,25966940752,20864644
1727713475,0,24000000000,20864647
1727713487,0,24600000000,20864648
1727713511,0,54329321491,20864650
1727713523,0,43277855164,20864651
1727713571,0,22703147162,20864655
1727713631,0,22842062678,20864660
1727713655,0,24250127478,20864662
1727713679,0,22713218496,20864664
1727713739,0,23358161836,20864669
1727713739,0,23215753236,20864669
1727713775,0,23289563895,20864672
1727713787,0,24600000000,20864673
1727713859,0,24626634242,20864679
1727713871,0,23898320647,20864680
1727713871,0,23898320647,20864680
1727713895,0,22448063346,20864682
1727713895,0,23985561451,20864682
1727713931,0,28106411080,20864685
1727713931,0,22769005045,20864685
1727713943,0,25197000000,20864686
1727713955,0,22508898680,20864687
1727713967,0,21721803562,20864688
1727713991,0,22812316620,20864690
1727713991,0,29459779797,20864690
1727714003,0,26201653747,20864691
1727714003,0,26642425867,20864691
1727714015,0,22812680491,20864692
1727714039,0,27031138589,20864694
1727714039,0,22631138589,20864694
1727714051,0,22234399922,20864695
1727714075,0,21405281210,20864697
1727714111,0,23608384423,20864700
1727714135,0,73397842532,20864702
1727714171,0,39699325096,20864705
1727714255,0,21924978573,20864712
1727714279,0,23211890343,20864714
1727714303,0,20803405004,20864716
1727714339,0,22081773381,20864719
1727714339,0,22175398841,20864719
1727714387,0,20899947325,20864723
1727714387,0,161523918432,20864723
1727714399,0,21637453828,20864724
1727714399,0,20841224354,20864724
1727714411,0,19014698830,20864725
1727714483,0,23727204964,20864731
1727714519,0,24208109147,20864734
1727714519,0,21828666013,20864734
1727714543,0,21234913620,20864736
1727714567,0,23929701612,20864738
1727714567,0,20734470166,20864738
1727714591,0,19922312637,20864740
1727714591,0,19604112640,20864740
1727714591,0,19604112640,20864740
1727714603,0,21875362797,20864741
1727714639,0,21587725236,20864744
1727714651,0,21813647096,20864745
1727714651,0,22233630376,20864745
1727714687,0,21689328255,20864748
1727714819,0,19752483668,20864759
1727714819,0,19752483668,20864759
1727714843,0,19292256302,20864761
1727714843,0,20549647355,20864761
1727714855,0,78697981030,20864762
1727714879,0,17215016337,20864764
1727714879,0,19096816337,20864764
1727714879,0,17215016337,20864764
1727714879,0,17215016337,20864764
1727714891,0,27253740648,20864765
1727714891,0,17366264408,20864765
1727714891,0,17993500193,20864765
1727714903,0,18872650705,20864766
1727714939,0,19409612042,20864769
1727714939,0,45485280485,20864769
1727714951,0,97906723996,20864770
1727714963,0,18683265539,20864771
1727714987,0,18255087227,20864773
1727715011,0,22061388063,20864775
1727715023,0,45615022500,20864776
1727715023,0,20045519019,20864776
1727715071,0,19114000000,20864780
1727715095,0,18132027887,20864782
1727715119,0,102447241261,20864784
1727715155,0,38584372688,20864787
1727715203,0,20177660108,20864791
1727715203,0,54340991477,20864791
1727715227,0,21210398764,20864793
1727715239,0,21242237316,20864794
1727715335,0,22938061697,20864802
1727715359,0,50683260026,20864804
1727715359,0,22340376073,20864804
1727715395,0,20140854467,20864807
1727715443,0,22173366377,20864811
1727715539,0,19850663860,20864819
1727715587,0,20275159903,20864823
1727715599,0,21236920896,20864824
1727715623,0,19461287805,20864826
1727715623,0,21091287805,20864826
1727715671,0,22326662591,20864830
1727715719,0,21431181342,20864834
1727715743,0,20231362762,20864836
1727715743,0,19406016762,20864836
1727715743,0,20286627211,20864836
1727715767,0,56947151335,20864838
1727715815,0,129272935375,20864842
1727715887,0,20968658333,20864848
1727715899,0,21027436405,20864849
1727715911,0,18226897606,20864850
1727715947,0,19146955559,20864853
1727715959,0,22968289161,20864854
1727715971,0,19637515998,20864855
1727715971,0,21519315998,20864855
1727715983,0,117800646676,20864856
1727716007,0,20732092073,20864858
1727716019,0,20107343564,20864859
1727716019,0,19912343564,20864859
1727716043,0,20651495511,20864861
1727716079,0,20729921647,20864864
1727716115,0,20713812018,20864867
1727716115,0,18815567550,20864867
1727716115,0,19873461227,20864867
1727716139,0,19552961903,20864869
1727716187,0,20067204097,20864873
1727716211,0,19616460408,20864875
1727716211,0,23455874788,20864875
1727716259,0,21100439136,20864879
1727716271,0,17313979994,20864880
1727716295,0,19161492549,20864882
1727716427,0,17591670703,20864893
1727716487,0,16469668820,20864898
1727716523,0,18925493284,20864901
1727716523,0,18126252321,20864901
1727716535,0,17984543891,20864902
1727716547,0,17615957467,20864903
1727716571,0,32406511921,20864905
1727716583,0,16310611591,20864906
1727716583,0,24747762868,20864906
1727716643,0,16326330264,20864911
1727716679,0,16112976289,20864914
1727716691,0,49209545206,20864915
1727716703,0,43734806645,20864916
1727716751,0,14465342738,20864920
1727716799,0,18073684163,20864924
1727716835,0,17847992350,20864927
1727716847,0,17799974790,20864928
1727716859,0,36491527462,20864929
1727716859,0,20236865297,20864929
1727716943,0,18101368495,20864936
1727716979,0,16697590750,20864939
1727716991,0,15609799162,20864940
1727717015,0,16499574601,20864942
1727717015,0,33648967842,20864942
1727717027,0,17534878956,20864943
1727717039,0,15218418777,20864944
1727717075,0,15898262961,20864947
1727717099,0,13371429062,20864949
1727717135,0,15299346327,20864952
1727717171,0,17554491459,20864955
1727717195,0,15499652123,20864957
1727717243,0,16746862511,20864961
1727717267,0,14194107464,20864963
1727717267,0,26618201012,20864963
1727717279,0,15585741283,20864964
1727717279,0,13845741283,20864964
1727717279,0,15585741283,20864964
1727717303,0,30857942687,20864966
1727717351,0,13660894844,20864970
1727717363,0,65811151831,20864971
1727717375,0,13717116484,20864972
1727717387,0,38231211431,20864973
1727717399,0,19881639984,20864974
1727717447,0,15000000000,20864978
1727717483,0,106061989519,20864981
1727717495,0,13973647611,20864982
1727717531,0,17692941935,20864985
1727717543,0,19850578175,20864986
1727717579,0,15891821570,20864989
1727717579,0,15674353519,20864989
1727717579,0,100649400506,20864989
1727717627,0,15994818197,20864993
1727717627,0,63217699735,20864993
1727717639,0,17502361625,20864994
1727717639,0,18039907092,20864994
1727717687,0,16881364319,20864998
1727717711,0,52149807099,20865000
1727717759,0,14089201512,20865004
1727717759,0,17029201512,20865004
1727717759,0,15656688229,20865004
1727717771,0,15514254151,20865005
1727717771,0,15505066647,20865005
1727717771,0,34383564191,20865005
1727717819,0,17187007518,20865009
1727717831,0,16532132713,20865010
1727717891,0,17840687104,20865015
1727717927,0,13030277220,20865018
1727717927,0,103066585018,20865018
1727717927,0,14249399905,20865018
1727717939,0,13582415055,20865019
1727717975,0,18043476130,20865022
1727717999,0,15400000000,20865024
1727718047,0,13551008213,20865028
1727718059,0,14119614079,20865029
1727718083,0,13130029790,20865031
1727718083,0,14761857822,20865031
1727718095,0,15323156893,20865032
1727718095,0,13789313702,20865032
1727718155,0,16258808959,20865037
1727718191,0,15970395204,20865040
1727718203,0,14598174087,20865041
1727718215,0,15055273322,20865042
1727718251,0,17239252109,20865044
1727718263,0,14624210503,20865045
1727718299,0,15328132619,20865048
1727718335,0,25163389904,20865051
1727718335,0,14750474448,20865051
1727718359,0,12007524799,20865053
1727718419,0,15238399854,20865058
1727718443,0,13675087972,20865060
1727718467,0,12214848230,20865062
1727718491,0,13236957006,20865064
1727718503,0,14566056377,20865065
1727718503,0,13008971833,20865065
1727718551,0,12493033460,20865069
1727718599,0,12779105957,20865073
1727718659,0,16267303344,20865078
1727718671,0,14962759632,20865079
1727718743,0,13848165909,20865085
1727718791,0,12363847055,20865089
1727718791,0,13761204590,20865089
1727718827,0,11972142966,20865092
1727718875,0,12355167415,20865096
1727718887,0,13894888662,20865097
1727718923,0,13917503210,20865100
1727718959,0,12638390819,20865103
1727718971,0,12651090931,20865104
1727718971,0,12606090931,20865104
1727718995,0,12624707292,20865106
1727718995,0,13445341748,20865106
1727719007,0,13807883812,20865107
1727719007,0,13807883812,20865107
1727719019,0,12815902169,20865108
1727719103,0,13232264507,20865115
1727719151,0,13302780326,20865119
1727719151,0,38445643523,20865119
1727719163,0,14657432984,20865120
1727719175,0,56979342367,20865121
1727719187,0,33700428328,20865122
1727719211,0,12982916995,20865124
1727719211,0,12742598039,20865124
1727719307,0,15622789826,20865132
1727719319,0,15800344761,20865133
1727719379,0,18492752900,20865138
1727719523,0,19745755689,20865150
1727719547,0,20264523933,20865152
1727719547,0,41525915642,20865152
1727719571,0,31679393305,20865154
1727719583,0,16975636540,20865155
1727719595,0,20900854890,20865156
1727719595,0,33171388257,20865156
1727719607,0,34619055060,20865157
1727719619,0,16861148376,20865158
1727719619,0,21747706733,20865158
1727719631,0,251479643903,20865159
1727719643,0,49808996459,20865160
1727719667,0,20531811707,20865162
1727719667,0,21688409988,20865162
1727719679,0,20810489816,20865163
1727719703,0,20397878077,20865165
1727719715,0,24303011029,20865166
1727719763,0,22047887133,20865170
1727719763,0,20140111546,20865170
1727719763,0,23040111546,20865170
1727719787,0,17906256167,20865172
1727719823,0,20450339678,20865175
1727719895,0,18500624181,20865181
1727719895,0,216582160218,20865181
1727719907,0,21615493216,20865182
1727719919,0,21673847516,20865183
1727719919,0,21894917763,20865183
1727719955,0,407601730608,20865186
1727720015,0,18748578095,20865191
1727720027,0,17299231425,20865192
1727720051,0,17252394155,20865194
1727720051,0,25937963009,20865194
1727720063,0,18571645790,20865195
1727720087,0,73505102705,20865197
1727720099,0,18268746764,20865198
1727720123,0,19517297479,20865200
1727720123,0,17295008954,20865200
1727720159,0,16533131503,20865203
1727720183,0,19332505155,20865205
1727720207,0,18026213429,20865207
1727720207,0,16288974105,20865207
1727720231,0,32923291496,20865209
1727720243,0,103317816028,20865210
1727720267,0,14009709336,20865212
1727720279,0,20658261975,20865213
1727720279,0,46390093487,20865213
1727720291,0,17842960794,20865214
1727720303,0,17510157211,20865215
1727720303,0,46967047101,20865215
1727720303,0,18784811211,20865215
1727720339,0,16053023006,20865218
1727720351,0,15589361785,20865219
1727720399,0,14142662802,20865223
1727720411,0,15319655397,20865224
1727720447,0,18835856824,20865227
1727720447,0,20058388773,20865227
1727720471,0,18152417647,20865229
1727720471,0,23535569356,20865229
1727720603,0,20652804957,20865240
1727720615,0,19185434913,20865241
1727720627,0,40875260924,20865242
1727720639,0,17741880266,20865243
1727720639,0,16572870945,20865243
1727720699,0,49811494803,20865248
1727720699,0,18420595635,20865248
1727720723,0,17477231700,20865250
1727720723,0,15858292659,20865250
1727720735,0,149964271059,20865251
1727720735,0,18521423326,20865251
1727720759,0,26572497663,20865253
1727720783,0,36883234498,20865255
1727720795,0,20565536664,20865256
1727720807,0,20126487000,20865257
1727720807,0,18507547959,20865257
1727720831,0,19510806022,20865259
1727720855,0,17415743924,20865261
1727720867,0,32916749455,20865262
1727720879,0,17532151899,20865263
1727720891,0,33261729212,20865264
1727720903,0,18082442713,20865265
1727720915,0,19533163781,20865266
1727720939,0,16179999396,20865268
1727720939,0,16229999396,20865268
1727720975,0,16230970480,20865271
1727720975,0,15230970480,20865271
1727720975,0,15235670480,20865271
1727721011,0,15067226482,20865274
1727721023,0,16275961102,20865275
1727721035,0,15188187873,20865276
1727721047,0,15701804644,20865277
1727721083,0,16993392397,20865280
1727721095,0,245285178101,20865281
1727721107,0,43288144229,20865282
1727721119,0,24470993804,20865283
1727721119,0,16772380151,20865283
1727721119,0,15114004026,20865283
1727721131,0,15459686034,20865284
1727721167,0,16677125675,20865287
1727721167,0,15078125675,20865287
1727721167,0,340269253543,20865287
1727721191,0,23191043075,20865289
1727721191,0,91695653288,20865289
1727721215,0,33562148966,20865291
1727721215,0,15993049191,20865291
1727721227,0,16916532893,20865292
1727721263,0,16761946988,20865295
1727721275,0,16726621622,20865296
1727721275,0,16615192517,20865296
1727721299,0,18780325870,20865298
1727721299,0,15553906429,20865298
1727721311,0,262392791728,20865299
1727721323,0,17491034424,20865300
1727721323,0,20340160272,20865300
1727721323,0,72033249307,20865300
1727721323,0,15915569919,20865300
1727721323,0,47258243482,20865300
1727721347,0,66491207863,20865302
1727721359,0,16849140604,20865303
1727721359,0,16849140604,20865303
1727721383,0,15082837645,20865305
1727721383,0,150167164681,20865305
1727721419,0,17269492386,20865308
1727721419,0,62307442012,20865308
1727721419,0,18240633735,20865308
1727721431,0,16033287372,20865309
1727721443,0,148349203873,20865310
1727721479,0,19107408802,20865313
1727721503,0,20042767928,20865315
1727721515,0,50264437991,20865316
1727721527,0,19120106192,20865317
1727721575,0,19024192036,20865321
1727721587,0,33028428464,20865322
1727721671,0,14526648934,20865329
1727721695,0,15066150222,20865331
1727721707,0,17601473973,20865332
1727721743,0,32006753001,20865335
1727721743,0,15548589709,20865335
1727721755,0,16898712105,20865336
1727721767,0,16686173773,20865337
1727721803,0,14951500384,20865340
1727721827,0,15203209446,20865342
1727721827,0,16139470471,20865342
1727721827,0,25488049703,20865342
1727721839,0,22480415380,20865343
1727721863,0,16428867104,20865345
1727721863,0,17220105896,20865345
1727721887,0,14674575079,20865347
1727721935,0,32714779308,20865351
1727721959,0,13821557809,20865353
1727721959,0,56540767319,20865353
1727721971,0,36397174096,20865354
1727721995,0,14961518221,20865356
1727721995,0,46889749044,20865356
1727721995,0,14926951625,20865356
1727722007,0,15459915966,20865357
1727722019,0,15714061675,20865358
1727722055,0,14437325446,20865361
1727722067,0,88766726677,20865362
1727722091,0,15748697848,20865364
1727722091,0,14296857201,20865364
1727722103,0,16732859494,20865365
1727722103,0,14390666968,20865365
1727722103,0,21586000452,20865365
1727722127,0,13784462976,20865367
1727722175,0,89359056345,20865371
1727722199,0,15131113406,20865373
1727722283,0,15508535496,20865380
1727722331,0,16290378798,20865384
1727722331,0,16800000000,20865384
1727722379,0,14984739851,20865388
1727722403,0,16700496279,20865390
1727722451,0,14911632642,20865394
1727722511,0,13365896271,20865399
1727722511,0,14904112269,20865399
1727722523,0,16516040193,20865400
1727722523,0,16948360871,20865400
1727722559,0,13214564792,20865403
1727722559,0,15741182844,20865403
1727722595,0,14126626051,20865406
1727722607,0,15911997147,20865407
1727722643,0,24502997698,20865410
1727722655,0,44801024981,20865411
1727722691,0,14854644996,20865414
1727722763,0,18104111900,20865420
1727722775,0,18169053107,20865421
1727722787,0,19025604405,20865422
1727722811,0,30189259017,20865424
1727722871,0,24906411018,20865429
1727722871,0,21996411018,20865429
1727722871,0,26550090396,20865429
1727722931,0,254387119876,20865434
1727722943,0,25541255723,20865435
1727722967,0,23668099995,20865437
1727722979,0,94922360695,20865438
1727722991,0,26805751275,20865439
1727722991,0,24705751275,20865439
1727723051,0,31800000000,20865444
1727723063,0,27963250165,20865445
1727723087,0,24180558190,20865447
1727723147,0,28826425259,20865451
1727723207,0,35776509446,20865456
1727723231,0,28648653807,20865458
1727723243,0,34800000000,20865459
1727723291,0,39079347408,20865463
1727723303,0,26880679256,20865464
1727723351,0,28000000000,20865468
1727723399,0,30373117946,20865472
1727723423,0,28000000000,20865474
1727723435,0,30329430135,20865475
1727723495,0,108052626331,20865480
1727723507,0,26655336781,20865481
1727723507,0,56676508779,20865481
1727723519,0,26429887190,20865482
1727723567,0,24294478165,20865486
1727723615,0,26883411881,20865490
1727723663,0,24090360949,20865494
1727723675,0,19623898282,20865495
1727723675,0,114581196763,20865495
1727723735,0,21767854981,20865500
1727723819,0,23236445383,20865507
1727723819,0,22571402687,20865507
1727723843,0,21947651887,20865509
1727723867,0,20074774495,20865511
1727723903,0,23520382972,20865514
1727723915,0,21329208590,20865515
1727723915,0,22675989993,20865515
1727723927,0,22567675183,20865516
1727723927,0,57139070721,20865516
1727723927,0,20534481619,20865516
1727723939,0,19407802964,20865517
1727723987,0,15787002149,20865521
1727724011,0,17366649491,20865523
1727724131,0,19906988258,20865533
1727724143,0,18412253991,20865534
1727724155,0,17071571433,20865535
1727724155,0,19744557529,20865535
1727724167,0,30023160278,20865536
1727724167,0,15024160278,20865536
1727724203,0,14794815013,20865539
1727724215,0,16931324894,20865540
1727724227,0,17285106544,20865541
1727724251,0,15569602903,20865543
1727724275,0,17284507819,20865545
1727724287,0,17234865437,20865546
1727724311,0,15316688167,20865548
1727724311,0,20215688167,20865548
1727724323,0,17097000000,20865549
1727724335,0,18380000000,20865550
1727724359,0,18810210779,20865552
1727724479,0,16588894227,20865562
1727724515,0,19007858718,20865565
1727724515,0,22248134112,20865565
1727724539,0,17030733883,20865567
1727724551,0,16034679653,20865568
1727724563,0,19776076410,20865569
1727724563,0,16776076410,20865569
1727724587,0,40341386968,20865571
1727724599,0,14609655506,20865572
1727724611,0,27540020539,20865573
1727724611,0,14375738684,20865573
1727724611,0,14404698684,20865573
1727724623,0,18980378690,20865574
1727724623,0,15395960848,20865574
1727724647,0,14687025699,20865576
1727724659,0,14991786056,20865577
1727724671,0,15244912244,20865578
1727724683,0,18979928579,20865579
1727724683,0,15252091319,20865579
1727724743,0,17224709364,20865584
1727724755,0,16256106753,20865585
1727724827,0,15567315046,20865591
1727724851,0,15724479371,20865593
1727724863,0,17191032035,20865594
1727724863,0,66724049349,20865594
1727724887,0,20619779514,20865596
1727724935,0,17837211460,20865600
1727724959,0,18136635343,20865602
1727724959,0,21000000000,20865602
1727724959,0,32990079779,20865602
1727724959,0,18899194938,20865602
1727724959,0,16136635343,20865602
1727725055,0,78292452309,20865610
1727725067,0,711883848183,20865611
1727725079,0,87965690527,20865612
1727725091,0,16202869638,20865613
1727725103,0,16661932188,20865614
1727725127,0,17782480995,20865616
1727725151,0,22127927194,20865618
1727725151,0,17227927194,20865618
1727725151,0,19109727194,20865618
1727725163,0,38828440425,20865619
1727725175,0,19100000000,20865620
1727725175,0,72378722823,20865620
1727725223,0,19215569470,20865624
1727725235,0,21795693014,20865625
1727725259,0,22097517892,20865626
1727725307,0,50010716607,20865630
1727725331,0,19838109193,20865632
1727725331,0,20007367172,20865632
1727725331,0,17989471963,20865632
1727725343,0,20382030823,20865633
1727725367,0,21471111343,20865635
1727725367,0,19519632044,20865635
1727725391,0,20781531219,20865637
1727725391,0,20186877219,20865637
1727725391,0,20186877219,20865637
1727725415,0,20607183987,20865639
1727725427,0,20156769650,20865640
1727725427,0,20197877554,20865640
1727725439,0,20985206661,20865641
1727725499,0,16727748693,20865646
1727725499,0,19218792207,20865646
1727725499,0,18470926806,20865646
1727725511,0,19730110970,20865647
1727725511,0,19721439154,20865647
1727725547,0,45743397792,20865650
1727725547,0,22142364458,20865650
1727725571,0,15746160175,20865652
1727725607,0,22130702992,20865655
1727725619,0,22631446032,20865656
1727725619,0,19347373810,20865656
1727725619,0,19505573810,20865656
1727725643,0,17478578367,20865658
1727725643,0,19280378367,20865658
1727725667,0,43089817762,20865660
1727725667,0,18865376347,20865660
1727725691,0,43149467779,20865662
1727725823,0,19829078646,20865673
1727725823,0,20020038587,20865673
1727725823,0,18714424646,20865673
1727725859,0,82834273096,20865676
1727725871,0,18758726552,20865677
1727725955,0,21478656386,20865684
1727725967,0,39246751024,20865685
1727725991,0,18927922262,20865687
1727726003,0,18710977779,20865688
1727726003,0,23277847279,20865688
1727726027,0,20638452684,20865690
1727726039,0,21663512303,20865691
1727726051,0,18668862003,20865692
1727726063,0,20669414453,20865693
1727726087,0,18811502415,20865695
1727726111,0,20012303273,20865697
1727726111,0,21716863692,20865697
1727726243,0,18414847679,20865708
1727726255,0,19833655442,20865709
1727726327,0,61853334198,20865715
1727726327,0,19196900167,20865715
1727726339,0,18866873513,20865716
1727726351,0,34729424446,20865717
1727726363,0,24628683411,20865718
1727726387,0,19483799240,20865720
1727726387,0,18496290747,20865720
1727726387,0,212945689707,20865720
1727726459,0,19957463091,20865726
1727726531,0,20413520048,20865732
1727726531,0,21213520045,20865732
1727726543,0,35701075758,20865733
1727726555,0,19578680393,20865734
1727726567,0,21129338941,20865735
1727726567,0,21084157700,20865735
1727726675,0,24755910480,20865744
1727726675,0,19982480546,20865744
1727726687,0,22244351892,20865745
1727726759,0,21740870393,20865751
1727726759,0,23212501998,20865751
1727726783,0,22095437814,20865753
1727726807,0,21669441915,20865755
1727726831,0,39013139370,20865757
1727726831,0,23810640692,20865757
1727726843,0,38077244378,20865758
1727726843,0,21472361201,20865758
1727726855,0,18697145569,20865759
1727726903,0,22621161185,20865763
1727726915,0,22600330681,20865764
1727726951,0,122180373888,20865767
1727726963,0,106837047183,20865768
1727727047,0,22701764128,20865775
1727727059,0,20878207320,20865776
1727727083,0,22382145371,20865778
1727727083,0,102759737756,20865778
1727727095,0,21413936932,20865779
1727727131,0,21702346713,20865782
1727727155,0,21263131265,20865784
1727727167,0,21264671640,20865785
1727727167,0,21264671640,20865785
1727727191,0,21197547667,20865787
1727727203,0,20966203119,20865788
1727727263,0,20468716806,20865793
1727727287,0,18432363454,20865795
1727727347,0,22916704317,20865800
1727727359,0,18584703224,20865801
1727727359,0,18584703224,20865801
1727727359,0,18470049224,20865801
1727727371,0,18795702426,20865802
1727727371,0,74169788738,20865802
1727727479,0,16033669621,20865811
1727727479,0,21090789131,20865811
1727727479,0,18013669621,20865811
1727727479,0,19214850488,20865811
1727727479,0,17915469621,20865811
1727727491,0,19438155157,20865812
1727727575,0,16638995094,20865819
1727727587,0,17066259664,20865820
1727727623,0,16910568305,20865822
1727727659,0,17227087344,20865825
1727727683,0,17171667685,20865827
1727727683,0,51671683524,20865827
1727727683,0,15469082065,20865827
1727727695,0,45857662202,20865828
1727727743,0,18841062775,20865832
1727727743,0,18273506881,20865832
1727727755,0,16720847141,20865833
1727727767,0,16606125314,20865834
1727727779,0,19963659797,20865835
1727727779,0,101874327715,20865835
1727727815,0,18423454468,20865838
1727727827,0,19240062500,20865839
1727727827,0,31334700818,20865839
1727727839,0,19827575565,20865840
1727727839,0,19644020273,20865840
1727727839,0,19206739757,20865840
1727727863,0,19096562795,20865842
1727727887,0,19698228327,20865844
1727727911,0,17925550175,20865846
1727727935,0,20977603901,20865848
1727727935,0,32112990038,20865848
1727727995,0,17989803665,20865853
1727727995,0,18078166620,20865853
1727728043,0,31416771178,20865857
1727728079,0,22571516958,20865860
1727728139,0,44502422935,20865864
1727728139,0,20927735932,20865864
1727728151,0,17489171018,20865865
1727728163,0,44174920906,20865866
1727728175,0,23500000000,20865867
1727728187,0,20751873923,20865868
1727728211,0,20215553855,20865870
1727728259,0,17685154632,20865874
1727728271,0,18834719822,20865875
1727728283,0,19081290562,20865876
1727728283,0,20551216789,20865876
1727728295,0,17179437096,20865877
1727728307,0,17844489425,20865878
1727728307,0,16845489425,20865878
1727728331,0,19034385540,20865880
1727728343,0,45230466625,20865881
1727728355,0,129781429073,20865882
1727728391,0,17242645681,20865885
1727728391,0,17472060061,20865885
1727728403,0,25886297674,20865886
1727728403,0,17851075288,20865886
1727728427,0,17326690844,20865888
1727728475,0,16146082124,20865892
1727728511,0,17615789796,20865895
1727728535,0,16587491838,20865897
1727728547,0,16927613289,20865898
1727728571,0,39634559702,20865900
1727728631,0,15561607558,20865905
1727728739,0,17064754476,20865914
1727728835,0,13788324742,20865922
1727728919,0,13944275654,20865929
1727728931,0,14152465913,20865930
1727728979,0,13725771779,20865934
1727728991,0,13582437663,20865935
1727728991,0,32979362762,20865935
1727729003,0,13582826388,20865936
1727729015,0,12011101236,20865937
1727729051,0,12662822309,20865940
1727729063,0,15353307589,20865941
1727729075,0,13588216471,20865942
1727729183,0,12428887468,20865951
1727729231,0,13775695167,20865955
1727729267,0,14646866076,20865958
1727729267,0,13562605670,20865958
1727729327,0,14705569320,20865963
1727729375,0,14146001543,20865967
1727729399,0,11225398550,20865969
1727729423,0,14869647304,20865971
1727729495,0,12984716035,20865977
1727729543,0,30338460203,20865981
1727729555,0,11774094467,20865982
1727729579,0,15014537840,20865984
1727729627,0,15580718137,20865988
1727729663,0,26578251668,20865991
1727729675,0,16462151429,20865992
1727729675,0,15922151429,20865992
1727729723,0,14833529914,20865996
1727729723,0,14833529914,20865996
1727729723,0,19343108149,20865996
1727729723,0,14833529914,20865996
1727729735,0,58263659446,20865997
1727729747,0,16870227813,20865998
1727729747,0,16446143759,20865998
1727729759,0,15681279250,20865999
1727729759,0,17180279250,20865999
1727729771,0,20000000000,20866000
1727729783,0,126410267094,20866001
1727729795,0,17600000000,20866002
1727730011,0,21571056678,20866020
1727730035,0,21203550744,20866022
1727730035,0,22378204744,20866022
1727730059,0,25387776655,20866024
1727730107,0,34330413477,20866028
1727730131,0,23497189049,20866030
1727730131,0,23542755062,20866030
1727730143,0,23457989126,20866031
1727730167,0,33715040199,20866033
1727730203,0,20148846994,20866036
1727730203,0,21927626981,20866036
1727730227,0,20138056259,20866038
1727730227,0,27683056259,20866038
1727730239,0,19140891963,20866039
1727730251,0,20699759737,20866040
1727730323,0,18792786394,20866046
1727730335,0,18735649499,20866047
1727730347,0,19896929825,20866048
1727730359,0,21094779989,20866049
1727730383,0,19252907274,20866051
1727730395,0,19367282543,20866052
1727730443,0,20344182778,20866056
1727730527,0,17586567667,20866063
1727730587,0,18419045219,20866068
1727730587,0,16558417508,20866068
1727730611,0,15433156609,20866070
1727730635,0,14434340650,20866072
1727730635,0,14329870570,20866072
1727730659,0,14172861268,20866074
1727730671,0,13618291755,20866075
1727730671,0,13618291755,20866075
1727730683,0,14026248709,20866076
1727730695,0,17000000000,20866077
1727730695,0,14055815838,20866077
1727730695,0,15005815838,20866077
1727730719,0,18902472682,20866079
1727730731,0,15136266199,20866080
1727730731,0,13478628030,20866080
1727730767,0,15020764644,20866083
1727730791,0,12011134542,20866085
1727730815,0,12793762981,20866087
1727730827,0,12702398955,20866088
1727730827,0,14397184959,20866088
1727730839,0,14369334384,20866089
1727730875,0,11836359961,20866092
1727730887,0,15259875011,20866093
1727730911,0,14276035568,20866095
1727730923,0,12552513282,20866096
1727730947,0,13326187748,20866098
1727730947,0,15397674809,20866098
1727730959,0,13657478493,20866099
1727730971,0,13639007012,20866100
1727731031,0,14900995317,20866105
1727731055,0,12624338998,20866107
1727731079,0,14221535053,20866109
1727731127,0,12946071611,20866113
1727731151,0,10912820954,20866115
1727731151,0,12851820954,20866115
1727731175,0,17676477854,20866117
1727731187,0,12949056100,20866118
1727731187,0,12949056100,20866118
1727731199,0,14883503249,20866119
1727731247,0,12646033180,20866123
1727731463,0,14051777093,20866141
1727731595,0,12132925059,20866152
1727731607,0,10552990836,20866153
1727731619,0,10424547990,20866154
1727731643,0,13114307767,20866156
1727731655,0,13300260379,20866157
1727731703,0,10474805298,20866161
1727731799,0,27231414859,20866169
1727731811,0,14565345761,20866170
1727731823,0,33050220885,20866171
1727731835,0,12300000000,20866172
1727731859,0,14378485637,20866174
1727731859,0,15131457056,20866174
1727731883,0,13800000000,20866176
1727731931,0,15159066445,20866180
1727731943,0,15375547268,20866181
1727732003,0,13101381567,20866186
1727732015,0,12713488670,20866187
1727732027,0,12577230469,20866188
1727732039,0,11912111197,20866189
1727732039,0,10142525577,20866189
1727732087,0,11755104269,20866193
1727732195,0,83856621674,20866202
1727732207,0,11180138501,20866203
1727732207,0,12271664845,20866203
1727732219,0,12748309829,20866204
1727732243,0,11732012346,20866206
1727732243,0,11960246954,20866206
1727732255,0,11831666904,20866207
1727732267,0,10877366756,20866208
1727732363,0,11949168149,20866216
1727732363,0,12516654866,20866216
1727732375,0,11794966479,20866217
1727732423,0,11316576375,20866221
1727732435,0,11476773284,20866222
1727732435,0,15803462624,20866222
1727732447,0,11319765428,20866223
1727732531,0,13077118591,20866230
1727732567,0,10093829312,20866233
1727732603,0,849238521781,20866236
1727732615,0,11911199177,20866237
1727732615,0,101471714336,20866237
1727732627,0,12026738879,20866238
1727732759,0,49275981124,20866249
1727732783,0,27322597851,20866251
1727732807,0,19776339145,20866253
1727732819,0,26784570792,20866254
1727732831,0,11144465380,20866255
1727732831,0,10169402567,20866255
1727732855,0,11713785417,20866257
1727732891,0,12581801409,20866260
1727732987,0,13043875620,20866268
1727733047,0,11090357518,20866273
1727733047,0,11085556100,20866273
1727733059,0,11543587029,20866274
1727733071,0,10892728743,20866275
1727733083,0,11599838432,20866276
1727733107,0,10754178785,20866278
1727733119,0,9344625121,20866279
1727733131,0,11308850263,20866280
1727733191,0,11174402750,20866285
1727733191,0,11785543880,20866285
1727733191,0,11785543880,20866285
1727733203,0,13451145869,20866286
1727733215,0,9309721429,20866287
1727733251,0,114412563592,20866290
1727733299,0,14411995637,20866294
1727733311,0,8890119886,20866295
1727733311,0,10413782970,20866295
1727733323,0,13313137394,20866296
1727733371,0,10876969775,20866300
1727733371,0,10876969775,20866300
1727733395,0,10679607964,20866302
1727733395,0,10679607964,20866302
1727733431,0,16185486115,20866305
1727733431,0,8295574942,20866305
1727733443,0,8771383441,20866306
1727733515,0,10402013552,20866312
1727733527,0,14222445051,20866313
1727733599,0,19314553870,20866319
1727733623,0,12000000000,20866321
1727733647,0,11482235755,20866323
1727733695,0,13458426349,20866327
1727733755,0,23321346001,20866332
1727733767,0,11860000000,20866333
1727733779,0,36083670150,20866334
1727733791,0,28423307762,20866335
1727733803,0,13900000000,20866336
1727733827,0,14476329328,20866338
1727733839,0,28140674918,20866339
1727733851,0,76955548826,20866340
1727733875,0,96239210460,20866342
1727733971,0,9667094277,20866350
1727733983,0,12289685168,20866351
1727733983,0,9938455091,20866351
1727734019,0,13865697531,20866354
1727734031,0,18898097216,20866355
1727734031,0,10281973026,20866355
1727734055,0,9752769872,20866357
1727734079,0,10905125842,20866359
1727734091,0,24460269459,20866360
1727734091,0,11545500514,20866360
1727734103,0,9880127135,20866361
1727734103,0,31954593557,20866361
1727734139,0,11525305276,20866364
1727734139,0,11344957616,20866364
1727734163,0,9787912287,20866366
1727734223,0,9808035589,20866371
1727734235,0,13314901230,20866372
1727734247,0,8958895931,20866373
1727734247,0,10000000000,20866373
1727734331,0,10207845033,20866380
1727734331,0,8472786107,20866380
1727734355,0,8776386248,20866382
1727734355,0,10376363406,20866382
1727734391,0,10236036244,20866385
1727734427,0,10325276430,20866388
1727734439,0,19803466748,20866389
1727734475,0,9232590155,20866392
1727734499,0,10525610576,20866394
1727734523,0,46882783262,20866396
1727734535,0,23082869986,20866397
1727734559,0,8576020187,20866399
1727734559,0,50585771575,20866399
1727734583,0,215446185689,20866401
1727734583,0,10268205218,20866401
1727734583,0,9583751111,20866401
1727734667,0,11578397683,20866408
1727734691,0,9970471091,20866410
1727734691,0,10944382610,20866410
1727734691,0,8578382610,20866410
1727734751,0,27807765971,20866415
1727734775,0,12995714329,20866417
1727734775,0,10486527197,20866417
1727734823,0,10191869603,20866421
1727734847,0,12065127797,20866423
1727734871,0,71234276973,20866425
1727734883,0,11251018584,20866426
1727734931,0,117262171976,20866430
1727734931,0,8750600359,20866430
1727734955,0,80985771940,20866432
1727734967,0,10965846648,20866433
1727734967,0,8107513692,20866433
1727734991,0,9112324717,20866435
1727735015,0,8688507939,20866437
1727735075,0,8198719616,20866442
1727735075,0,9197719616,20866442
1727735099,0,10104479118,20866444
1727735099,0,10104479118,20866444
1727735099,0,9279133118,20866444
1727735111,0,11120440604,20866445
1727735111,0,9990311529,20866445
1727735123,0,9211446264,20866446
1727735123,0,10057153545,20866446
1727735135,0,9104123181,20866447
1727735147,0,55054923443,20866448
1727735159,0,9651986742,20866449
1727735171,0,96356777048,20866450
1727735183,0,14653230383,20866451
1727735195,0,9105330878,20866452
1727735207,0,10844191965,20866453
1727735219,0,9621001312,20866454
1727735279,0,8717531815,20866459
1727735291,0,8763709441,20866460
1727735303,0,10708520110,20866461
1727735339,0,9296490802,20866464
1727735339,0,7630546793,20866464
1727735339,0,9246512481,20866464
1727735375,0,9125977031,20866467
1727735375,0,23017715307,20866467
1727735411,0,8955952837,20866470
1727735435,0,7930678248,20866472
1727735495,0,8665898497,20866477
1727735507,0,10162003445,20866478
1727735531,0,10434545742,20866480
1727735543,0,10171990765,20866481
1727735627,0,10465511925,20866488
1727735639,0,8662329221,20866489
1727735651,0,10219509578,20866490
1727735663,0,19526938696,20866491
1727735663,0,10460970034,20866491
1727735675,0,11000000000,20866492
1727735675,0,8030387688,20866492
1727735711,0,24316380471,20866495
1727735735,0,9867796946,20866497
1727735867,0,9762946814,20866508
1727735891,0,9514427490,20866510
1727735903,0,41059763502,20866511
1727735903,0,11680627847,20866511
1727735939,0,8291867326,20866514
1727735939,0,46289869516,20866514
1727735951,0,10622459370,20866515
1727735987,0,10164855602,20866518
1727735987,0,10501285406,20866518
1727735987,0,11226752938,20866518
1727736071,0,8573596821,20866525
1727736083,0,9072708346,20866526
1727736131,0,8616426401,20866530
1727736143,0,8647058577,20866531
1727736203,0,8526908885,20866536
1727736203,0,8526908885,20866536
1727736203,0,8526908885,20866536
1727736227,0,8092783739,20866538
1727736239,0,8011174295,20866539
1727736251,0,8324882095,20866540
1727736263,0,10239261409,20866541
1727736287,0,10908909472,20866543
1727736335,0,8885476442,20866547
1727736371,0,8183007464,20866550
1727736371,0,57013028891,20866550
1727736443,0,23485616708,20866556
1727736467,0,7954402452,20866558
1727736491,0,8701528606,20866560
1727736491,0,10004496642,20866560
1727736539,0,6956365328,20866564
1727736575,0,13279867771,20866567
1727736599,0,8689143415,20866569
1727736647,0,8481256601,20866573
1727736731,0,10183745795,20866580
1727736755,0,9615991252,20866582
1727736827,0,6978100808,20866588
1727736827,0,7177100808,20866588
1727736839,0,11208432676,20866589
1727736851,0,6917483547,20866590
1727736863,0,9852824576,20866591
1727736899,0,8919759256,20866594
1727736947,0,8741774937,20866598
1727736971,0,9662417813,20866600
1727736983,0,14110649427,20866601
1727736983,0,8803613222,20866601
1727737043,0,29633693605,20866606
1727737055,0,12646125295,20866607
1727737079,0,9616357080,20866609
1727737115,0,9264827272,20866612
1727737127,0,8176887510,20866613
1727737139,0,7982554648,20866614
1727737163,0,7845671409,20866616
1727737199,0,9856253588,20866619
1727737211,0,9600000000,20866620
1727737223,0,25994147789,20866621
1727737235,0,98851806969,20866622
1727737247,0,121632743318,20866623
1727737259,0,94167681675,20866624
1727737271,0,8388656119,20866625
1727737283,0,10352625118,20866626
1727737295,0,202268994430,20866627
1727737307,0,42042968896,20866628
1727737307,0,10008303147,20866628
1727737331,0,8892437179,20866630
1727737355,0,12500000000,20866632
1727737367,0,115833972985,20866633
1727737403,0,10223951695,20866636
1727737403,0,9224951694,20866636
1727737415,0,10753285688,20866637
1727737427,0,85973195469,20866638
1727737439,0,10086080312,20866639
1727737451,0,89338394395,20866640
1727737451,0,10752985996,20866640
1727737463,0,68284433635,20866641
1727737475,0,13027155028,20866642
1727737571,0,8856483778,20866650
1727737595,0,23746803673,20866652
1727737607,0,12265749774,20866653
1727737619,0,34698374456,20866654
1727737631,0,35987008515,20866655
1727737631,0,10401621191,20866655
1727737667,0,8444882645,20866658
1727737691,0,10899690865,20866660
1727737691,0,8699779145,20866660
1727737691,0,252764927781,20866660
1727737703,0,186678864737,20866661
1727737739,0,10422940273,20866664
1727737739,0,47403423192,20866664
1727737751,0,10035184435,20866665
1727737763,0,9734099912,20866666
1727737775,0,10815869920,20866667
1727737871,0,22116110914,20866675
1727737883,0,9994494494,20866676
1727737907,0,7926142125,20866678
1727737991,0,7078417161,20866685
1727738027,0,8158003874,20866688
1727738051,0,6844399677,20866690
1727738063,0,7321507793,20866691
1727738123,0,16173015421,20866696
1727738135,0,6740294757,20866697
1727738135,0,8161075863,20866697
1727738147,0,9340811123,20866698
1727738147,0,10006176680,20866698
1727738147,0,8300964768,20866698
1727738171,0,35578566497,20866700
1727738195,0,6305962272,20866702
1727738195,0,7608667182,20866702
1727738195,0,7503590641,20866702
1727738231,0,15564436243,20866705
1727738231,0,8052053670,20866705
1727738243,0,30296068617,20866706
1727738279,0,7940736961,20866709
1727738291,0,7400000000,20866710
1727738339,0,7514088527,20866714
1727738351,0,6221276131,20866715
1727738399,0,7630545929,20866719
1727738423,0,5908292638,20866721
1727738447,0,7944977640,20866723
1727738471,0,24645448226,20866725
1727738483,0,6826643204,20866726
1727738495,0,31006028505,20866727
1727738519,0,80086385523,20866729
1727738519,0,6188877011,20866729
1727738531,0,7702547284,20866730
1727738555,0,20208522521,20866732
1727738579,0,96660605919,20866734
1727738603,0,89817192860,20866736
1727738615,0,5972261005,20866737
1727738627,0,13618563993,20866738
1727738651,0,6000000000,20866740
1727738663,0,6443981384,20866741
1727738663,0,5711499129,20866741
1727738711,0,7100000000,20866745
1727738711,0,41370342344,20866745
1727738723,0,13284445892,20866746
1727738723,0,7511194692,20866746
1727738747,0,8076177766,20866748
1727738771,0,8578824295,20866750
1727738795,0,7312138747,20866752
1727738819,0,14372836476,20866754
1727738819,0,6423468225,20866754
1727738855,0,6280231587,20866757
1727738903,0,8884734272,20866761
1727738915,0,7909852191,20866762
1727738927,0,6760121854,20866763
1727738927,0,6400951739,20866763
1727738927,0,5837507851,20866763
1727738951,0,5387684829,20866765
1727738963,0,6724548264,20866766
1727739023,0,6252121793,20866771
1727739035,0,22147873523,20866772
1727739071,0,5945384965,20866775
1727739083,0,5497883368,20866776
1727739095,0,14957539261,20866777
1727739119,0,5654573249,20866778
1727739119,0,5455573249,20866778
1727739119,0,6395473249,20866778
1727739119,0,6395473249,20866778
1727739131,0,6680460445,20866779
1727739131,0,15318054475,20866779
1727739143,0,6705392106,20866780
1727739143,0,23134036167,20866780
1727739167,0,16613719204,20866782
1727739167,0,7867395004,20866782
1727739179,0,6820132562,20866783
1727739191,0,5457873297,20866784
1727739191,0,37127185452,20866784
1727739191,0,5458873297,20866784
1727739239,0,6307423513,20866788
1727739263,0,6355390226,20866790
1727739311,0,7368234860,20866794
1727739323,0,6447536147,20866795
1727739323,0,7400000000,20866795
1727739323,0,13754733333,20866795
1727739335,0,83413271051,20866796
1727739359,0,7820721692,20866798
1727739359,0,104618327004,20866798
1727739371,0,130136099145,20866799
1727739395,0,6669296528,20866801
1727739419,0,7035822447,20866803
1727739419,0,6816848684,20866803
1727739467,0,6309981724,20866807
1727739491,0,8909895336,20866809
1727739491,0,7354252671,20866809
1727739503,0,8089932631,20866810
1727739515,0,8426581122,20866811
1727739527,0,7707384008,20866812
1727739527,0,7736484008,20866812
1727739527,0,67537370984,20866812
1727739539,0,28181033990,20866813
1727739575,0,6957386548,20866816
1727739575,0,154477506140,20866816
1727739575,0,8956386548,20866816
1727739599,0,7150872791,20866818
1727739611,0,9634355468,20866819
1727739671,0,7317987475,20866824
1727739707,0,7102068912,20866827
1727739719,0,6921037709,20866828
1727739731,0,9714368398,20866829
1727739731,0,9637209689,20866829
1727739743,0,8219222214,20866830
1727739743,0,8725938876,20866830
1727739779,0,9092141895,20866833
1727739779,0,29429080933,20866833
1727739791,0,155560737606,20866834
1727739815,0,10121627924,20866836
1727739827,0,8205064205,20866837
1727739839,0,46180655696,20866838
1727739851,0,8224266452,20866839
1727739875,0,13526890630,20866841
1727739887,0,7834225072,20866842
1727739899,0,8481523341,20866843
1727739899,0,10247954707,20866843
1727739899,0,11190818534,20866843
1727739911,0,9980620908,20866844
1727739911,0,28099373192,20866844
1727739923,0,9311957221,20866845
1727739923,0,9311957221,20866845
1727739935,0,8663068762,20866846
1727739947,0,317852411421,20866847
1727739959,0,9776496904,20866848
1727739959,0,12123133455,20866848
1727739971,0,8507020362,20866849
1727739995,0,11504177184,20866851
1727740007,0,70883414854,20866852
1727740019,0,96243773535,20866853
1727740019,0,8167063587,20866853
1727740019,0,10508403584,20866853
1727740079,0,9172574880,20866858
1727740127,0,7808651521,20866862
1727740151,0,8040408890,20866864
1727740199,0,9206774191,20866868
1727740223,0,8038784489,20866870
1727740235,0,9086005703,20866871
1727740259,0,8664858646,20866873
1727740271,0,8940737293,20866874
1727740271,0,9209920417,20866874
1727740295,0,9259651305,20866876
1727740319,0,104637228780,20866878
1727740379,0,8930787362,20866883
1727740379,0,8930787362,20866883
1727740427,0,10615249275,20866887
1727740463,0,45271902897,20866890
1727740475,0,14189577792,20866891
1727740487,0,34990751657,20866892
1727740547,0,7679052725,20866897
1727740559,0,8932370102,20866898
1727740583,0,8858330008,20866900
1727740583,0,11199026850,20866900
1727740595,0,142173631984,20866901
1727740607,0,8800000000,20866902
1727740667,0,8805084628,20866907
1727740727,0,8587370354,20866912
1727740739,0,7107790049,20866913
1727740787,0,8611415692,20866917
1727740823,0,138853410108,20866920
1727740847,0,27961764651,20866922
1727740859,0,47510594090,20866923
1727740859,0,9273256321,20866923
1727740871,0,8976737896,20866924
1727740871,0,179825344853,20866924
1727740883,0,7842626189,20866925
1727740919,0,162143279933,20866928
1727740931,0,10247523757,20866929
1727740931,0,31677666513,20866929
1727740931,0,10451584357,20866929
1727740943,0,13359210739,20866930
1727740943,0,10069752620,20866930
1727740955,0,37215647765,20866931
1727740955,0,8804144006,20866931
1727740955,0,8850044659,20866931
1727740967,0,27981675410,20866932
1727740991,0,9311473649,20866934
1727741003,0,7433184267,20866935
1727741051,0,78382001589,20866939
1727741063,0,8882919621,20866940
1727741087,0,10878902200,20866942
1727741087,0,9304541275,20866942
1727741099,0,8547650760,20866943
1727741111,0,7462647114,20866944
1727741123,0,8770191881,20866945
1727741183,0,17137894561,20866949
1727741183,0,8708479679,20866949
1727741183,0,8625953608,20866949
1727741207,0,33913575764,20866951
1727741231,0,8328384634,20866953
1727741243,0,11167876638,20866954
1727741243,0,9667876638,20866954
1727741243,0,8167876638,20866954
1727741255,0,12536886683,20866955
1727741267,0,9066675582,20866956
1727741267,0,9737307891,20866956
1727741291,0,9408592773,20866958
1727741339,0,8081939263,20866962
1727741351,0,64904406550,20866963
1727741375,0,9576604873,20866965
1727741375,0,19941441934,20866965
1727741411,0,7298811236,20866968
1727741435,0,7740291024,20866970
1727741483,0,8642189837,20866974
1727741495,0,57468436549,20866975
1727741519,0,10176665300,20866977
1727741519,0,8217665300,20866977
1727741555,0,8823746478,20866980
1727741567,0,8551954007,20866981
1727741567,0,9059439311,20866981
1727741603,0,13094447605,20866984
1727741615,0,7361254879,20866985
1727741627,0,14547287357,20866986
1727741651,0,9113511849,20866988
1727741651,0,7679511849,20866988
1727741651,0,40145832891,20866988
1727741687,0,7483484012,20866991
1727741699,0,9606569261,20866992
1727741699,0,7629440919,20866992
1727741711,0,7362823044,20866993
1727741711,0,9175340467,20866993
1727741711,0,8861823044,20866993
1727741735,0,8873861293,20866995
1727741747,0,28047205263,20866996
1727741759,0,7351568760,20866997
1727741759,0,7352568760,20866997
1727741771,0,36601364352,20866998
1727741795,0,27624914888,20867000
1727741807,0,7785239260,20867001
1727741819,0,26593691026,20867002
1727741843,0,8296140897,20867004
1727741843,0,99237709342,20867004
1727741855,0,8941013599,20867005
1727741855,0,9270739326,20867005
1727741915,0,8315530545,20867010
1727741915,0,19622016976,20867010
1727741927,0,7777107831,20867011
1727741951,0,6689906252,20867013
1727741963,0,6621527438,20867014
1727742107,0,5843868761,20867026
1727742107,0,101876507342,20867026
1727742107,0,6843868761,20867026
1727742119,0,46675845887,20867027
1727742131,0,54503559869,20867028
1727742167,0,41887720332,20867031
1727742191,0,12208238829,20867033
1727742203,0,6093229428,20867034
1727742215,0,8011739251,20867035
1727742215,0,7869442427,20867035
1727742215,0,76054707309,20867035
1727742227,0,14608988367,20867036
1727742239,0,27196861403,20867037
1727742275,0,38493097091,20867040
1727742287,0,32738066800,20867041
1727742299,0,32782097587,20867042
1727742299,0,7041084054,20867042
1727742335,0,245757932019,20867045
1727742347,0,466866955578,20867046
1727742359,0,6885486024,20867047
1727742359,0,34157966723,20867047
1727742383,0,5975378940,20867049
1727742395,0,14030836101,20867050
1727742443,0,27350576766,20867054
1727742455,0,5842053536,20867055
1727742479,0,5378497264,20867057
1727742491,0,5737282492,20867058
1727742491,0,6706282492,20867058
1727742503,0,6943524858,20867059
1727742515,0,5671114366,20867060
1727742575,0,65608618348,20867065
1727742575,0,6926408053,20867065
1727742599,0,5635527898,20867067
1727742599,0,7565967898,20867067
1727742647,0,5914525189,20867071
1727742683,0,32159054672,20867074
1727742683,0,6542340088,20867074
1727742719,0,5987145455,20867077
1727742719,0,15691963788,20867077
1727742731,0,6084455683,20867078
1727742767,0,203124425991,20867081
1727742803,0,6806631299,20867084
1727742803,0,12533417670,20867084
1727742851,0,6187725758,20867088
1727742851,0,5302432948,20867088
1727742887,0,6158654860,20867091
1727742899,0,6135487548,20867092
1727742923,0,6019178201,20867094
1727742947,0,12053984566,20867096
1727742947,0,6446117917,20867096
1727742959,0,10513210980,20867097
1727742959,0,5541567897,20867097
1727742971,0,5333090311,20867098
1727743007,0,39081041768,20867101
1727743019,0,5451026359,20867102
1727743043,0,11389497472,20867104
1727743055,0,10551072361,20867105
1727743055,0,6608795794,20867105
1727743067,0,5464313657,20867106
1727743079,0,7115216918,20867107
1727743079,0,6075365431,20867107
1727743103,0,5528630810,20867109
1727743139,0,7224429061,20867112
1727743163,0,6242909991,20867114
1727743235,0,7431958909,20867120
1727743235,0,7431958909,20867120
1727743235,0,5432958909,20867120
1727743271,0,7487152667,20867123
1727743307,0,6326270130,20867126
1727743307,0,7717225197,20867126
1727743319,0,6506863472,20867127
1727743319,0,5575632573,20867127
1727743343,0,6704150809,20867129
1727743415,0,6205252119,20867135
1727743451,0,5154812731,20867138
1727743475,0,7526437841,20867140
1727743475,0,6439110841,20867140
1727743511,0,5534927311,20867143
1727743511,0,5534927311,20867143
1727743547,0,6102257360,20867146
1727743547,0,5580410313,20867146
1727743631,0,5929230769,20867153
1727743631,0,16851616527,20867153
1727743631,0,6094205131,20867153
1727743643,0,12517292306,20867154
1727743655,0,5545494976,20867155
1727743691,0,7365061092,20867158
1727743727,0,6132024322,20867161
1727743739,0,5377556452,20867162
1727743739,0,6435599652,20867162
1727743823,0,5889623372,20867169
1727743847,0,218313022139,20867171
1727743859,0,349967746600,20867172
1727743883,0,6637736843,20867174
1727743883,0,6037736843,20867174
1727743895,0,7042775082,20867175
1727743895,0,75501381357,20867175
1727743943,0,7036866597,20867179
1727743979,0,5588089107,20867182
1727743991,0,5586625476,20867183
1727744015,0,5513791275,20867185
1727744027,0,6416028605,20867186
1727744027,0,6356928604,20867186
1727744063,0,5160329349,20867189
1727744087,0,5527002598,20867191
1727744087,0,251019092777,20867191
1727744099,0,6517067281,20867192
1727744099,0,6517067281,20867192
1727744123,0,6090717162,20867194
1727744171,0,5912158728,20867198
1727744183,0,6163170226,20867199
1727744183,0,24020589496,20867199
1727744195,0,14551800995,20867200
1727744219,0,5416990729,20867202
1727744267,0,6509389080,20867206
1727744291,0,6622594055,20867208
1727744315,0,11937948717,20867210
1727744411,0,12718171980,20867218
1727744483,0,6156352723,20867224
1727744507,0,5424723550,20867226
1727744507,0,57155671999,20867226
1727744531,0,5362329609,20867228
1727744531,0,10509449975,20867228
1727744555,0,5863929091,20867230
1727744555,0,5863929091,20867230
1727744591,0,35051344445,20867233
1727744603,0,5608130418,20867234
1727744627,0,6805694980,20867236
1727744627,0,5834723454,20867236
1727744627,0,5805694980,20867236
1727744639,0,7635148723,20867237
1727744651,0,5564094100,20867238
1727744663,0,6388973049,20867239
1727744663,0,6888973049,20867239
1727744663,0,5604199867,20867239
1727744663,0,6358973049,20867239
1727744663,0,85594710682,20867239
1727744675,0,84353987409,20867240
1727744699,0,6156387839,20867242
1727744735,0,5208739633,20867245
1727744783,0,51386943432,20867249
1727744795,0,5309820278,20867250
1727744843,0,19068201275,20867254
1727744855,0,6120081290,20867255
1727744879,0,5490821188,20867257
1727744891,0,5451049875,20867258
1727744891,0,5951049875,20867258
1727744915,0,4976058838,20867260
1727744939,0,6095786378,20867262
1727744939,0,7183113378,20867262
1727744963,0,5994484650,20867264
1727744975,0,5964048145,20867265
1727744975,0,23401636121,20867265
1727744987,0,6569215651,20867266
1727744999,0,5393172288,20867267
1727745035,0,4912994445,20867270
1727745035,0,6650878657,20867270
1727745131,0,15682207376,20867278
1727745131,0,5094566974,20867278
1727745155,0,5442724000,20867280
1727745155,0,814666289637,20867280
1727745155,0,4442724000,20867280
1727745155,0,4942724000,20867280
1727745155,0,4442724000,20867280
1727745155,0,4477481036,20867280
1727745155,0,4442724000,20867280
1727745179,0,19033604974,20867282
1727745203,0,6011873642,20867284
1727745239,0,5431580974,20867287
1727745263,0,6018999864,20867289
1727745263,0,17160350174,20867289
1727745287,0,6049067783,20867291
1727745299,0,17370544360,20867292
1727745323,0,16933906694,20867294
1727745347,0,7269476147,20867296
1727745359,0,5418890186,20867297
1727745371,0,5931089723,20867298
1727745395,0,7829223079,20867300
1727745407,0,6028288060,20867301
1727745467,0,5946549862,20867306
1727745467,0,6137750543,20867306
1727745479,0,75657660968,20867307
1727745491,0,5835215758,20867308
1727745515,0,6335673762,20867310
1727745551,0,6984830867,20867313
1727745551,0,6984830867,20867313
1727745563,0,5930444048,20867314
1727745587,0,5697990686,20867316
1727745599,0,7302444677,20867317
1727745599,0,5900000000,20867317
1727745623,0,7106438066,20867319
1727745635,0,5078601290,20867320
1727745659,0,5966677838,20867322
1727745671,0,5792995688,20867323
1727745779,0,5255288275,20867332
1727745791,0,7107126335,20867333
1727745803,0,9815638219,20867334
1727745803,0,4984293506,20867334
1727745875,0,8079636507,20867340
1727745911,0,5364621064,20867343
1727745923,0,5597085811,20867344
1727745947,0,5942062350,20867346
1727746043,0,14208448316,20867354
1727746079,0,5768704922,20867357
1727746079,0,5094112249,20867357
1727746079,0,5768704922,20867357
1727746103,0,6173074974,20867359
1727746103,0,22620845786,20867359
1727746115,0,5433177059,20867360
1727746127,0,5245905719,20867361
1727746151,0,5827532800,20867363
1727746151,0,5133758583,20867363
1727746163,0,5615647074,20867364
1727746163,0,12130297066,20867364
1727746175,0,6210965284,20867365
1727746175,0,6000000000,20867365
1727746175,0,10607156068,20867365
1727746211,0,6585868141,20867368
1727746211,0,28468724420,20867368
1727746259,0,6535305730,20867372
1727746283,0,5476410387,20867374
1727746307,0,5179145554,20867376
1727746379,0,6201379732,20867382
1727746403,0,5397219461,20867384
1727746427,0,6750000000,20867386
1727746511,0,5999415353,20867393
1727746547,0,5808341884,20867396
1727746547,0,5474781463,20867396
1727746619,0,7313393257,20867402
1727746667,0,17994670474,20867406
1727746667,0,6217541904,20867406
1727746739,0,17156028480,20867412
1727746751,0,28950501949,20867413
1727746751,0,6311515468,20867413
1727746763,0,6227783155,20867414
1727746775,0,5277694252,20867415
1727746799,0,7046281110,20867417
1727746895,0,8178341154,20867425
1727746955,0,5957017928,20867430
1727747027,0,5291933771,20867436
1727747135,0,5202098650,20867445
1727747147,0,7700000000,20867446
1727747195,0,5066273646,20867450
1727747195,0,8335500774,20867450
1727747195,0,32084858771,20867450
1727747207,0,6604648629,20867451
1727747219,0,9097215060,20867452
1727747267,0,6391677105,20867456
1727747267,0,10612774942,20867456
1727747327,0,6293720936,20867461
1727747411,0,6801575536,20867468
1727747423,0,6818412849,20867469
1727747423,0,15918494097,20867469
1727747471,0,5590250628,20867473
1727747483,0,5295282515,20867474
1727747507,0,46697422844,20867476
1727747531,0,37304553349,20867478
1727747567,0,12184124220,20867481
1727747603,0,5206471902,20867484
1727747627,0,40106205632,20867486
1727747663,0,6896161700,20867489
1727747663,0,6396161701,20867489
1727747759,0,5418347147,20867497
1727747759,0,7238347147,20867497
1727747819,0,5846074165,20867502
1727747831,0,6239784500,20867503
1727747903,0,6637794590,20867509
1727747963,0,5536473659,20867514
1727748011,0,6059145597,20867518
1727748035,0,5297008480,20867520
1727748047,0,5453759915,20867521
1727748059,0,5421325900,20867522
1727748071,0,5041904999,20867523
1727748131,0,6095565849,20867528
1727748203,0,7090684496,20867534
1727748203,0,5091684496,20867534
1727748203,0,104284153755,20867534
1727748239,0,6726803414,20867537
1727748239,0,6988107958,20867537
1727748251,0,23301001593,20867538
1727748263,0,6229319286,20867539
1727748263,0,6229319286,20867539
1727748287,0,54643293277,20867541
1727748299,0,36148141909,20867542
1727748299,0,5748534937,20867542
1727748311,0,6175140461,20867543
1727748347,0,6246793592,20867546
1727748371,0,7694362911,20867548
1727748371,0,6453489458,20867548
1727748407,0,6695369177,20867551
1727748407,0,6695369177,20867551
1727748407,0,297463258109,20867551
1727748431,0,5847437536,20867553
1727748431,0,7847437536,20867553
1727748455,0,9391403555,20867555
1727748503,0,9253253436,20867558
1727748515,0,21461452979,20867559
1727748551,0,6692934372,20867562
1727748551,0,6752034372,20867562
1727748563,0,7117682373,20867563
1727748599,0,6630520258,20867566
1727748611,0,8232644748,20867567
1727748695,0,10161301262,20867574
1727748743,0,5315707133,20867578
1727748755,0,7191243129,20867579
1727748767,0,49187690663,20867580
1727748767,0,6106784577,20867580
1727748779,0,11823724149,20867581
1727748791,0,99991110079,20867582
1727748827,0,11524301660,20867585
1727748863,0,6167268570,20867588
1727748875,0,5280515658,20867589
1727748887,0,16796853163,20867590
1727748899,0,6426459593,20867591
1727748911,0,6284015740,20867592
1727748947,0,11358665543,20867595
1727748959,0,17522998625,20867596
1727748959,0,10237213794,20867596
1727748983,0,5998871451,20867598
1727748983,0,17140137426,20867598
1727748983,0,5973109430,20867598
1727748995,0,17408882143,20867599
1727749007,0,5383502722,20867600
1727749019,0,17189657280,20867601
1727749019,0,7224059545,20867601
1727749031,0,8716899741,20867602
1727749031,0,6277408804,20867602
1727749043,0,65080776038,20867603
1727749055,0,40501096908,20867604
1727749103,0,5278319476,20867608
1727749127,0,6298774831,20867610
1727749139,0,6086604953,20867611
1727749211,0,6198013381,20867617
1727749211,0,5629722045,20867617
1727749223,0,8924168350,20867618
1727749235,0,6221348424,20867619
1727749247,0,6606825684,20867620
1727749271,0,7822288966,20867622
1727749271,0,5892288966,20867622
1727749307,0,7280102908,20867625
1727749319,0,6376842666,20867626
1727749391,0,6295798092,20867632
1727749403,0,21292509371,20867633
1727749415,0,5519910185,20867634
1727749451,0,21506529247,20867637
1727749463,0,6535192846,20867638
1727749499,0,10343813545,20867641
1727749511,0,5383216239,20867642
1727749511,0,6269069856,20867642
1727749511,0,90957626173,20867642
1727749559,0,6525625378,20867646
1727749559,0,6525625378,20867646
1727749571,0,6541835444,20867647
1727749571,0,6541835444,20867647
1727749583,0,6723443717,20867648
1727749631,0,7247460494,20867652
1727749655,0,6737679908,20867654
1727749667,0,6332792840,20867655
1727749667,0,5475058815,20867655
1727749667,0,17302571877,20867655
1727749667,0,6332792840,20867655
1727749751,0,7514840795,20867661
1727749871,0,7833827787,20867671
1727749919,0,6398415123,20867675
1727749979,0,5161754621,20867680
1727750027,0,5831093750,20867684
1727750027,0,7600000000,20867684
1727750051,0,6611703045,20867686
1727750051,0,6593606922,20867686
1727750051,0,5735603456,20867686
1727750075,0,5749371765,20867688
1727750075,0,5748371765,20867688
1727750087,0,5719645258,20867689
1727750111,0,6047719798,20867691
1727750123,0,6490328482,20867692
1727750147,0,6475305959,20867694
1727750171,0,5329882429,20867696
1727750183,0,5603351684,20867697
1727750207,0,5849430177,20867699
1727750231,0,5334499457,20867701
1727750231,0,6192601789,20867701
1727750243,0,6217351599,20867702
1727750267,0,5279254775,20867704
1727750291,0,6462936307,20867706
1727750291,0,7500000000,20867706
1727750387,0,7028031628,20867714
1727750411,0,6257988369,20867716
1727750435,0,5581735238,20867718
1727750435,0,5534675238,20867718
1727750435,0,6533735238,20867718
1727750471,0,7897436996,20867721
1727750507,0,7300000000,20867724
1727750567,0,5801384133,20867729
1727750603,0,6160902035,20867732
1727750651,0,6687495573,20867736
1727750651,0,7600000000,20867736
1727750651,0,7274822573,20867736
1727750723,0,7443334090,20867742
1727750735,0,10122775541,20867743
1727750735,0,10729204204,20867743
1727750747,0,7062382579,20867744
1727750783,0,6892388682,20867747
1727750831,0,34409806804,20867751
1727750843,0,24324126997,20867752
1727750927,0,4918332219,20867759
1727750951,0,5988223804,20867761
1727750975,0,7257582782,20867763
1727750975,0,5258582782,20867763
1727750975,0,6142875592,20867763
1727751035,0,6132050550,20867768
1727751071,0,7013480194,20867771
1727751071,0,7013480194,20867771
1727751107,0,20366171092,20867774
1727751107,0,6767288287,20867774
1727751119,0,6558735673,20867775
1727751131,0,6854078291,20867776
1727751167,0,6403966373,20867779
1727751239,0,18925891542,20867785
1727751239,0,7531032337,20867785
1727751251,0,25136879769,20867786
1727751263,0,7284938015,20867787
1727751263,0,36778964385,20867787
1727751263,0,7284938015,20867787
1727751275,0,15986084927,20867788
1727751275,0,6931452043,20867788
1727751287,0,5929504596,20867789
1727751287,0,6944422962,20867789
1727751311,0,6452914226,20867791
1727751323,0,26139478084,20867792
1727751335,0,7514019391,20867793
1727751347,0,6047358806,20867794
1727751359,0,5947972447,20867795
1727751383,0,26650974015,20867797
1727751383,0,6004318826,20867797
1727751383,0,5796335983,20867797
1727751419,0,6456695740,20867800
1727751419,0,39532912905,20867800
1727751443,0,6474414125,20867802
1727751443,0,6474414125,20867802
1727751443,0,6474414125,20867802
1727751455,0,7586765338,20867803
1727751539,0,6181317561,20867810
1727751551,0,6767542915,20867811
1727751587,0,6269303443,20867814
1727751611,0,6798168338,20867816
1727751623,0,6136147618,20867817
1727751635,0,7908943889,20867818
1727751659,0,6963648187,20867820
1727751707,0,6961173448,20867824
1727751719,0,6152701718,20867825
1727751731,0,6894210727,20867826
1727751743,0,76554551250,20867827
1727751755,0,6452243534,20867828
1727751755,0,8675474662,20867828
1727751815,0,6672930094,20867833
1727751839,0,7083983198,20867835
1727751863,0,6909541489,20867837
1727751875,0,6972197784,20867838
1727751983,0,7201993130,20867847
1727752007,0,7184163330,20867849
1727752007,0,38261230178,20867849
1727752019,0,8125866481,20867850
1727752043,0,5837465885,20867852
1727752055,0,5719071002,20867853
1727752079,0,26741495507,20867855
1727752103,0,6336892775,20867857
1727752151,0,7052029855,20867861
1727752163,0,7227637576,20867862
1727752223,0,6951384283,20867867
1727752223,0,6951384283,20867867
1727752223,0,6061391208,20867867
1727752235,0,81735406143,20867868
1727752247,0,24248660925,20867869
1727752247,0,7700787997,20867869
1727752259,0,6723708548,20867870
1727752259,0,9093708548,20867870
1727752271,0,7726768296,20867871
1727752367,0,6945326120,20867879
1727752391,0,7492590320,20867881
1727752403,0,7446938907,20867882
1727752403,0,7446938907,20867882
1727752415,0,7624686329,20867883
1727752439,0,8569249319,20867885
1727752463,0,7996186297,20867887
1727752463,0,6937086297,20867887
1727752475,0,6932471762,20867888
1727752475,0,6382471762,20867888
1727752487,0,38553258632,20867889
1727752499,0,6914506502,20867890
1727752499,0,8080105973,20867890
1727752535,0,8063913537,20867893
1727752535,0,8063913537,20867893
1727752583,0,96903001760,20867897
1727752619,0,7969639915,20867900
1727752619,0,7969639915,20867900
1727752619,0,6999639915,20867900
1727752631,0,65411860329,20867901
1727752667,0,9181296911,20867904
1727752679,0,7038324715,20867905
1727752691,0,7397955086,20867906
1727752715,0,7900828568,20867908
1727752727,0,7658853367,20867909
1727752739,0,6717909901,20867910
1727752775,0,151451895911,20867913
1727752811,0,7015848534,20867916
1727752847,0,7493717796,20867919
1727752871,0,6931019575,20867921
1727752871,0,7231019575,20867921
1727752871,0,17676363125,20867921
1727752883,0,7026940588,20867922
1727753003,0,6553006111,20867932
1727753015,0,6502240039,20867933
1727753015,0,7430904942,20867933
1727753027,0,8823525865,20867934
1727753027,0,7277101826,20867934
1727753063,0,6257952195,20867937
1727753075,0,6878436399,20867938
1727753087,0,34574093868,20867939
1727753111,0,6147764237,20867941
1727753111,0,25578980079,20867941
1727753111,0,6098764237,20867941
1727753123,0,19826262803,20867942
1727753135,0,7038467089,20867943
1727753147,0,7470214523,20867944
1727753159,0,8110020840,20867945
1727753159,0,6292196998,20867945
1727753183,0,6152426806,20867947
1727753231,0,6891483554,20867951
1727753255,0,6218121220,20867953
1727753267,0,6983408812,20867954
1727753279,0,7020894018,20867955
1727753279,0,7020894018,20867955
1727753291,0,6815494631,20867956
1727753303,0,7275369403,20867957
1727753303,0,11369430315,20867957
1727753303,0,6276369400,20867957
1727753327,0,7100000000,20867959
1727753327,0,5919530849,20867959
1727753363,0,7227817369,20867962
1727753363,0,6940610370,20867962
1727753375,0,7099772859,20867963
1727753375,0,6758872859,20867963
1727753411,0,31747835446,20867966
1727753411,0,6540526760,20867966
1727753411,0,7627853760,20867966
1727753423,0,7941112962,20867967
1727753435,0,6940000000,20867968
1727753459,0,7009190070,20867970
1727753459,0,6472190070,20867970
1727753495,0,8686568078,20867973
1727753507,0,6747154317,20867974
1727753519,0,6460741890,20867975
1727753567,0,6670897461,20867979
1727753579,0,7100000000,20867980
1727753627,0,30952880509,20867984
1727753675,0,8150796550,20867987
1727753675,0,6750796550,20867987
1727753675,0,7650796550,20867987
1727753675,0,7091696550,20867987
1727753747,0,6345615766,20867993
1727753747,0,6345615766,20867993
1727753747,0,6345615766,20867993
1727753759,0,8074808398,20867994
1727753759,0,7133908398,20867994
1727753795,0,8853046535,20867997
1727753807,0,8336671424,20867998
1727753831,0,12596342729,20868000
1727753831,0,19692878599,20868000
1727753855,0,8470814838,20868002
1727753879,0,8965281141,20868004
1727753879,0,8968981141,20868004
1727753891,0,10365261377,20868005
1727753903,0,10454311928,20868006
1727753915,0,11889059183,20868007
1727753927,0,10501244826,20868008
1727753951,0,9308462996,20868010
1727753951,0,10441259278,20868010
1727753963,0,13888217718,20868011
1727753987,0,10798929518,20868013
1727753987,0,10798929518,20868013
1727753999,0,10877350837,20868014
1727754011,0,9780277389,20868015
1727754011,0,10893170410,20868015
1727754011,0,9780277389,20868015
1727754011,0,9780277389,20868015
1727754011,0,9780277389,20868015
1727754035,0,10118631582,20868017
1727754047,0,10700000000,20868018
1727754107,0,11594706721,20868023
1727754107,0,10565200491,20868023
1727754107,0,42124638100,20868023
1727754119,0,14975669509,20868024
1727754119,0,12249436643,20868024
1727754119,0,12282823434,20868024
1727754167,0,13098167796,20868028
1727754179,0,13605772934,20868029
1727754179,0,13592134192,20868029
1727754179,0,13597256282,20868029
1727754191,0,12612019914,20868030
1727754203,0,13257198973,20868031
1727754203,0,13257198973,20868031
1727754215,0,14738253922,20868032
1727754227,0,13753333404,20868033
1727754227,0,15184908860,20868033
1727754239,0,13528574989,20868034
1727754263,0,83379955475,20868036
1727754275,0,17026483123,20868037
1727754275,0,146275489266,20868037
1727754287,0,19346969371,20868038
1727754287,0,3041935994166,20868038
1727754299,0,14110254071,20868039
1727754299,0,14110254071,20868039
1727754299,0,15453147859,20868039
1727754299,0,14142639258,20868039
1727754323,0,20000000000,20868041
1727754323,0,20984578958,20868041
1727754323,0,17164085188,20868041
1727754335,0,17413740680,20868042
1727754335,0,18961406480,20868042
1727754359,0,20543399021,20868044
1727754359,0,17590520064,20868044
1727754359,0,17590520064,20868044
1727754371,0,18189437430,20868045
1727754371,0,17192316387,20868045
1727754395,0,20724739721,20868047
1727754455,0,23772385799,20868052
1727754467,0,21740375463,20868053
1727754479,0,21348937831,20868054
1727754491,0,23409259418,20868055
1727754503,0,22365361179,20868056
1727754515,0,36883326540,20868057
1727754527,0,34287133774,20868058
1727754527,0,34287133774,20868058
1727754527,0,24458155425,20868058
1727754527,0,22958089183,20868058
1727754539,0,37690832401,20868059
1727754539,0,25177221601,20868059
1727754551,0,26958594186,20868060
1727754587,0,29601845108,20868063
1727754611,0,30049598678,20868065
1727754611,0,27356225680,20868065
1727754623,0,28488507406,20868066
1727754623,0,27504211218,20868066
1727754623,0,27556287218,20868066
1727754659,0,29089354540,20868069
1727754659,0,29089354540,20868069
1727754659,0,28209354540,20868069
1727754671,0,30905575213,20868070
1727754671,0,47375892643,20868070
1727754695,0,32317856710,20868072
1727754719,0,44951254926,20868074
1727754719,0,32462950364,20868074
1727754731,0,34093006605,20868075
1727754743,0,34592977399,20868076
1727754755,0,35748528423,20868077
1727754767,0,36722752716,20868078
1727754767,0,35707959442,20868078
1727754779,0,35277078874,20868079
1727754791,0,36311754491,20868080
1727754803,0,44000000000,20868081
1727754815,0,35584883785,20868082
1727754827,0,38009318733,20868083
1727754827,0,39465749047,20868083
1727754827,0,39465749047,20868083
1727754887,0,38190896892,20868088
1727754887,0,39141875994,20868088
1727754899,0,42420026913,20868089
1727754911,0,39358354658,20868090
1727754911,0,54000000000,20868090
1727754971,0,39058222918,20868095
1727754995,0,45328542253,20868097
1727755019,0,45817801594,20868099
1727755031,0,43182382985,20868100
1727755043,0,53807011948,20868101
1727755067,0,43142713037,20868103
1727755091,0,43468843785,20868105
1727755115,0,43420936099,20868107
1727755127,0,43851756886,20868108
1727755139,0,43438513185,20868109
1727755139,0,45278513185,20868109
1727755151,0,43369879869,20868110
1727755163,0,45424099834,20868111
1727755163,0,49593294201,20868111
1727755175,0,66830050420,20868112
1727755187,0,44355719489,20868113
1727755211,0,45578326575,20868115
1727755211,0,49251317847,20868115
1727755223,0,51030139378,20868116
1727755223,0,49957148106,20868116
1727755247,0,53583000000,20868118
1727755247,0,52233049012,20868118
1727755247,0,52233049012,20868118
1727755259,0,54298240956,20868119
1727755259,0,78447361434,20868119
1727755271,0,52059487464,20868120
1727755271,0,52059487464,20868120
1727755283,0,55784551603,20868121
1727755295,0,55963741754,20868122
1727755307,0,55503398705,20868123
1727755319,0,55282900125,20868124
1727755331,0,55710812003,20868125
1727755355,0,57050623002,20868127
1727755379,0,61133357377,20868129
1727755403,0,59661896724,20868131
1727755415,0,59836471808,20868132
1727755415,0,57836471808,20868132
1727755415,0,59747830012,20868132
1727755427,0,57801245516,20868133
1727755439,0,59696214063,20868134
1727755463,0,59581431456,20868136
1727755463,0,58508440184,20868136
1727755463,0,58508440184,20868136
1727755463,0,58508440184,20868136
1727755475,0,61440000834,20868137
1727755475,0,59120000834,20868137
1727755487,0,60026877886,20868138
1727755523,0,60506770975,20868141
1727755523,0,65611678836,20868141
1727755523,0,110420602932,20868141
1727755535,0,74722873669,20868142
1727755535,0,59336241179,20868142
1727755559,0,60000000000,20868144
1727755571,0,82365387203,20868145
1727755571,0,61913082415,20868145
1727755583,0,61142248776,20868146
1727755583,0,60187429786,20868146
1727755583,0,122590313908,20868146
1727755595,0,249631727359,20868147
1727755595,0,61006484844,20868147
1727755595,0,60207286378,20868147
1727755595,0,90160929567,20868147
1727755607,0,59048709910,20868148
1727755607,0,63182119603,20868148
1727755607,0,59947908376,20868148
1727755655,0,80040000000,20868151
1727755667,0,65124138650,20868152
1727755679,0,61498047617,20868153
1727755679,0,61100000000,20868153
1727755679,0,60695606817,20868153
1727755751,0,59847953187,20868159
1727755763,0,70114905114,20868160
1727755763,0,74214198237,20868160
1727755787,0,66468430963,20868162
1727755787,0,63060928938,20868162
1727755787,0,63060928938,20868162
1727755811,0,60395100935,20868164
1727755811,0,57467361743,20868164
1727755823,0,64996241802,20868165
1727755847,0,61486008142,20868167
1727755847,0,63209141851,20868167
1727755859,0,62018897010,20868168
1727755907,0,61604203205,20868172
1727755931,0,60314224529,20868174
1727755943,0,60145087487,20868175
1727755943,0,60172467677,20868175
1727755943,0,63407980304,20868175
1727755955,0,57344859718,20868176
1727755967,0,59576887538,20868177
1727755979,0,58599232709,20868178
1727755991,0,112911222188,20868179
1727756003,0,56327782097,20868180
1727756003,0,166949232788,20868180
1727756015,0,55763820454,20868181
1727756015,0,56573113264,20868181
1727756027,0,57454519281,20868182
1727756039,0,53990949480,20868183
1727756039,0,55440949480,20868183
1727756039,0,54826242290,20868183
1727756063,0,58933042801,20868185
1727756063,0,56478861103,20868185
1727756075,0,59055721391,20868186
1727756087,0,57390423348,20868187
1727756099,0,53759798685,20868188
1727756099,0,52937576173,20868188
1727756123,0,57106709193,20868190
1727756123,0,57106709193,20868190
1727756123,0,55666709193,20868190
1727756147,0,55987127326,20868192
1727756159,0,54014140610,20868193
1727756159,0,54000652123,20868193
1727756171,0,53187109145,20868194
1727756207,0,51207571800,20868197
1727756219,0,52271689418,20868198
1727756219,0,52352642310,20868198
1727756243,0,48591469608,20868200
1727756243,0,54257115519,20868200
1727756255,0,57468507996,20868201
1727756255,0,54554941814,20868201
1727756255,0,53709885978,20868201
1727756255,0,54554941814,20868201
1727756291,0,54424167437,20868204
1727756303,0,54318144408,20868205
1727756315,0,54108008374,20868206
1727756327,0,54505878768,20868207
1727756339,0,54809229682,20868208
1727756339,0,57257610957,20868208
1727756351,0,52315704681,20868209
1727756351,0,52815704681,20868209
1727756351,0,51785704681,20868209
1727756375,0,47162619647,20868211
1727756375,0,47927979749,20868211
1727756411,0,46159194698,20868214
1727756423,0,45720262596,20868215
1727756423,0,45720262596,20868215
1727756435,0,51307054538,20868216
1727756435,0,54263000000,20868216
1727756447,0,49962012549,20868217
1727756471,0,52737912881,20868219
1727756471,0,47790552881,20868219
1727756483,0,48268034934,20868220
1727756483,0,47355361934,20868220
1727756495,0,45262283563,20868221
1727756495,0,44359610563,20868221
1727756519,0,45353617423,20868223
1727756519,0,46352617423,20868223
1727756531,0,48700201953,20868224
1727756531,0,48690201953,20868224
1727756531,0,50690201953,20868224
1727756543,0,79768460980,20868225
1727756555,0,47883359096,20868226
1727756567,0,47228482558,20868227
1727756579,0,48165354937,20868228
1727756591,0,47321749791,20868229
1727756603,0,46366931681,20868230
1727756603,0,47199224491,20868230
1727756603,0,48313931681,20868230
1727756615,0,48000000000,20868231
1727756615,0,49324458443,20868231
1727756615,0,48209751253,20868231
1727756615,0,48824458443,20868231
1727756627,0,121068064432,20868232
1727756639,0,47807928045,20868233
1727756651,0,44585888715,20868234
1727756651,0,45700595905,20868234
1727756651,0,43744595905,20868234
1727756651,0,45700595905,20868234
1727756663,0,284025147952,20868235
1727756663,0,50034442595,20868235
1727756675,0,51423057182,20868236
1727756699,0,48569394191,20868238
1727756699,0,48569394191,20868238
1727756699,0,49710660166,20868238
1727756699,0,49710660166,20868238
1727756723,0,46493466561,20868240
1727756747,0,48479510528,20868242
1727756783,0,48537263321,20868245
1727756807,0,44678451945,20868247
1727756807,0,44602830135,20868247
1727756819,0,49172401254,20868248
1727756819,0,50065779444,20868248
1727756831,0,55222436828,20868249
1727756831,0,75370714421,20868249
1727756843,0,49356964517,20868250
1727756843,0,50201342707,20868250
1727756855,0,49973995409,20868251
1727756891,0,50474352053,20868254
1727756891,0,48764037730,20868254
1727756891,0,48764037730,20868254
1727756891,0,48734937730,20868254
1727756891,0,48764037730,20868254
1727756915,0,50249581478,20868256
1727756915,0,50254581478,20868256
1727756927,0,49039694286,20868257
1727756927,0,48098817711,20868257
1727756927,0,50098794286,20868257
1727756927,0,48148794286,20868257
1727756939,0,106030047997,20868258
1727756951,0,51639681118,20868259
1727756963,0,49103177880,20868260
1727756975,0,51413512185,20868261
1727756975,0,49533253888,20868261
1727756987,0,48905080756,20868262
1727756999,0,49129013730,20868263
1727757011,0,50371847370,20868264
1727757023,0,49813951593,20868265
1727757035,0,48167362411,20868266
1727757059,0,50091810119,20868268
1727757059,0,73768705678,20868268
1727757059,0,51629137119,20868268
1727757059,0,55496681884,20868268
1727757095,0,48043127962,20868271
1727757107,0,48070784282,20868272
1727757119,0,51135533977,20868273
1727757131,0,51977421608,20868274
1727757143,0,64996550382,20868275
1727757155,0,48691139977,20868276
1727757167,0,49197236555,20868277
1727757179,0,51131851652,20868278
1727757179,0,51047144462,20868278
1727757191,0,50472934348,20868279
1727757191,0,49503934348,20868279
1727757203,0,48688783142,20868280
1727757215,0,47568450796,20868281
1727757215,0,47568450796,20868281
1727757227,0,49084598187,20868282
1727757227,0,46612361598,20868282
1727757239,0,46614535897,20868283
1727757239,0,49831432187,20868283
1727757239,0,47961909777,20868283
1727757263,0,45857906487,20868285
1727757359,0,80507839720,20868293
1727757419,0,46268265966,20868298
1727757431,0,46667099499,20868299
1727757455,0,112501798657,20868301
1727757467,0,44966417811,20868302
1727757467,0,46053744811,20868302
1727757491,0,39564049498,20868304
1727757515,0,72607586475,20868306
1727757515,0,43196213007,20868306
1727757527,0,44791312634,20868307
1727757527,0,64383186264,20868307
1727757527,0,45015269197,20868307
1727757527,0,49618913292,20868307
1727757539,0,44003920755,20868308
1727757551,0,43398702762,20868309
1727757551,0,43443702762,20868309
1727757551,0,57776384074,20868309
1727757575,0,53585204381,20868311
1727757599,0,41033999439,20868313
1727757623,0,45752999740,20868315
1727757635,0,43062481844,20868316
1727757647,0,45224210341,20868317
1727757719,0,42377363084,20868323
1727757731,0,42168394946,20868324
1727757731,0,41345992466,20868324
1727757743,0,40669841528,20868325
1727757743,0,42479841528,20868325
1727757779,0,40343692133,20868328
1727757779,0,41497461728,20868328
1727757791,0,42129793025,20868329
1727757803,0,56855687742,20868330
1727757803,0,41972399793,20868330
1727757827,0,59402181555,20868332
1727757851,0,38285949508,20868334
1727757863,0,39315214902,20868335
1727757899,0,38244037006,20868338
1727757899,0,39063880498,20868338
1727757923,0,39047183754,20868340
1727757935,0,36701873762,20868341
1727758043,0,31644455675,20868350
1727758055,0,39618392477,20868351
1727758055,0,34680491546,20868351
1727758079,0,35735726151,20868353
1727758079,0,34939507964,20868353
1727758091,0,35445946607,20868354
1727758091,0,34650728420,20868354
1727758091,0,34800000000,20868354
1727758103,0,35727093936,20868355
1727758115,0,36809586421,20868356
1727758115,0,53993490621,20868356
1727758127,0,34949421954,20868357
1727758139,0,35844954336,20868358
1727758151,0,33437145550,20868359
1727758163,0,36638898941,20868360
1727758175,0,48318124149,20868361
1727758187,0,38080975179,20868362
1727758187,0,38080975179,20868362
1727758235,0,36176916347,20868366
1727758235,0,37084589347,20868366
1727758283,0,37726784124,20868370
1727758295,0,36651285369,20868371
1727758331,0,34496949499,20868374
1727758343,0,34778487336,20868375
1727758403,0,35721061030,20868380
1727758427,0,34594668302,20868382
1727758439,0,38521819434,20868383
1727758451,0,34112458846,20868384
1727758463,0,34154731636,20868385
1727758487,0,33265945707,20868387
1727758499,0,33990340848,20868388
1727758511,0,33801851636,20868389
1727758511,0,33812475150,20868389
1727758535,0,29113386354,20868391
1727758535,0,28304652329,20868391
1727758559,0,33645972458,20868393
1727758559,0,37007847121,20868393
1727758571,0,32951007628,20868394
1727758583,0,35154138734,20868395
1727758619,0,34531382187,20868398
1727758655,0,34931947929,20868401
1727758655,0,32790681954,20868401
1727758655,0,32817240739,20868401
1727758667,0,31770027672,20868402
1727758667,0,47653541508,20868402
1727758679,0,31165513678,20868403
1727758679,0,31123513678,20868403
1727758679,0,31118513678,20868403
1727758739,0,30976758678,20868408
1727758763,0,30341564368,20868410
1727758763,0,31428891368,20868410
1727758763,0,30428891370,20868410
1727758775,0,30316376214,20868411
1727758799,0,29183705624,20868413
1727758799,0,28276032624,20868413
1727758799,0,28271032624,20868413
1727758835,0,29802088057,20868416
1727758847,0,32922574747,20868417
1727758847,0,28168707803,20868417
1727758847,0,28268707803,20868417
1727758859,0,29477255386,20868418
1727758871,0,30848354670,20868419
1727758895,0,39606586523,20868421
1727758895,0,42000000000,20868421
1727758907,0,28647492284,20868422
1727758991,0,27890842265,20868429
1727758991,0,29302761900,20868429
1727759015,0,25976278935,20868431
1727759015,0,26025278935,20868431
1727759015,0,26945278935,20868431
1727759039,0,26788437256,20868433
1727759051,0,28016672632,20868434
1727759051,0,38346865237,20868434
1727759063,0,28046772801,20868435
1727759063,0,26089759035,20868435
1727759123,0,80000000000,20868440
1727759135,0,26600000000,20868441
1727759147,0,720164257324,20868442
1727759171,0,26897542575,20868444
1727759195,0,87401525170,20868446
1727759207,0,29052402642,20868447
1727759231,0,27914776055,20868448
1727759243,0,28988291178,20868449
1727759255,0,25930594990,20868450
1727759255,0,27880594990,20868450
1727759267,0,29796088825,20868451
1727759291,0,27651773072,20868453
1727759315,0,28578143467,20868455
1727759327,0,26908263651,20868456
1727759351,0,25633543241,20868458
1727759387,0,25166270130,20868461
1727759483,0,26894454915,20868469
1727759495,0,27002338101,20868470
1727759495,0,27945238461,20868470
1727759507,0,26978089513,20868471
1727759591,0,24333391610,20868478
1727759615,0,25328653282,20868480
1727759615,0,23928653282,20868480
1727759615,0,122730296543,20868480
1727759627,0,24766367705,20868481
1727759627,0,119649954230,20868481
1727759651,0,23685732257,20868483
1727759663,0,24847833119,20868484
1727759675,0,24847959397,20868485
1727759675,0,25014987393,20868485
1727759699,0,24486124779,20868487
1727759711,0,23500000000,20868488
1727759711,0,492363006964,20868488
1727759723,0,24605871315,20868489
1727759771,0,26537770695,20868493
1727759783,0,25547918799,20868494
1727759783,0,25547918799,20868494
1727759819,0,25755313678,20868497
1727759831,0,24825055926,20868498
1727759843,0,24267767766,20868499
1727759843,0,35189677384,20868499
1727759867,0,25699544722,20868501
1727759879,0,24870764139,20868502
1727759891,0,24058948943,20868503
1727759891,0,24275205588,20868503
1727759927,0,23356136015,20868506
1727759939,0,23029169265,20868507
1727759939,0,23029169265,20868507
1727759951,0,24625177830,20868508
1727759951,0,24169549396,20868508
1727759951,0,22653292753,20868508
1727759951,0,22653292753,20868508
1727759975,0,23214588017,20868510
1727759999,0,23368809611,20868512
1727760011,0,22801822203,20868513
1727760011,0,24018078846,20868513
1727760023,0,21915400350,20868514
1727760047,0,22037699541,20868516
1727760047,0,20457060411,20868516
1727760083,0,23677830593,20868519
1727760119,0,22240083476,20868522
1727760155,0,23624456505,20868525
1727760227,0,22674583135,20868531
1727760263,0,20354488344,20868534
1727760263,0,29425596330,20868534
1727760275,0,24067098385,20868535
1727760323,0,22100000000,20868539
1727760359,0,24688999437,20868542
1727760395,0,24184992165,20868545
1727760419,0,23164221402,20868547
1727760467,0,22388476990,20868551
1727760479,0,23111522171,20868552
1727760491,0,23000000000,20868553
1727760491,0,23351405010,20868553
1727760491,0,22411505010,20868553
1727760539,0,36493149369,20868557
1727760551,0,32900893627,20868558
1727760563,0,22189522597,20868559
1727760575,0,23008166888,20868560
1727760599,0,21660940556,20868562
1727760623,0,21371408820,20868564
1727760635,0,21070105859,20868565
1727760647,0,27418605475,20868566
1727760671,0,21516555469,20868568
1727760683,0,22242718180,20868569
1727760683,0,23272718180,20868569
1727760695,0,20915487020,20868570
1727760767,0,23858351485,20868576
1727760791,0,20542308901,20868578
1727760803,0,33597448760,20868579
1727760827,0,20374570828,20868581
1727760839,0,19918709128,20868582
1727760851,0,20867076486,20868583
1727760911,0,18684597787,20868588
1727760911,0,17793697787,20868588
1727760923,0,20278316079,20868589
1727760923,0,45652276757,20868589
1727760923,0,20016275119,20868589
1727760935,0,20913956825,20868590
1727760971,0,22012518687,20868593
1727760983,0,39541615591,20868594
1727760995,0,21350896179,20868595
1727760995,0,22731799912,20868595
1727761007,0,26415791849,20868596
1727761007,0,21567228311,20868596
1727761019,0,20925289258,20868597
1727761031,0,20013160869,20868598
1727761043,0,19693866501,20868599
1727761055,0,20201479047,20868600
1727761067,0,19759406433,20868601
1727761079,0,18475441671,20868602
1727761139,0,17887593019,20868607
1727761139,0,18799266019,20868607
1727761163,0,18165308089,20868609
1727761163,0,26315242610,20868609
1727761175,0,17117132457,20868610
1727761187,0,24143612483,20868611
1727761223,0,71573931400,20868614
1727761247,0,17140567015,20868616
1727761283,0,18334561191,20868619
1727761295,0,17679249934,20868620
1727761295,0,18766576934,20868620
1727761331,0,16570637051,20868623
1727761343,0,18383489097,20868624
1727761355,0,17246588157,20868625
1727761379,0,18025307730,20868627
1727761391,0,18283224489,20868628
1727761391,0,17090136945,20868628
1727761415,0,17317823880,20868630
1727761415,0,19316823880,20868630
1727761415,0,18100000000,20868630
1727761427,0,17996913453,20868631
1727761427,0,17066482714,20868631
1727761439,0,17699007581,20868632
1727761463,0,18100000000,20868634
1727761463,0,17062964904,20868634
1727761475,0,16580133242,20868635
1727761499,0,17431295364,20868637
1727761523,0,16193124691,20868639
1727761547,0,18092640637,20868641
1727761571,0,21641893383,20868643
1727761595,0,38398231731,20868645
1727761619,0,17951267921,20868647
1727761643,0,17630547930,20868649
1727761655,0,18446919024,20868650
1727761667,0,16900000000,20868651
1727761679,0,16088075037,20868652
1727761679,0,27181157501,20868652
1727761715,0,17957797808,20868655
1727761715,0,16992797808,20868655
1727761751,0,17214349116,20868658
1727761751,0,17412590554,20868658
1727761763,0,18465114930,20868659
1727761763,0,28205589919,20868659
1727761823,0,16156270392,20868664
1727761823,0,17006344057,20868664
1727761835,0,21814314428,20868665
1727761847,0,18086615418,20868666
1727761859,0,18067074161,20868667
1727761883,0,16460498900,20868669
1727761943,0,26816174754,20868674
1727761979,0,15864642927,20868677
1727761979,0,15277315927,20868677
1727762015,0,15990390738,20868680
1727762015,0,17940390738,20868680
1727762015,0,17440390738,20868680
1727762015,0,15981919938,20868680
1727762039,0,17507890403,20868682
1727762051,0,17969116637,20868683
1727762063,0,17008551553,20868684
1727762063,0,17095878555,20868684
1727762123,0,15799845309,20868689
1727762147,0,17906471039,20868691
1727762159,0,16900000000,20868692
1727762159,0,17700309820,20868692
1727762207,0,15375844640,20868696
1727762207,0,18425960657,20868696
1727762219,0,22569192810,20868697
1727762255,0,16478217902,20868700
1727762351,0,21757703653,20868708
1727762351,0,38829344128,20868708
1727762351,0,17425988209,20868708
1727762399,0,14465271172,20868712
1727762399,0,16884271172,20868712
1727762411,0,24281856391,20868713
1727762411,0,17078193197,20868713
1727762423,0,33094744369,20868714
1727762435,0,17825792673,20868715
1727762471,0,21121569545,20868718
1727762483,0,17618136450,20868719
1727762483,0,16119136450,20868719
1727762483,0,17059036450,20868719
1727762495,0,17496499642,20868720
1727762543,0,15698267861,20868724
1727762543,0,17348775283,20868724
1727762567,0,15736934645,20868726
1727762567,0,16785020070,20868726
1727762567,0,16656934645,20868726
1727762567,0,57201192064,20868726
1727762603,0,16800000000,20868729
1727762603,0,16800000000,20868729
1727762603,0,31148154004,20868729
1727762651,0,18691383720,20868733
1727762651,0,18691383720,20868733
1727762663,0,18421296837,20868734
1727762675,0,17219592811,20868735
1727762687,0,17329143970,20868736
1727762699,0,17699647689,20868737
1727762723,0,18671962101,20868739
1727762795,0,17942409150,20868745
1727762795,0,17057271195,20868745
1727762807,0,17273567941,20868746
1727762807,0,17243567941,20868746
1727762807,0,27684729618,20868746
1727762819,0,16633376815,20868747
1727762819,0,16633376815,20868747
1727762831,0,32373713538,20868748
1727762879,0,16979245742,20868752
1727762903,0,358070728769,20868754
1727762915,0,27482508675,20868755
1727762951,0,16805247145,20868758
1727762975,0,16218357795,20868760
1727762975,0,16218357795,20868760
1727763011,0,16687033190,20868763
1727763035,0,16384143312,20868765
1727763047,0,17240570563,20868766
1727763047,0,15241570563,20868766
1727763047,0,16181470563,20868766
1727763071,0,15108593595,20868768
1727763095,0,16147451113,20868770
1727763131,0,17014123261,20868773
1727763131,0,16123223261,20868773
1727763155,0,16909737007,20868775
1727763155,0,17939737007,20868775
1727763167,0,17706908191,20868776
1727763167,0,16706908193,20868776
1727763191,0,15840475922,20868778
1727763191,0,15869575922,20868778
1727763203,0,16814262269,20868779
1727763203,0,18818410632,20868779
1727763215,0,17889571100,20868780
1727763239,0,16460443296,20868782
1727763239,0,16489543296,20868782
1727763263,0,16455975996,20868784
1727763287,0,15404479022,20868786
1727763335,0,16000000000,20868790
1727763383,0,17110674967,20868794
1727763383,0,18051574967,20868794
1727763407,0,16224684715,20868796
1727763419,0,16945499113,20868797
1727763443,0,18777646883,20868799
1727763455,0,17086909195,20868800
1727763467,0,16607010134,20868801
1727763491,0,17053021985,20868803
1727763503,0,37142699035,20868804
1727763527,0,14990677106,20868806
1727763587,0,15206944229,20868811
1727763587,0,16078844229,20868811
1727763611,0,22112824296,20868813
1727763623,0,16902618895,20868814
1727763635,0,15630320767,20868815
1727763635,0,15520449418,20868815
1727763647,0,16702628156,20868816
1727763659,0,15975426134,20868817
1727763683,0,16641284720,20868819
1727763743,0,17890474996,20868823
1727763791,0,20695534460,20868827
1727763791,0,20197668029,20868827
1727763839,0,19169154590,20868831
1727763851,0,19015393813,20868832
1727763863,0,17080841780,20868833
1727763875,0,16954935803,20868834
1727763887,0,17114150375,20868835
1727763887,0,17113150375,20868835
1727763899,0,32765007975,20868836
1727763935,0,18354873542,20868839
1727763947,0,17496553126,20868840
1727763947,0,17496553126,20868840
1727763959,0,18849178142,20868841
1727763971,0,54504332021,20868842
1727763983,0,16863386697,20868843
1727764019,0,15233012797,20868846
1727764043,0,16875038118,20868848
1727764055,0,16935105820,20868849
1727764091,0,14085220289,20868852
1727764103,0,30377837859,20868853
1727764115,0,16307071018,20868854
1727764115,0,16307071018,20868854
1727764139,0,16351353810,20868856
1727764163,0,14886863267,20868858
1727764163,0,15554655999,20868858
1727764199,0,15128656998,20868861
1727764235,0,16271082469,20868864
1727764235,0,15206619130,20868864
1727764247,0,16410785660,20868865
1727764259,0,16782089563,20868866
1727764259,0,16011503945,20868866
1727764283,0,15418292758,20868868
1727764307,0,14701717401,20868870
1727764319,0,15586094215,20868871
1727764319,0,14653094214,20868871
1727764343,0,14894188054,20868873
1727764391,0,13507669671,20868877
1727764403,0,14893648152,20868878
1727764415,0,15791998262,20868879
1727764415,0,15260096060,20868879
1727764439,0,14344694170,20868881
1727764439,0,13944694171,20868881
1727764451,0,101385543044,20868882
1727764451,0,15225660107,20868882
1727764463,0,15535000000,20868883
1727764475,0,48422942911,20868884
1727764475,0,15035147172,20868884
1727764487,0,16562571390,20868885
1727764487,0,13889570798,20868885
1727764523,0,15049712919,20868888
1727764535,0,16629979434,20868889
1727764559,0,15366084446,20868891
1727764583,0,21953763096,20868893
1727764607,0,16384434451,20868895
1727764643,0,15709217887,20868898
1727764667,0,22002712470,20868900
1727764679,0,14809285648,20868901
1727764691,0,16396537097,20868902
1727764715,0,22450991073,20868904
1727764727,0,15971586924,20868905
1727764727,0,14472586924,20868905
1727764727,0,14472586924,20868905
1727764739,0,21695634342,20868906
1727764799,0,18508824291,20868911
1727764823,0,15498131800,20868913
1727764835,0,16925203808,20868914
1727764859,0,13616401034,20868916
1727764859,0,13567341034,20868916
1727764859,0,14566401034,20868916
1727764883,0,14786680497,20868918
1727764883,0,13380612683,20868918
1727764883,0,51568340696,20868918
1727764895,0,14384737129,20868919
1727764907,0,15077351998,20868920
1727764919,0,16064474248,20868921
1727764943,0,15790619168,20868923
1727765015,0,14292116213,20868929
1727765015,0,18287580728,20868929
1727765027,0,13758424845,20868930
1727765027,0,15257424845,20868930
1727765027,0,14698324845,20868930
1727765039,0,14015434471,20868931
1727765051,0,15362440865,20868932
1727765075,0,15928912545,20868934
1727765087,0,16078883611,20868935
1727765183,0,15387975792,20868943
1727765183,0,16278875792,20868943
1727765195,0,662950819588,20868944
1727765207,0,19266300810,20868945
1727765207,0,17066300810,20868945
1727765207,0,16911220810,20868945
1727765207,0,16007200810,20868945
1727765231,0,15088538171,20868947
1727765255,0,15417502484,20868949
1727765255,0,20604948904,20868949
1727765267,0,15895847805,20868950
1727765279,0,16155714649,20868951
1727765279,0,16068387647,20868951
1727765291,0,29096007502,20868952
1727765315,0,16690194989,20868953
1727765315,0,16820608638,20868953
1727765351,0,44592961996,20868956
1727765375,0,16451823966,20868958
1727765387,0,32455115440,20868959
1727765399,0,16855145751,20868960
1727765459,0,15406411149,20868965
1727765471,0,18433141550,20868966
1727765483,0,28081858153,20868967
1727765483,0,18689242941,20868967
1727765495,0,17687627284,20868968
1727765507,0,17661588409,20868969
1727765531,0,20945124793,20868971
1727765579,0,16628770133,20868975
1727765579,0,17224404264,20868975
1727765591,0,18007253558,20868976
1727765615,0,17707118104,20868978
1727765639,0,16908841249,20868980
1727765651,0,15691552718,20868981
1727765675,0,16858023435,20868983
1727765675,0,16756011897,20868983
1727765675,0,15904254719,20868983
1727765711,0,16044870563,20868986
1727765771,0,17858260744,20868991
1727765771,0,251153913525,20868991
1727765771,0,17086468888,20868991
1727765819,0,15808225429,20868995
1727765819,0,15949195926,20868995
1727765819,0,13581869411,20868995
1727765831,0,15217639543,20868996
1727765843,0,26684798756,20868997
1727765855,0,14727994007,20868998
1727765903,0,17765850223,20869002
1727766011,0,14586674566,20869011
1727766035,0,15585000000,20869013
1727766047,0,24037930722,20869014
1727766059,0,15365624036,20869015
1727766071,0,139910449032,20869016
1727766083,0,16564962593,20869017
1727766095,0,17847874414,20869018
1727766095,0,16661129120,20869018
1727766107,0,17339312921,20869019
1727766107,0,17339312921,20869019
1727766155,0,17730425685,20869023
1727766167,0,160643113349,20869024
1727766179,0,17588262036,20869025
1727766203,0,15707182690,20869027
1727766203,0,17732917875,20869027
1727766203,0,15491874555,20869027
1727766227,0,38519463850,20869029
1727766239,0,14742386474,20869030
1727766287,0,16957089896,20869034
1727766323,0,15882481962,20869037
1727766323,0,15882481962,20869037
1727766359,0,15027659872,20869040
1727766359,0,16027659872,20869040
1727766395,0,16101996673,20869043
1727766407,0,15116911045,20869044
1727766419,0,15360744660,20869045
1727766419,0,52083569306,20869045
1727766431,0,13854562605,20869046
1727766455,0,14781820339,20869048
1727766539,0,14827573782,20869055
1727766563,0,13996912639,20869057
1727766563,0,12856061490,20869057
1727766563,0,15675664615,20869057
1727766587,0,12530925571,20869059
1727766587,0,12530925571,20869059
1727766587,0,14130529026,20869059
1727766587,0,12574925571,20869059
1727766659,0,11702653042,20869065
1727766695,0,25998854403,20869068
1727766731,0,14123363316,20869071
1727766767,0,13129522597,20869074
1727766779,0,13664707534,20869075
1727766779,0,15144829634,20869075
1727766791,0,15260191454,20869076
1727766791,0,13961191454,20869076
1727766827,0,14036756966,20869079
1727766839,0,14918410109,20869080
1727766851,0,13342570311,20869081
1727766851,0,13376570311,20869081
1727766863,0,14609245170,20869082
1727766887,0,39613351569,20869084
1727766887,0,13290762248,20869084
1727766887,0,14460762248,20869084
1727766899,0,14802419588,20869085
1727766923,0,14640544029,20869087
1727766983,0,15378728956,20869092
1727766995,0,40845583623,20869093
1727767043,0,15636192762,20869097
1727767055,0,13863667869,20869098
1727767103,0,13531284922,20869102
1727767103,0,14229758763,20869102
1727767151,0,14841783712,20869106
1727767151,0,13491783712,20869106
1727767199,0,15422669727,20869110
1727767259,0,14685542016,20869115
1727767271,0,26341760750,20869116
1727767283,0,15090122502,20869117
1727767295,0,14694298099,20869118
1727767295,0,14694298099,20869118
1727767319,0,14518716405,20869120
1727767343,0,14582634678,20869122
1727767451,0,12929499930,20869131
1727767499,0,13407136766,20869135
1727767511,0,12075111855,20869136
1727767511,0,13370111855,20869136
1727767511,0,21965098826,20869136
1727767535,0,102484423412,20869138
1727767547,0,13323265281,20869139
1727767559,0,13474153413,20869140
1727767583,0,13152407598,20869142
1727767595,0,12413658095,20869143
1727767631,0,13100223851,20869146
1727767643,0,12045515721,20869147
1727767667,0,13287248133,20869149
1727767799,0,13728731816,20869160
1727767811,0,13885771287,20869161
1727767811,0,13885771287,20869161
1727767895,0,14122450888,20869168
1727767943,0,16072407492,20869172
1727767943,0,16147510306,20869172
1727767943,0,58647456875,20869172
1727767955,0,18232637985,20869173
1727767967,0,15651804700,20869174
1727767979,0,91901946022,20869175
1727768051,0,15182426772,20869181
1727768063,0,15483021668,20869182
1727768087,0,14279687469,20869184
1727768111,0,13138022344,20869186
1727768147,0,15518870684,20869189
1727768183,0,14579918623,20869192
1727768183,0,32881302016,20869192
1727768195,0,16602347111,20869193
1727768207,0,15144616410,20869194
1727768255,0,14023224428,20869198
1727768303,0,13213062556,20869202
1727768339,0,13701352697,20869205
1727768339,0,15100352697,20869205
1727768351,0,14865363449,20869206
1727768375,0,12502104672,20869208
1727768375,0,12520697935,20869208
1727768375,0,13376181999,20869208
1727768375,0,13801104672,20869208
1727768387,0,14646828994,20869209
1727768399,0,14991973517,20869210
1727768411,0,13137009366,20869211
1727768423,0,14839370898,20869212
1727768483,0,13704139975,20869217
1727768495,0,12905835781,20869218
1727768519,0,14098972057,20869220
1727768519,0,12859514051,20869220
1727768531,0,237319900564,20869221
1727768555,0,14251944653,20869223
1727768567,0,14098223587,20869224
1727768603,0,12525441142,20869227
1727768627,0,14658785876,20869229
1727768651,0,14492438411,20869231
1727768699,0,14942489340,20869235
1727768723,0,16740565087,20869237
1727768735,0,15603573305,20869238
1727768759,0,15600442627,20869240
1727768771,0,13441277942,20869241
1727768795,0,13692945925,20869243
1727768807,0,15304163343,20869244
1727768807,0,15319251144,20869244
1727768819,0,15068293086,20869245
1727768819,0,23279573806,20869245
1727768891,0,15047138596,20869251
1727768891,0,15359383715,20869251
1727768891,0,15047138596,20869251
1727768951,0,13945268149,20869256
1727768975,0,13881550313,20869258
1727768999,0,14634835744,20869259
1727768999,0,13659212350,20869259
1727768999,0,14634835744,20869259
1727768999,0,14634835744,20869259
1727769023,0,15174111025,20869261
1727769023,0,16691423686,20869261
1727769047,0,15099884533,20869263
1727769047,0,15468827250,20869263
1727769191,0,16015058909,20869275
1727769215,0,15416092275,20869277
1727769239,0,36974797794,20869279
1727769263,0,20495934941,20869281
1727769347,0,14971263402,20869288
1727769347,0,16072367940,20869288
1727769347,0,16720717857,20869288
1727769383,0,17168843858,20869291
1727769395,0,16471067699,20869292
1727769407,0,15141220057,20869293
1727769419,0,14739256462,20869294
1727769479,0,15882161086,20869298
1727769575,0,16656391894,20869306
1727769599,0,16733952591,20869308
1727769611,0,16110887739,20869309
1727769611,0,32411977151,20869309
1727769635,0,16793739441,20869311
1727769743,0,18594780744,20869320
1727769827,0,16313115881,20869327
1727769875,0,16488771860,20869331
1727769887,0,16499756836,20869332
1727769899,0,17642002856,20869333
1727769935,0,17267246529,20869336
1727769959,0,15174817101,20869338
1727769959,0,15125817101,20869338
1727769971,0,15340599461,20869339
1727769983,0,146165456916,20869340
1727770031,0,15870774599,20869344
1727770043,0,17378156262,20869345
1727770079,0,21429658570,20869348
1727770091,0,16911170263,20869349
1727770091,0,16199954472,20869349
1727770115,0,14090442977,20869351
1727770115,0,14858954963,20869351
1727770115,0,13819187728,20869351
1727770139,0,30135546992,20869353
1727770163,0,16310656075,20869355
1727770175,0,16165485162,20869356
1727770247,0,16672434804,20869362
1727770355,0,17678839916,20869371
1727770415,0,17238013342,20869376
1727770415,0,19619667434,20869376
1727770439,0,16427850168,20869378
1727770439,0,17482762098,20869378
1727770439,0,16482762100,20869378
1727770463,0,15849258820,20869380
1727770475,0,16539368625,20869381
1727770475,0,16539368625,20869381
1727770511,0,15545888188,20869384
1727770571,0,16308093072,20869389
1727770607,0,15914141637,20869392
1727770607,0,15943051918,20869392
1727770619,0,17341447224,20869393
1727770619,0,19249231401,20869393
1727770643,0,16375065630,20869395
1727770643,0,16403108603,20869395
1727770667,0,15498264029,20869397
1727770715,0,14206795292,20869401
1727770787,0,15108226289,20869407
1727770811,0,14574768462,20869409
1727770835,0,12977066061,20869411
1727770835,0,12037416061,20869411
1727770847,0,14540334760,20869412
1727770883,0,15619033102,20869415
1727770907,0,14300000000,20869417
1727770931,0,29652233727,20869419
1727770931,0,15247032585,20869419
1727770955,0,15006961893,20869421
1727770991,0,15924909461,20869424
1727771003,0,17053387612,20869425
1727771015,0,17007705565,20869426
1727771015,0,18400000000,20869426
1727771075,0,16710872666,20869431
1727771087,0,15781619939,20869432
1727771123,0,16533761372,20869435
1727771135,0,16444468435,20869436
1727771147,0,18141834473,20869437
1727771147,0,16440326694,20869437
1727771159,0,17241349527,20869438
1727771159,0,17241349527,20869438
1727771159,0,17241349527,20869438
1727771243,0,17340757519,20869445
1727771279,0,15885845020,20869448
1727771291,0,16812508428,20869449
1727771291,0,16812508428,20869449
1727771291,0,17071608428,20869449
1727771291,0,16812508428,20869449
1727771351,0,17427129659,20869454
1727771363,0,16594598953,20869455
1727771363,0,16644135099,20869455
1727771411,0,19341856191,20869459
1727771447,0,17971987731,20869462
1727771483,0,18957812672,20869465
1727771519,0,51228456340,20869468
1727771543,0,18774238000,20869470
1727771567,0,18887228081,20869472
1727771639,0,17304434231,20869478
1727771699,0,17975940616,20869483
1727771735,0,19371161333,20869486
1727771771,0,19823556878,20869489
1727771795,0,20121952222,20869491
1727771867,0,18078565769,20869497
1727771891,0,14650454944,20869499
1727771963,0,20004927348,20869505
1727771963,0,15509739943,20869505
1727771975,0,410788198596,20869506
1727771975,0,16069999036,20869506
1727771975,0,16069999036,20869506
1727771987,0,16634026793,20869507
1727771999,0,17055267772,20869508
1727771999,0,15580419521,20869508
1727772011,0,16768834224,20869509
1727772023,0,16948024676,20869510
1727772071,0,16862096861,20869514
1727772071,0,16964094720,20869514
1727772071,0,16862096861,20869514
1727772107,0,16800000000,20869517
1727772119,0,17211217964,20869518
1727772167,0,16727294094,20869522
1727772191,0,15610595732,20869524
1727772191,0,350830737182,20869524
1727772191,0,15682595732,20869524
1727772263,0,15579729956,20869530
1727772287,0,32898691969,20869532
1727772311,0,16475583163,20869534
1727772311,0,332553332790,20869534
1727772311,0,14975583163,20869534
1727772311,0,14975583163,20869534
1727772323,0,78537145246,20869535
1727772347,0,15533197765,20869537
1727772383,0,16465528753,20869540
1727772455,0,16634326575,20869546
1727772491,0,13353782114,20869549
1727772503,0,38852329811,20869550
1727772503,0,14226000000,20869550
1727772587,0,23795306599,20869557
1727772587,0,13849306599,20869557
1727772599,0,15384819131,20869558
1727772611,0,15360278210,20869559
1727772611,0,23192133850,20869559
1727772623,0,35558838330,20869560
1727772635,0,18872557417,20869561
1727772671,0,15500000000,20869564
1727772695,0,16727897553,20869566
1727772707,0,15500000000,20869567
1727772707,0,17238759945,20869567
1727772719,0,39906153676,20869568
1727772731,0,43171853131,20869569
1727772743,0,16889555507,20869570
1727772779,0,17319040467,20869573
1727772791,0,16736544785,20869574
1727772815,0,15729506015,20869576
1727772815,0,14983816482,20869576
1727772827,0,14513658510,20869577
1727772839,0,16227856827,20869578
1727772851,0,14158587749,20869579
1727772851,0,14163586390,20869579
1727772887,0,16171706262,20869582
1727772899,0,16680454910,20869583
1727772935,0,16001582304,20869586
1727772947,0,15530813751,20869587
1727772995,0,12946753902,20869591
1727773019,0,16367176207,20869593
1727773019,0,16416451786,20869593
1727773031,0,15844453570,20869594
1727773043,0,14702945010,20869595
1727773127,0,15051016876,20869602
1727773127,0,15051016876,20869602
1727773199,0,13601268115,20869608
1727773211,0,14622450149,20869609
1727773307,0,15789213230,20869617
1727773307,0,15647234300,20869617
1727773319,0,37270797365,20869618
1727773343,0,15660482732,20869620
1727773343,0,13259482732,20869620
1727773343,0,15537996529,20869620
1727773355,0,16928888210,20869621
1727773391,0,26389083916,20869624
1727773403,0,15584854283,20869625
1727773439,0,15402962237,20869628
1727773451,0,15379881976,20869629
1727773463,0,25722115720,20869630
1727773475,0,16787513408,20869631
1727773499,0,14399316231,20869633
1727773499,0,17119033679,20869633
1727773523,0,15565818686,20869635
1727773547,0,15993276323,20869637
1727773559,0,17188386085,20869638
1727773583,0,15053369470,20869640
1727773595,0,15227203094,20869641
1727773595,0,16713355062,20869641
1727773607,0,143218622574,20869642
1727773643,0,13944535483,20869645
1727773643,0,15143229651,20869645
1727773667,0,14587645692,20869647
1727773667,0,25187645692,20869647
1727773691,0,18479831980,20869649
1727773715,0,26452799150,20869651
1727773715,0,13791400466,20869651
1727773727,0,15235197326,20869652
1727773751,0,13144681539,20869654
1727773751,0,23143741539,20869654
1727773775,0,13366884309,20869656
1727773787,0,22491099765,20869657
1727773811,0,15028015137,20869659
1727773847,0,14500000000,20869662
1727773859,0,15696911969,20869663
1727773871,0,16270714559,20869664
1727773919,0,18273034606,20869668
1727773919,0,17156107818,20869668
1727773967,0,19134873721,20869672
1727773967,0,19564169142,20869672
1727773979,0,17983665941,20869673
1727774003,0,18550551590,20869675
1727774075,0,18542522257,20869681
1727774111,0,17994514638,20869684
1727774159,0,19234802741,20869688
1727774219,0,18657189919,20869693
1727774219,0,17776467848,20869693
1727774255,0,17339749112,20869696
1727774267,0,17458793538,20869697
1727774279,0,18761989083,20869698
1727774279,0,20485746927,20869698
1727774303,0,18271912539,20869700
1727774315,0,17948313654,20869701
1727774315,0,17948313654,20869701
1727774339,0,19027116907,20869703
1727774339,0,19027116907,20869703
1727774339,0,17561786498,20869703
1727774351,0,17120057545,20869704
1727774363,0,18646643879,20869705
1727774363,0,16870097831,20869705
1727774435,0,17718353448,20869711
1727774459,0,19668803213,20869713
1727774459,0,18501577958,20869713
1727774459,0,19797465480,20869713
1727774483,0,18152483843,20869715
1727774483,0,18152483843,20869715
1727774543,0,17620164655,20869720
1727774567,0,16324680883,20869722
1727774579,0,17669924737,20869723
1727774675,0,16033178936,20869731
1727774735,0,17569138488,20869736
1727774783,0,16782853492,20869740
1727774795,0,16592445526,20869741
1727774795,0,17266852657,20869741
1727774807,0,56770119586,20869742
1727774843,0,16236267419,20869745
1727774891,0,15755940860,20869749
1727774891,0,16548835712,20869749
1727774963,0,15771609777,20869755
1727775035,0,14721136580,20869761
1727775071,0,15900000000,20869764
1727775083,0,17831734452,20869765
1727775107,0,17825335574,20869767
1727775107,0,20409826408,20869767
1727775131,0,18608898817,20869769
1727775167,0,17673830403,20869772
1727775191,0,16471517625,20869774
1727775203,0,17195765558,20869775
1727775227,0,16416458728,20869777
1727775251,0,113709376483,20869779
1727775263,0,38929515701,20869780
1727775323,0,15439069942,20869785
1727775335,0,16728372828,20869786
1727775335,0,16400000000,20869786
1727775383,0,18350659016,20869790
1727775431,0,17313287563,20869794
1727775443,0,16453896088,20869795
1727775467,0,16304583333,20869797
1727775479,0,16893190452,20869798
1727775515,0,15946475761,20869801
1727775575,0,15397063298,20869806
1727775635,0,20699607613,20869811
1727775671,0,13721917297,20869814
1727775719,0,14190836243,20869818
1727775767,0,14942367557,20869822
1727775791,0,49188710079,20869824
1727775803,0,16377363412,20869825
1727775851,0,14288518579,20869829
1727775851,0,14284758579,20869829
1727775875,0,13637027554,20869831
1727775887,0,15954950306,20869832
1727775935,0,16848636246,20869836
1727776043,0,18072154008,20869845
1727776175,0,15422298694,20869856
1727776259,0,18066425045,20869863
1727776283,0,18647496135,20869865
1727776343,0,20280473088,20869870
1727776391,0,19137200025,20869874
1727776391,0,18800000000,20869874
1727776463,0,18929956943,20869880
1727776475,0,18928333270,20869881
1727776535,0,18558451813,20869886
1727776535,0,16741154613,20869886
1727776547,0,20230108070,20869887
1727776571,0,20803950988,20869889
1727776583,0,17910148800,20869890
1727776631,0,19511602366,20869894
1727776655,0,16574637587,20869896
1727776655,0,16519877207,20869896
1727776715,0,17024185943,20869901
1727776763,0,26254330988,20869905
1727776775,0,16011065812,20869906
1727776775,0,81450459020,20869906
1727776787,0,99646343586,20869907
1727776799,0,386777247111,20869908
1727776811,0,18720174296,20869909
1727776835,0,15361674585,20869911
1727776907,0,16251625579,20869917
1727776931,0,18427766971,20869919
1727776931,0,16823869869,20869919
1727776967,0,14901901117,20869922
1727776979,0,16013782674,20869923
1727776991,0,16934008407,20869924
1727777015,0,16598200345,20869926
1727777027,0,15714168096,20869927
1727777051,0,15625558435,20869929
1727777063,0,18821234924,20869930
1727777111,0,14796260398,20869934
1727777135,0,15420714618,20869936
1727777195,0,16245529203,20869940
1727777195,0,14723519459,20869940
1727777195,0,14607804328,20869940
1727777195,0,13179956077,20869940
1727777195,0,13182956077,20869940
1727777207,0,16256969122,20869941
1727777243,0,16994861850,20869944
1727777255,0,17722718853,20869945
1727777267,0,15601660300,20869946
1727777291,0,14978468169,20869948
1727777303,0,15077924692,20869949
1727777303,0,17214412337,20869949
1727777327,0,15939373641,20869951
1727777339,0,13238919622,20869952
1727777339,0,30692013774,20869952
1727777339,0,13551678651,20869952
1727777351,0,32713217279,20869953
1727777411,0,15829675393,20869958
1727777555,0,15142901011,20869970
1727777567,0,13149294177,20869971
1727777567,0,14148294179,20869971
1727777579,0,14458826633,20869972
1727777603,0,16900000000,20869974
1727777627,0,14200000000,20869976
1727777663,0,13141268878,20869979
1727777675,0,14911401364,20869980
1727777699,0,12914072619,20869982
1727777711,0,13546346433,20869983
1727777759,0,13376165595,20869987
1727777771,0,12882847498,20869988
1727777807,0,13010307520,20869991
1727777915,0,12556830886,20870000
1727777939,0,13537220074,20870002
1727777951,0,12311900962,20870003
1727777975,0,143151914069,20870005
1727777975,0,13277858957,20870005
1727777975,0,12580940582,20870005
1727777987,0,13038283983,20870006
1727777999,0,12859448399,20870007
1727777999,0,12859448399,20870007
1727778023,0,12580860980,20870009
1727778071,0,12496058344,20870013
1727778107,0,12357570707,20870016
1727778107,0,12383640207,20870016
1727778119,0,29087743690,20870017
1727778143,0,12640475816,20870019
1727778191,0,14700000000,20870023
1727778227,0,12037983736,20870026
1727778227,0,12348696321,20870026
1727778275,0,12487040411,20870030
1727778299,0,10650526115,20870032
1727778383,0,12429706915,20870039
1727778383,0,11311706387,20870039
1727778395,0,12286051501,20870040
1727778467,0,12101937261,20870046
1727778467,0,11102937259,20870046
1727778503,0,11136457274,20870049
1727778527,0,11037865144,20870051
1727778539,0,12557615946,20870052
1727778539,0,12285120607,20870052
1727778539,0,11228615946,20870052
1727778551,0,13832587587,20870053
1727778551,0,11833587587,20870053
1727778611,0,11604716514,20870058
1727778635,0,13158675821,20870060
1727778647,0,11760567912,20870061
1727778791,0,13554281531,20870073
1727778803,0,14070422810,20870074
1727778851,0,12277025160,20870078
1727778899,0,13386195226,20870082
1727778947,0,13788669570,20870086
1727778959,0,13653023816,20870087
1727778971,0,13523267020,20870088
1727778983,0,13299316238,20870089
1727779019,0,13049390238,20870092
1727779031,0,12973673674,20870093
1727779031,0,13493938168,20870093
1727779031,0,23767984058,20870093
1727779055,0,14473425562,20870095
1727779067,0,13858388885,20870096
1727779103,0,13894938805,20870099
1727779115,0,22360678952,20870100
1727779127,0,19038760390,20870101
1727779151,0,17357061167,20870103
1727779187,0,15573094504,20870106
1727779199,0,13625124473,20870107
1727779211,0,13563920397,20870108
1727779259,0,12625623062,20870112
1727779271,0,13135322186,20870113
1727779295,0,12029458916,20870115
1727779319,0,11664604362,20870117
1727779331,0,13686126023,20870118
1727779355,0,13775441891,20870120
1727779379,0,14490950882,20870122
1727779403,0,12163488717,20870124
1727779439,0,12912110100,20870126
1727779439,0,13729927227,20870126
1727779439,0,12729927227,20870126
1727779451,0,13807234727,20870127
1727779463,0,13536437255,20870128
1727779487,0,13365803720,20870130
1727779499,0,13285602220,20870131
1727779547,0,12452137505,20870135
1727779559,0,16350307569,20870136
1727779559,0,14076690548,20870136
1727779643,0,11586711632,20870143
1727779643,0,11580531955,20870143
1727779643,0,11580531955,20870143
1727779667,0,13688971641,20870145
1727779691,0,12713298430,20870147
1727779691,0,11792244818,20870147
1727779703,0,22047447172,20870148
1727779739,0,11164978337,20870151
1727779739,0,12193924725,20870151
1727779751,0,11203101613,20870152
1727779811,0,10799388948,20870157
1727779811,0,10673735893,20870157
1727779823,0,13249504878,20870158
1727779835,0,10892255213,20870159
1727779847,0,10855360716,20870160
1727779859,0,11985085618,20870161
1727779871,0,12614166124,20870162
1727779883,0,11764212486,20870163
1727779907,0,10924509118,20870165
1727779919,0,13291392876,20870166
1727779967,0,16286002220,20870170
1727780015,0,13424410683,20870174
1727780111,0,15190290880,20870182
1727780123,0,12900000000,20870183
1727780159,0,13004501078,20870186
1727780267,0,14305480711,20870195
1727780303,0,14064667988,20870198
1727780303,0,15338723979,20870198
1727780315,0,137254416387,20870199
1727780363,0,14257271463,20870203
1727780471,0,13778054790,20870212
1727780471,0,13778054790,20870212
1727780495,0,12363574222,20870214
1727780495,0,13930060939,20870214
1727780519,0,12561311886,20870216
1727780555,0,13556130939,20870219
1727780579,0,12876160701,20870221
1727780591,0,13000000000,20870222
1727780591,0,13659080849,20870222
1727780627,0,14069555657,20870225
1727780639,0,11650956084,20870226
1727780663,0,14185366981,20870228
1727780663,0,12535366981,20870228
1727780675,0,13003867816,20870229
1727780735,0,13551059586,20870234
1727780783,0,11279065103,20870238
1727780783,0,13113925371,20870238
1727780843,0,12559971965,20870243
1727780903,0,11063990272,20870248
1727780903,0,86142805439,20870248
1727780915,0,12939146793,20870249
1727780915,0,15005321232,20870249
1727780915,0,11673844420,20870249
1727780927,0,12876869298,20870250
1727780951,0,12250482466,20870252
1727780963,0,13200000000,20870253
1727781035,0,14836667354,20870259
1727781047,0,13430082392,20870260
1727781059,0,15477821421,20870261
1727781083,0,16194957513,20870263
1727781143,0,13706389431,20870268
1727781215,0,12773938833,20870274
1727781215,0,11857938833,20870274
1727781383,0,14900000000,20870288
1727781395,0,14653037698,20870289
1727781455,0,14123752762,20870294
1727781455,0,12804743262,20870294
1727781467,0,14184735102,20870295
1727781491,0,12463667668,20870297
1727781491,0,13805768668,20870297
1727781491,0,39641333036,20870297
1727781515,0,12856953609,20870299
1727781527,0,12377198704,20870300
1727781575,0,12354396774,20870304
1727781587,0,12118144565,20870305
1727781599,0,12309151148,20870306
1727781659,0,12753082960,20870311
1727781659,0,13024710250,20870311
1727781671,0,12800000000,20870312
1727781695,0,13453702873,20870314
1727781707,0,13589101680,20870315
1727781743,0,12150651696,20870317
1727781767,0,46099212185,20870319
1727781851,0,12957311886,20870326
1727781863,0,15192745368,20870327
1727781923,0,12059796257,20870332
1727781923,0,13367647257,20870332
1727781923,0,13367647257,20870332
1727782007,0,14112916721,20870339
1727782055,0,13699168856,20870343
1727782067,0,13375242737,20870344
1727782079,0,14995309044,20870345
1727782151,0,13292376305,20870351
1727782283,0,17273277511,20870362
1727782319,0,16633628225,20870365
1727782343,0,14219503093,20870367
1727782355,0,16500000000,20870368
1727782355,0,48433298610,20870368
1727782367,0,18872629744,20870369
1727782415,0,40139588266,20870373
1727782415,0,16075175603,20870373
1727782463,0,16803116739,20870377
1727782463,0,16808452212,20870377
1727782487,0,16708121422,20870379
1727782583,0,19479679832,20870387
1727782667,0,19380575565,20870394
1727782679,0,19940101714,20870395
1727782679,0,19983308182,20870395
1727782751,0,20214373651,20870401
1727782751,0,20214373655,20870401
1727782763,0,22564113406,20870402
1727782871,0,22606835946,20870411
1727782919,0,22713521794,20870415
1727782931,0,22216575160,20870416
1727782943,0,20736586493,20870417
1727782943,0,19297664324,20870417
1727783015,0,21527134787,20870423
1727783039,0,18699865989,20870425
1727783051,0,20287208968,20870426
1727783063,0,24222927074,20870427
1727783063,0,21782463328,20870427
1727783087,0,22758390479,20870429
1727783147,0,21461143355,20870434
1727783159,0,20965589779,20870435
1727783195,0,22686068266,20870438
1727783195,0,19734820183,20870438
1727783219,0,20904412588,20870440
1727783267,0,20204187712,20870444
1727783267,0,19254187712,20870444
1727783279,0,20897308111,20870445
1727783303,0,20114624020,20870447
1727783303,0,18282824020,20870447
1727783411,0,29005708623,20870456
1727783411,0,19387139082,20870456
1727783471,0,23600000000,20870461
1727783507,0,26342445157,20870464
1727783507,0,31941545274,20870464
1727783519,0,25825765660,20870465
1727783555,0,42166110620,20870468
1727783555,0,27066110620,20870468
1727783567,0,24427065221,20870469
1727783615,0,27473530570,20870473
1727783639,0,24777442911,20870475
1727783663,0,22254383206,20870477
1727783675,0,24268222955,20870478
1727783711,0,19442649628,20870481
1727783735,0,21633502956,20870483
1727783747,0,20102180839,20870484
1727783759,0,22961098383,20870485
1727783819,0,21373405296,20870490
1727783843,0,24244988497,20870492
1727783843,0,23075574117,20870492
1727783915,0,20058734125,20870498
1727783915,0,18391266074,20870498
1727783939,0,19638573104,20870500
1727783951,0,18104062672,20870501
1727783951,0,19821530723,20870501
1727783975,0,20653303852,20870503
1727783999,0,17227345858,20870505
1727783999,0,18894813909,20870505
1727784011,0,17344037398,20870506
1727784011,0,20001603713,20870506
1727784023,0,19788859310,20870507
1727784047,0,41172565463,20870509
1727784071,0,20541262826,20870511
1727784083,0,17365780766,20870512
1727784095,0,19437467704,20870513
1727784107,0,19542426117,20870514
1727784131,0,19750090596,20870516
1727784155,0,20705414233,20870518
1727784167,0,19269444572,20870519
1727784179,0,18215788141,20870520
1727784203,0,20220393332,20870521
1727784215,0,22510000000,20870522
1727784215,0,85329377138,20870522
1727784215,0,19700000000,20870522
1727784227,0,48188730095,20870523
1727784251,0,22455922122,20870525
1727784251,0,22523408839,20870525
1727784263,0,22996464332,20870526
1727784263,0,21429977615,20870526
1727784299,0,21580339674,20870529
1727784299,0,21559877559,20870529
1727784347,0,20676861875,20870533
1727784347,0,20697323990,20870533
1727784359,0,21863621896,20870534
1727784371,0,63820135884,20870535
1727784383,0,32910281541,20870536
1727784383,0,20917554629,20870536
1727784419,0,20574775762,20870539
1727784419,0,37567478226,20870539
1727784455,0,21845086022,20870542
1727784563,0,17451738236,20870551
1727784563,0,17427341039,20870551
1727784611,0,16592216135,20870555
1727784623,0,17807369197,20870556
1727784659,0,17607768920,20870559
1727784671,0,18542056241,20870560
1727784671,0,18330586241,20870560
1727784695,0,22493071123,20870562
1727784731,0,20319795094,20870565
1727784731,0,18860758383,20870565
1727784755,0,22046340722,20870567
1727784767,0,20900000000,20870568
1727784791,0,22388659397,20870570
1727784791,0,21909890995,20870570
1727784827,0,17978346346,20870573
1727784827,0,19918346346,20870573
1727784827,0,18800000000,20870573
1727784839,0,36162928504,20870574
1727784875,0,20400941580,20870577
1727784887,0,20748877709,20870578
1727784887,0,18867077709,20870578
1727784887,0,20327810845,20870578
1727784899,0,23290252268,20870579
1727784899,0,20796162718,20870579
1727784911,0,18947144986,20870580
1727784935,0,17471880316,20870582
1727784935,0,18925880316,20870582
1727784935,0,18886613452,20870582
1727784947,0,20433234858,20870583
1727784971,0,19591545321,20870585
1727784971,0,19552278461,20870585
1727784983,0,22954917735,20870586
1727784983,0,20430675092,20870586
1727784995,0,18479009838,20870587
1727785019,0,18747543539,20870589
1727785031,0,19852630336,20870590
1727785043,0,20583995045,20870591
1727785055,0,21993820042,20870592
1727785067,0,18286954482,20870593
1727785079,0,19309403091,20870594
1727785079,0,17948053091,20870594
1727785079,0,19329537727,20870594
1727785079,0,18553774026,20870594
1727785091,0,21965354436,20870595
1727785115,0,20104635557,20870597
1727785127,0,19700687669,20870598
1727785151,0,16186305729,20870600
1727785151,0,18489942002,20870600
1727785163,0,18738526208,20870601
1727785211,0,18702064530,20870605
1727785235,0,16712023273,20870607
1727785235,0,18918586820,20870607
1727785259,0,17271889123,20870609
1727785259,0,17272495035,20870609
1727785295,0,17112969392,20870612
1727785295,0,19115831220,20870612
1727785319,0,17695785687,20870614
1727785367,0,22617764105,20870618
1727785367,0,20984103639,20870618
1727785403,0,19029903785,20870621
1727785439,0,33895365243,20870624
1727785511,0,25832250982,20870630
1727785523,0,21660899982,20870631
1727785547,0,21551636698,20870633
1727785595,0,22960716774,20870637
1727785607,0,21447291773,20870638
1727785679,0,31705144726,20870644
1727785727,0,37419851366,20870648
1727785811,0,19373412133,20870655
1727785823,0,18535498919,20870656
1727785835,0,17967219550,20870657
1727785847,0,18531327472,20870658
1727785979,0,25680386992,20870669
1727786027,0,42099223775,20870673
1727786135,0,20239961027,20870682
1727786159,0,20019711844,20870684
1727786159,0,21594614755,20870684
1727786171,0,21158429255,20870685
1727786183,0,23447758161,20870686
1727786183,0,21497758161,20870686
1727786279,0,19301051508,20870694
1727786279,0,31750213725,20870694
1727786339,0,22586835936,20870699
1727786363,0,43299026700,20870701
1727786615,0,60117658985,20870722
1727786639,0,17299628800,20870724
1727786651,0,19760126333,20870725
1727786723,0,16525651996,20870731
1727786735,0,17997705532,20870732
1727786735,0,25088262697,20870732
1727786747,0,18092000000,20870733
1727786747,0,18600000000,20870733
1727786771,0,18094850748,20870735
1727786795,0,18402709028,20870737
1727786819,0,16978313082,20870739
1727786831,0,18085563823,20870740
1727786843,0,18506512529,20870741
1727786855,0,16244880962,20870742
1727786855,0,17559152694,20870742
1727786867,0,17877475495,20870743
1727786879,0,18317191279,20870744
1727786879,0,19705349567,20870744
1727786903,0,16577570232,20870746
1727786939,0,16429174950,20870749
1727786939,0,16793446681,20870749
1727786951,0,97348955519,20870750
1727786951,0,18709660849,20870750
1727786951,0,20226589117,20870750
1727786975,0,19141427989,20870752
1727786999,0,16645706535,20870754
1727786999,0,16643264840,20870754
1727787011,0,16853740331,20870755
1727787011,0,16057796444,20870755
1727787107,0,17185613896,20870763
1727787107,0,17455942380,20870763
1727787119,0,19075925018,20870764
1727787131,0,18484827276,20870765
1727787131,0,16700000000,20870765
1727787251,0,16198264750,20870775
1727787299,0,16193779099,20870779
1727787323,0,17959876807,20870781
1727787323,0,16959876807,20870781
1727787335,0,19186805593,20870782
1727787347,0,18611261262,20870783
1727787347,0,18540675642,20870783
1727787347,0,18611261262,20870783
1727787359,0,18768626008,20870784
1727787395,0,16586900000,20870787
1727787455,0,16383622920,20870792
1727787491,0,16824374272,20870795
1727787527,0,17205118674,20870798
1727787527,0,17095097234,20870798
1727787539,0,15408026016,20870799
1727787539,0,17399703032,20870799
1727787563,0,17076861003,20870801
1727787599,0,16606945202,20870804
1727787671,0,18663508536,20870810
1727787671,0,16236894880,20870810
1727787683,0,16339369303,20870811
1727787707,0,17125128718,20870813
1727787731,0,33608435519,20870815
1727787779,0,16700000000,20870819
1727787791,0,16798515809,20870820
1727787815,0,15691208759,20870822
1727787851,0,35745273579,20870825
1727787851,0,16726404677,20870825
1727787887,0,68498280575,20870828
1727787899,0,15375150339,20870829
1727787911,0,16922911293,20870830
1727788007,0,16294126790,20870838
1727788031,0,38229834936,20870840
1727788067,0,15561526638,20870843
1727788079,0,14374039485,20870844
1727788103,0,15795671052,20870846
1727788247,0,61968892236,20870858
1727788367,0,15998092481,20870867
1727788379,0,17395323693,20870868
1727788379,0,17395323693,20870868
1727788403,0,19542601933,20870870
1727788403,0,15636812635,20870870
1727788415,0,18281317033,20870871
1727788439,0,16730730283,20870873
1727788463,0,18257324056,20870875
1727788475,0,17086211514,20870876
1727788499,0,16603805957,20870878
1727788499,0,16603805957,20870878
1727788511,0,38950788115,20870879
1727788523,0,16827140887,20870880
1727788535,0,17999834375,20870881
1727788595,0,15067632551,20870886
1727788619,0,28383338433,20870887
1727788631,0,159377030219,20870888
1727788655,0,19059068797,20870890
1727788715,0,16959393573,20870895
1727788715,0,14869393573,20870895
1727788727,0,16585200167,20870896
1727788727,0,16573718118,20870896
1727788775,0,15164835370,20870900
1727788799,0,15713767715,20870902
1727788799,0,34753852553,20870902
1727788835,0,16468376639,20870905
1727788847,0,15340730225,20870906
1727788847,0,15390730225,20870906
1727788895,0,15548010867,20870910
1727788919,0,45779709833,20870912
1727788931,0,38394895913,20870913
1727788955,0,46752651053,20870915
1727788979,0,17264218985,20870917
1727788991,0,18618884874,20870918
1727789027,0,16720354459,20870921
1727789027,0,17783506816,20870921
1727789039,0,17791948278,20870922
1727789039,0,17789944562,20870922
1727789111,0,103378671060,20870928
1727789123,0,33977053392,20870929
1727789171,0,20356245377,20870933
1727789255,0,19616656550,20870940
1727789267,0,19878905391,20870941
1727789267,0,19169973763,20870941
1727789279,0,17532915518,20870942
1727789339,0,16986927611,20870947
1727789363,0,30171549638,20870949
1727789375,0,19852979107,20870950
1727789411,0,18063403262,20870953
1727789423,0,16872144106,20870954
1727789435,0,98074342804,20870955
1727789459,0,18100000000,20870957
1727789459,0,20146350382,20870957
1727789471,0,17548349773,20870958
1727789471,0,17591349773,20870958
1727789507,0,19293905046,20870961
1727789507,0,23617276241,20870961
1727789555,0,17556650229,20870965
1727789567,0,136623100808,20870966
1727789567,0,19200000000,20870966
1727789591,0,18684370805,20870968
1727789603,0,112681347410,20870969
1727789615,0,84625479516,20870970
1727789639,0,18675536269,20870972
1727789651,0,28141105926,20870973
1727789651,0,18961744783,20870973
1727789687,0,20044415741,20870976
1727789687,0,389941534449,20870976
1727789711,0,19608637389,20870978
1727789735,0,25797316471,20870980
1727789747,0,23460433147,20870981
1727789783,0,22536293667,20870984
1727789783,0,48875382470,20870984
1727789795,0,26154439458,20870985
1727789819,0,23623956657,20870987
1727789831,0,23146866916,20870988
1727789831,0,239340914037,20870988
1727789855,0,26243603174,20870990
1727789855,0,24402900139,20870990
1727789867,0,26043109557,20870991
1727789879,0,73298817117,20870992
1727789939,0,112648666485,20870997
1727789975,0,27485445487,20871000
1727789975,0,25545445487,20871000
1727790011,0,152665289090,20871003
1727790023,0,24821909137,20871004
1727790047,0,27582677165,20871006
1727790071,0,28295757216,20871008
1727790095,0,30174085454,20871010
1727790107,0,30799806218,20871011
1727790119,0,32912576931,20871012
1727790143,0,35001036206,20871014
1727790155,0,40265804026,20871015
1727790167,0,36756310384,20871016
1727790167,0,55163011998,20871016
1727790167,0,37316477019,20871016
1727790179,0,120961002683,20871017
1727790179,0,36256504311,20871017
1727790191,0,40484243852,20871018
1727790191,0,36168786338,20871018
1727790203,0,36527081870,20871019
1727790227,0,39341799037,20871021
1727790251,0,36857503834,20871023
1727790263,0,37686294631,20871024
1727790287,0,52203051330,20871026
1727790299,0,34711773610,20871027
1727790323,0,38700000000,20871029
1727790323,0,36605643897,20871029
1727790323,0,34665643897,20871029
1727790347,0,40797337420,20871031
1727790347,0,39897337420,20871031
1727790359,0,35034074456,20871032
1727790383,0,41733088909,20871034
1727790395,0,39787158443,20871035
1727790395,0,36965507491,20871035
1727790395,0,35083707491,20871035
1727790407,0,39770530603,20871036
1727790407,0,36850330603,20871036
1727790431,0,84063989508,20871038
1727790455,0,41071891575,20871040
1727790455,0,32953691575,20871040
1727790467,0,35325882694,20871041
1727790467,0,36438408031,20871041
1727790491,0,66399823064,20871043
1727790527,0,30003316378,20871046
1727790539,0,30956248614,20871047
1727790539,0,30956248614,20871047
1727790539,0,30956248614,20871047
1727790539,0,30956248614,20871047
1727790551,0,114874503614,20871048
1727790551,0,28847254262,20871048
1727790587,0,30615090242,20871051
1727790599,0,410830211579,20871052
1727790611,0,30490085583,20871053
1727790623,0,840081325983,20871054
1727790635,0,31703190544,20871055
1727790635,0,33620712415,20871055
1727790635,0,37703190544,20871055
1727790647,0,120312847809,20871056
1727790647,0,32638744095,20871056
1727790647,0,33654752219,20871056
1727790659,0,30391202751,20871057
1727790659,0,34192352751,20871057
1727790671,0,34753513936,20871058
1727790695,0,32274626016,20871060
1727790707,0,29512490289,20871061
1727790707,0,31393290289,20871061
1727790719,0,31229531276,20871062
1727790731,0,30884314403,20871063
1727790731,0,29002514403,20871063
1727790743,0,31993463658,20871064
1727790755,0,33020286263,20871065
1727790767,0,30516043905,20871066
1727790767,0,58669757841,20871066
1727790779,0,31877798503,20871067
1727790791,0,28856711265,20871068
1727790791,0,83370155151,20871068
1727790803,0,29551161276,20871069
1727790815,0,28789658198,20871070
1727790827,0,31641017989,20871071
1727790827,0,102766839198,20871071
1727790827,0,32790105771,20871071
1727790839,0,32514929836,20871072
1727790863,0,29548034799,20871074
1727790863,0,31432698066,20871074
1727790875,0,29878792273,20871075
1727790899,0,29860790915,20871077
1727790899,0,27589496381,20871077
1727790911,0,31688195264,20871078
1727790911,0,28806539732,20871078
1727790935,0,31390176286,20871080
1727790947,0,29817496629,20871081
1727790959,0,30003614231,20871082
1727790971,0,82754156279,20871083
1727791007,0,27512367723,20871086
1727791007,0,28522376366,20871086
1727791031,0,25636637053,20871088
1727791043,0,27836101264,20871089
1727791043,0,27728448615,20871089
1727791043,0,27728448615,20871089
1727791067,0,28556211084,20871091
1727791067,0,24674732565,20871091
1727791079,0,81817328143,20871092
1727791079,0,28000000000,20871092
1727791091,0,28550995715,20871093
1727791091,0,55979211660,20871093
1727791103,0,71272506152,20871094
1727791127,0,46814911063,20871096
1727791139,0,31184125326,20871097
1727791151,0,67165933438,20871098
1727791163,0,27774333701,20871099
1727791175,0,28656953315,20871100
1727791211,0,26437033894,20871103
1727791211,0,26380579894,20871103
1727791211,0,56485792230,20871103
1727791223,0,33027133301,20871104
1727791235,0,29278042721,20871105
1727791247,0,29871504849,20871106
1727791259,0,31322402852,20871107
1727791271,0,29898633196,20871108
1727791271,0,29898633196,20871108
1727791283,0,51871098536,20871109
1727791295,0,31718692847,20871110
1727791295,0,93028983953,20871110
1727791319,0,30716157820,20871112
1727791319,0,32674587644,20871112
1727791343,0,260806955525,20871114
1727791355,0,33095553643,20871115
1727791415,0,29337837903,20871120
1727791439,0,31134696029,20871122
1727791439,0,30299349947,20871122
1727791463,0,33166248521,20871124
1727791475,0,53681740881,20871125
1727791487,0,32294780416,20871126
1727791535,0,28810913804,20871130
1727791535,0,28810913804,20871130
1727791535,0,62940126485,20871130
1727791547,0,116917681199,20871131
1727791559,0,80525848224,20871132
1727791583,0,30161349566,20871134
1727791595,0,57757102924,20871135
1727791607,0,29786964100,20871136
1727791631,0,51457603755,20871138
1727791643,0,62964528374,20871139
1727791655,0,33439196902,20871140
1727791655,0,57539839977,20871140
1727791667,0,27425837993,20871141
1727791667,0,84279671430,20871141
1727791679,0,30642352764,20871142
1727791691,0,29261330479,20871143
1727791715,0,29058495501,20871144
1727791715,0,27381313672,20871144
1727791727,0,31560898666,20871145
1727791727,0,29300000000,20871145
1727791727,0,31537967423,20871145
1727791727,0,28806669403,20871145
1727791739,0,59307348514,20871146
1727791739,0,31879657753,20871146
1727791763,0,320440094019,20871148
1727791775,0,31686544356,20871149
1727791787,0,57097906332,20871150
1727791799,0,29860232734,20871151
1727791823,0,32968033550,20871153
1727791823,0,34959905631,20871153
1727791823,0,28356284802,20871153
1727791823,0,32722298791,20871153
1727791859,0,27487607295,20871156
1727791907,0,31671655886,20871160
1727791907,0,28803538618,20871160
1727791919,0,59728581661,20871161
1727791919,0,30014764713,20871161
1727791967,0,26862427175,20871165
1727791991,0,28335758275,20871167
1727791991,0,28335758275,20871167
1727792003,0,31076262331,20871168
1727792027,0,28037759959,20871170
1727792099,0,27972799548,20871176
1727792111,0,26653631576,20871177
1727792123,0,25061817285,20871178
1727792135,0,27583541223,20871179
1727792135,0,27583541223,20871179
1727792135,0,27583541223,20871179
1727792135,0,27583541223,20871179
1727792135,0,27583541223,20871179
1727792135,0,29489159003,20871179
1727792147,0,140789501977,20871180
1727792159,0,25398737001,20871181
1727792159,0,25398737001,20871181
1727792171,0,137705812302,20871182
1727792183,0,25854472742,20871183
1727792195,0,36249153658,20871184
1727792195,0,24250153658,20871184
1727792195,0,25946594414,20871184
1727792219,0,24704594965,20871186
1727792231,0,87616228744,20871187
1727792231,0,28030613481,20871187
1727792243,0,36974901941,20871188
1727792267,0,25767042070,20871190
1727792267,0,25837042070,20871190
1727792279,0,25736574715,20871191
1727792279,0,25735574715,20871191
1727792279,0,29086505431,20871191
1727792291,0,27348200320,20871192
1727792303,0,27690385226,20871193
1727792327,0,23438356202,20871195
1727792339,0,24976892759,20871196
1727792339,0,28078140279,20871196
1727792351,0,140157776086,20871197
1727792387,0,22779618845,20871200
1727792399,0,26851036967,20871201
1727792411,0,24760741023,20871202
1727792435,0,105707993216,20871204
1727792447,0,26943872411,20871205
1727792447,0,28131722446,20871205
1727792483,0,26370369191,20871207
1727792507,0,29726977124,20871209
1727792507,0,27838436433,20871209
1727792543,0,27440867528,20871212
1727792579,0,29358150830,20871215
1727792579,0,29358150830,20871215
1727792591,0,138201792302,20871216
1727792591,0,33309968158,20871216
1727792615,0,26946211632,20871218
1727792615,0,26997851632,20871218
1727792639,0,238177581481,20871220
1727792663,0,67155108153,20871222
1727792675,0,28428594545,20871223
1727792675,0,30306324465,20871223
1727792675,0,27429594545,20871223
1727792687,0,30963823087,20871224
1727792687,0,46304433398,20871224
1727792699,0,26155397952,20871225
1727792699,0,26059520550,20871225
1727792711,0,26445827439,20871226
1727792759,0,83397966757,20871230
1727792759,0,28356527315,20871230
1727792783,0,29380939970,20871232
1727792783,0,27968411539,20871232
1727792783,0,259452811460,20871232
1727792795,0,55028078218,20871233
1727792831,0,27900000000,20871236
1727792831,0,27646345723,20871236
1727792831,0,28146345724,20871236
1727792843,0,29112730033,20871237
1727792867,0,36548540462,20871239
1727792879,0,59026228133,20871240
1727792891,0,27321164206,20871241
1727792891,0,25479637477,20871241
1727792891,0,76396600309,20871241
1727792903,0,67375371013,20871242
1727792927,0,27501905882,20871244
1727792939,0,26280661423,20871245
1727792939,0,24183469964,20871245
1727792951,0,26393918985,20871246
1727792951,0,59584415885,20871246
1727792987,0,24502737408,20871249
1727793011,0,22972468342,20871251
1727793011,0,23705160840,20871251
1727793035,0,24361214326,20871253
1727793059,0,24674179519,20871255
1727793071,0,24319786776,20871256
1727793083,0,28407940195,20871257
1727793107,0,25572295767,20871259
1727793107,0,25580053563,20871259
1727793119,0,26193137708,20871260
1727793119,0,26141156933,20871260
1727793131,0,56995454314,20871261
1727793131,0,26149694036,20871261
1727793155,0,25330412484,20871263
1727793155,0,70276872152,20871263
1727793155,0,27011124208,20871263
1727793155,0,28831522764,20871263
1727793155,0,26960702856,20871263
1727793167,0,26842801912,20871264
1727793167,0,28473092284,20871264
1727793179,0,827338818782,20871265
1727793179,0,28994196518,20871265
1727793203,0,29528182103,20871267
1727793203,0,184180491519,20871267
1727793215,0,29296343110,20871268
1727793239,0,27588002848,20871270
1727793239,0,27588002848,20871270
1727793239,0,28897712476,20871270
1727793239,0,27614430749,20871270
1727793251,0,27364476011,20871271
1727793263,0,40392493827,20871272
1727793275,0,46937879803,20871273
1727793275,0,28408321875,20871273
1727793275,0,28408321875,20871273
1727793299,0,36314227403,20871275
1727793311,0,55756705244,20871276
1727793323,0,27369471496,20871277
1727793323,0,27516789349,20871277
1727793335,0,43248990274,20871278
1727793347,0,26223689537,20871279
1727793359,0,26474122990,20871280
1727793359,0,272318618535,20871280
1727793359,0,26390122990,20871280
1727793371,0,27011434232,20871281
1727793371,0,27999590915,20871281
1727793371,0,29951434232,20871281
1727793383,0,66656445198,20871282
1727793383,0,37749659402,20871282
1727793395,0,28811810811,20871283
1727793395,0,30551810811,20871283
1727793407,0,30217937143,20871284
1727793431,0,29877348595,20871286
1727793431,0,31817348595,20871286
1727793431,0,34777348595,20871286
1727793443,0,31182221135,20871287
1727793455,0,53954983012,20871288
1727793455,0,33650302467,20871288
1727793491,0,28569826677,20871291
1727793503,0,30782298074,20871292
1727793503,0,27599900814,20871292
1727793515,0,524833026523,20871293
1727793527,0,45344660611,20871294
1727793527,0,28414458538,20871294
1727793551,0,29664316775,20871296
1727793551,0,27801334775,20871296
1727793563,0,26239839372,20871297
1727793575,0,26223758133,20871298
1727793575,0,28158758133,20871298
1727793599,0,32976322075,20871300
1727793599,0,27998122075,20871300
1727793599,0,28056322075,20871300
1727793599,0,26166322075,20871300
1727793611,0,27557222075,20871301
1727793611,0,28854622956,20871301
1727793611,0,29069848927,20871301
1727793623,0,121130666812,20871302
1727793623,0,26834267677,20871302
1727793647,0,31475135720,20871303
1727793647,0,31867513699,20871303
1727793659,0,28300000000,20871304
1727793659,0,27531217543,20871304
1727793659,0,27641217543,20871304
1727793659,0,27532217543,20871304
1727793671,0,27051646447,20871305
1727793683,0,48586252321,20871306
1727793695,0,41493406760,20871307
1727793695,0,37639329727,20871307
1727793707,0,28989325232,20871308
1727793707,0,29415313449,20871308
1727793731,0,26475552928,20871310
1727793731,0,221440987659,20871310
1727793755,0,25761317541,20871312
1727793767,0,25990060051,20871313
1727793767,0,158776030344,20871313
1727793839,0,24091014569,20871319
1727793851,0,190255626763,20871320
1727793863,0,25407908340,20871321
1727793887,0,23296881394,20871323
1727793911,0,23091535526,20871325
1727793911,0,22813416399,20871325
1727793911,0,25320949906,20871325
1727793935,0,24223668825,20871327
1727793935,0,21289668825,20871327
1727793935,0,21233068825,20871327
1727793947,0,24087796268,20871328
1727793983,0,34768791303,20871331
1727793995,0,28908114933,20871332
1727794007,0,19271384695,20871333
1727794019,0,43384647463,20871334
1727794019,0,22345988232,20871334
1727794031,0,260737919713,20871335
1727794031,0,22451607058,20871335
1727794055,0,21557808475,20871337
1727794055,0,18598725670,20871337
1727794091,0,66694678431,20871339
1727794091,0,23436067468,20871339
1727794103,0,43727992248,20871340
1727794139,0,22744589467,20871343
1727794163,0,24004063881,20871345
1727794163,0,20763991473,20871345
1727794175,0,339960351647,20871346
1727794187,0,27839859956,20871347
1727794199,0,24349332403,20871348
1727794223,0,23867374591,20871350
1727794247,0,25698335258,20871352
1727794271,0,25981751405,20871354
1727794283,0,28205724422,20871355
1727794295,0,25473348627,20871356
1727794295,0,25474348627,20871356
1727794331,0,28748345892,20871359
1727794343,0,29938693142,20871360
1727794355,0,30654815542,20871361
1727794367,0,30839601618,20871362
1727794367,0,30687148453,20871362
1727794379,0,37963028432,20871363
1727794379,0,32300835734,20871363
1727794403,0,32392478319,20871364
1727794415,0,39222093653,20871365
1727794451,0,32837814667,20871368
1727794451,0,32836814667,20871368
1727794475,0,45463993442,20871370
1727794475,0,33982022101,20871370
1727794487,0,33223791530,20871371
1727794499,0,33408397793,20871372
1727794511,0,52017601948,20871373
1727794523,0,111332154597,20871374
1727794523,0,31050480837,20871374
1727794547,0,34217764515,20871376
1727794547,0,34217764515,20871376
1727794547,0,34217764515,20871376
1727794547,0,67885944165,20871376
1727794559,0,33940702356,20871377
1727794571,0,38081225451,20871378
1727794571,0,37400000000,20871378
1727794583,0,38615508716,20871379
1727794595,0,40718076258,20871380
1727794619,0,52124314526,20871382
1727794631,0,37416196280,20871383
1727794643,0,36920164991,20871384
1727794643,0,112845741026,20871384
1727794667,0,146853481998,20871386
1727794679,0,36158122210,20871387
1727794679,0,36158122210,20871387
1727794679,0,36119322210,20871387
1727794715,0,42298252017,20871390
1727794739,0,37735919216,20871392
1727794751,0,34525152677,20871393
1727794763,0,32036327724,20871394
1727794775,0,33208346619,20871395
1727794775,0,158106115486,20871395
1727794787,0,31879134879,20871396
1727794811,0,168487351942,20871398
1727794823,0,87097448925,20871399
1727794835,0,34100000000,20871400
1727794835,0,34100000000,20871400
1727794835,0,34489770638,20871400
1727794835,0,36549770638,20871400
1727794847,0,35789904499,20871401
1727794859,0,76581057048,20871402
1727794883,0,247299109595,20871404
1727794919,0,32859086948,20871407
1727794919,0,34799086948,20871407
1727794931,0,101018024275,20871408
1727794943,0,65670460882,20871409
1727794943,0,35542924265,20871409
1727794955,0,33915214441,20871410
1727794955,0,37315214441,20871410
1727794967,0,87513285808,20871411
1727794979,0,37539933944,20871412
1727794979,0,82287556359,20871412
1727794991,0,36955688305,20871413
1727795039,0,36722617932,20871417
1727795039,0,41662162542,20871417
1727795039,0,38662617932,20871417
1727795051,0,40034266371,20871418
1727795051,0,43833859246,20871418
1727795075,0,41240412793,20871420
1727795087,0,40017360649,20871421
1727795087,0,128401932103,20871421
1727795087,0,41731919697,20871421
1727795099,0,42117138097,20871422
1727795099,0,41117138096,20871422
1727795111,0,316231929685,20871423
1727795111,0,46329766245,20871423
1727795123,0,44302722736,20871424
1727795135,0,47662157574,20871425
1727795135,0,48657157575,20871425
1727795147,0,60687141408,20871426
1727795183,0,325837453118,20871429
1727795195,0,1659448798000,20871430
1727795195,0,64916757012,20871430
1727795219,0,54546505307,20871432
1727795231,0,58704189420,20871433
1727795231,0,105200931723,20871433
1727795279,0,601353216931,20871437
1727795291,0,54227744449,20871438
1727795303,0,63861047938,20871439
1727795303,0,55094609517,20871439
1727795315,0,53960827636,20871440
1727795315,0,501316207863,20871440
1727795327,0,164777429877,20871441
1727795327,0,57902481919,20871441
1727795339,0,750415622511,20871442
1727795351,0,64917968941,20871443
1727795351,0,53543337596,20871443
1727795375,0,55388720301,20871445
1727795375,0,54203254160,20871445
1727795375,0,55575560991,20871445
1727795387,0,50891014290,20871446
1727795387,0,50978626906,20871446
1727795399,0,90816855645,20871447
1727795411,0,51828922237,20871448
1727795411,0,51827922237,20871448
1727795423,0,52012616220,20871449
1727795435,0,239132318895,20871450
1727795435,0,63280000000,20871450
1727795435,0,64220000000,20871450
1727795447,0,79271094014,20871451
1727795459,0,54613318453,20871452
1727795459,0,57372490080,20871452
1727795459,0,54585048453,20871452
1727795459,0,107803281019,20871452
1727795459,0,57922135051,20871452
1727795459,0,54613318453,20871452
1727795471,0,60021334421,20871453
1727795471,0,57796150944,20871453
1727795471,0,57797150944,20871453
1727795483,0,113515016037,20871454
1727795483,0,58250282755,20871454
1727795483,0,60475466232,20871454
1727795495,0,60776978741,20871455
1727795495,0,62656978741,20871455
1727795495,0,59002162218,20871455
1727795507,0,58361272514,20871456
1727795507,0,60581455991,20871456
1727795507,0,58357272514,20871456
1727795519,0,60353771735,20871457
1727795519,0,66190638045,20871457
1727795531,0,63989185700,20871458
1727795543,0,65651307453,20871459
1727795543,0,61932824783,20871459
1727795543,0,61932824783,20871459
1727795555,0,59892386413,20871460
1727795567,0,168766065541,20871461
1727795579,0,68601503339,20871462
1727795579,0,59062979278,20871462
1727795591,0,57111567766,20871463
1727795639,0,51943531425,20871467
1727795639,0,49899856293,20871467
1727795639,0,49849856293,20871467
1727795651,0,54313282677,20871468
1727795663,0,348584600576,20871469
1727795675,0,56745461783,20871470
1727795699,0,57562128510,20871472
1727795711,0,58041822281,20871473
1727795723,0,100869797848,20871474
1727795735,0,237390177287,20871475
1727795747,0,52958948996,20871476
1727795747,0,53041948996,20871476
1727795795,0,54469543389,20871480
1727795807,0,57669747084,20871481
1727795819,0,56894502338,20871482
1727795831,0,49199771745,20871483
1727795831,0,47119771745,20871483
1727795843,0,51371387990,20871484
1727795855,0,54488090782,20871485
1727795855,0,74020724232,20871485
1727795855,0,54488090782,20871485
1727795855,0,63358776832,20871485
1727795855,0,51287149488,20871485
1727795867,0,173101410894,20871486
1727795903,0,49648523096,20871489
1727795903,0,49648523096,20871489
1727795915,0,48533463646,20871490
1727795939,0,49467066630,20871492
1727795951,0,47970472455,20871493
1727795951,0,45930472455,20871493
1727795951,0,47870472455,20871493
1727795951,0,49145605526,20871493
1727795975,0,46574120268,20871495
1727795987,0,47114974737,20871496
1727795987,0,148361502589,20871496
1727795999,0,46805558669,20871497
1727795999,0,431942224942,20871497
1727796059,0,80147125034,20871502
1727796059,0,44507748954,20871502
1727796071,0,47429564611,20871503
1727796083,0,50148164232,20871504
1727796083,0,48127598549,20871504
1727796107,0,125220695182,20871506
1727796107,0,52481659931,20871506
1727796119,0,52420545703,20871507
1727796155,0,50577732498,20871510
1727796155,0,48476106970,20871510
1727796155,0,58476106970,20871510
1727796179,0,52492926137,20871512
1727796215,0,45883136439,20871515
1727796227,0,44895282044,20871516
1727796275,0,44622324169,20871520
1727796275,0,74042671417,20871520
1727796299,0,164939951748,20871522
1727796311,0,50861266885,20871523
1727796311,0,181915921937,20871523
1727796323,0,453440130754,20871524
1727796359,0,43763050500,20871527
1727796371,0,87837655728,20871528
1727796383,0,44736093967,20871529
1727796395,0,48000000000,20871530
1727796407,0,41925103028,20871531
1727796407,0,45313982927,20871531
1727796407,0,39985103028,20871531
1727796407,0,41925103028,20871531
1727796419,0,65105092292,20871532
1727796443,0,42895605060,20871534
1727796479,0,82194311843,20871537
1727796491,0,68564734239,20871538
1727796503,0,38479536857,20871539
1727796527,0,32634476509,20871541
1727796527,0,32733476509,20871541
1727796563,0,37767545276,20871544
1727796587,0,39766760958,20871546
1727796599,0,44394836184,20871547
1727796599,0,35565659012,20871547
1727796611,0,37148208258,20871548
1727796647,0,66777408312,20871551
1727796659,0,40372870799,20871552
1727796659,0,39447511596,20871552
1727796671,0,38509957816,20871553
1727796671,0,36197535839,20871553
1727796671,0,37877649152,20871553
1727796671,0,41197535839,20871553
1727796683,0,39370480057,20871554
1727796695,0,39953388663,20871555
1727796719,0,38051488760,20871557
1727796743,0,125931746786,20871559
1727796767,0,36305143712,20871561
1727796767,0,36266343712,20871561
1727796767,0,36689263712,20871561
1727796803,0,191436180101,20871564
1727796815,0,34175883778,20871565
1727796815,0,36006683778,20871565
1727796815,0,34188803778,20871565
1727796815,0,34130834486,20871565
1727796839,0,34420391199,20871567
1727796839,0,112667408906,20871567
1727796839,0,42256169949,20871567
1727796839,0,34420391199,20871567
1727796851,0,34505380643,20871568
1727796851,0,32823580643,20871568
1727796851,0,32624580643,20871568
1727796875,0,52586733683,20871570
1727796875,0,36485135138,20871570
1727796875,0,40972428583,20871570
1727796887,0,38447966418,20871571
1727796887,0,38447966418,20871571
1727796911,0,39233001824,20871573
1727796911,0,37551201824,20871573
1727796935,0,65847287345,20871575
1727796947,0,39265027531,20871576
1727796947,0,37383227531,20871576
1727796971,0,39183276971,20871578
1727796971,0,54314292609,20871578
1727796983,0,40185992583,20871579
1727796995,0,39630395502,20871580
1727796995,0,41502195502,20871580
1727796995,0,41560395502,20871580
1727797007,0,212090272148,20871581
1727797019,0,39569155484,20871582
1727797031,0,38007276134,20871583
1727797043,0,38924032771,20871584
1727797043,0,37934032770,20871584
1727797043,0,41726193251,20871584
1727797127,0,39212475665,20871591
1727797127,0,134195173517,20871591
1727797175,0,37070516709,20871595
1727797223,0,37105090174,20871599
1727797223,0,37054809423,20871599
1727797223,0,35223290174,20871599
1727797223,0,39703294858,20871599
1727797223,0,37054809423,20871599
1727797271,0,340346194226,20871603
1727797283,0,36115801337,20871604
1727797295,0,36768858348,20871605
1727797307,0,61693534106,20871606
1727797331,0,33712761646,20871608
1727797331,0,35489335317,20871608
1727797379,0,33758855037,20871612
1727797391,0,30984212554,20871613
1727797451,0,31382498878,20871618
1727797463,0,32645746145,20871619
1727797463,0,32645746145,20871619
1727797475,0,31926506095,20871620
1727797475,0,165608729272,20871620
1727797511,0,60692492049,20871623
1727797523,0,34656626960,20871624
1727797559,0,26805392559,20871627
1727797559,0,28121358247,20871627
1727797559,0,28925392559,20871627
1727797559,0,28121358247,20871627
1727797571,0,32937721589,20871628
1727797571,0,27618273820,20871628
1727797583,0,37355668088,20871629
1727797583,0,28965715910,20871629
1727797595,0,168816598358,20871630
1727797619,0,65867511300,20871632
1727797631,0,29320127684,20871633
1727797655,0,28216624425,20871635
1727797679,0,28673762861,20871637
1727797679,0,41517102962,20871637
1727797715,0,26386862995,20871640
1727797727,0,27118239405,20871641
1727797775,0,26547031259,20871645
1727797799,0,26202155193,20871647
1727797811,0,24288465116,20871648
1727797823,0,25513812280,20871649
1727797835,0,25815111249,20871650
1727797835,0,25896857816,20871650
1727797835,0,25896857816,20871650
1727797835,0,31475463389,20871650
1727797847,0,25756166465,20871651
1727797871,0,39274079125,20871653
1727797895,0,25898337717,20871655
1727797931,0,23152023798,20871658
1727797943,0,22894315911,20871659
1727797943,0,22797519275,20871659
1727797943,0,25637261600,20871659
1727797991,0,25100000000,20871663
1727798039,0,32547672010,20871667
1727798039,0,25638356018,20871667
1727798075,0,25425493862,20871670
1727798075,0,181825856042,20871670
1727798099,0,24142926264,20871672
1727798111,0,25187898373,20871673
1727798111,0,24188898370,20871673
1727798219,0,26884160442,20871682
1727798231,0,25144060845,20871683
1727798243,0,24597575047,20871684
1727798243,0,114313076824,20871684
1727798243,0,26537575047,20871684
1727798279,0,24519363387,20871687
1727798303,0,25498340471,20871689
1727798303,0,22276623157,20871689
1727798315,0,22587340981,20871690
1727798351,0,23935793128,20871693
1727798351,0,23935793128,20871693
1727798375,0,22503085100,20871695
1727798375,0,163572127879,20871695
1727798387,0,22386030557,20871696
1727798411,0,336585870341,20871698
1727798423,0,103025699151,20871699
1727798435,0,25359924129,20871700
1727798447,0,25927081701,20871701
1727798459,0,25698325104,20871702
1727798459,0,27637325104,20871702
1727798519,0,39438774618,20871707
1727798543,0,288706095008,20871709
1727798579,0,24475734020,20871712
1727798591,0,26701790822,20871713
1727798591,0,36942052908,20871713
1727798627,0,25718053049,20871715
1727798639,0,26749125269,20871716
1727798651,0,27021603451,20871717
1727798651,0,27733394409,20871717
1727798651,0,29621603451,20871717
1727798663,0,27016838810,20871718
1727798687,0,30400303883,20871720
1727798699,0,28374602073,20871721
1727798723,0,30265354346,20871723
1727798723,0,41670360326,20871723
1727798795,0,25000000000,20871729
1727798819,0,76645100605,20871731
1727798855,0,24215518337,20871734
1727798903,0,22631790798,20871738
1727798915,0,22159970591,20871739
1727798939,0,23406954099,20871741
1727798951,0,34155477998,20871742
1727798963,0,24383897254,20871743
1727798999,0,22290646161,20871746
1727798999,0,25100454307,20871746
1727799023,0,19977321906,20871748
1727799023,0,19926366226,20871748
1727799047,0,21622972305,20871750
1727799059,0,23788565856,20871751
1727799095,0,26130431522,20871754
1727799095,0,26668631522,20871754
1727799095,0,28466440588,20871754
1727799131,0,26520242419,20871757
1727799143,0,27441461670,20871758
1727799227,0,101829226481,20871765
1727799239,0,42683119027,20871766
1727799239,0,28800000000,20871766
1727799251,0,28274845298,20871767
1727799275,0,23958105192,20871769
1727799275,0,22126305192,20871769
1727799287,0,22643802526,20871770
1727799287,0,24531162526,20871770
1727799287,0,24531162526,20871770
1727799311,0,24114554482,20871772
1727799335,0,25602625889,20871774
1727799359,0,25927628014,20871776
1727799371,0,23864895645,20871777
1727799395,0,24489360576,20871779
1727799431,0,29917271289,20871782
1727799455,0,29289107313,20871784
1727799503,0,21315516294,20871788
1727799515,0,24406713591,20871789
1727799515,0,27524913591,20871789
1727799539,0,20936408031,20871791
1727799539,0,23311007262,20871791
1727799575,0,18576612918,20871794
1727799587,0,22713469167,20871795
1727799587,0,22769923167,20871795
1727799599,0,21906181297,20871796
1727799599,0,22731527297,20871796
1727799599,0,20985141297,20871796
1727799611,0,22572105992,20871797
1727799611,0,20946759992,20871797
1727799623,0,23418627872,20871798
1727799623,0,22407326407,20871798
1727799635,0,21895807765,20871799
1727799635,0,43988988427,20871799
1727799635,0,20170814073,20871799
1727799647,0,29875658311,20871800
1727799647,0,19917105541,20871800
1727799671,0,22500000000,20871801
1727799719,0,23008390414,20871805
1727799731,0,23667858669,20871806
1727799755,0,24193061563,20871808
1727799767,0,25087106397,20871809
1727799779,0,24613786701,20871810
1727799779,0,22896318650,20871810
1727799803,0,23752574497,20871812
1727799863,0,25331018252,20871817
1727799875,0,24431106440,20871818
1727799887,0,23394115290,20871819
1727799899,0,22181401044,20871820
1727799935,0,27668395591,20871823
1727799935,0,26646977049,20871823
1727799959,0,27470099627,20871825
1727799959,0,27470099627,20871825
1727799983,0,27353466840,20871827
1727800031,0,24000000000,20871831
1727800055,0,24342881078,20871833
1727800067,0,74713452903,20871834
1727800079,0,30137280788,20871835
1727800079,0,25137280788,20871835
1727800079,0,31627467964,20871835
1727800079,0,32467625036,20871835
1727800091,0,27193169026,20871836
1727800091,0,25312369026,20871836
1727800091,0,25311369026,20871836
1727800103,0,25441794713,20871837
1727800103,0,29440939740,20871837
1727800103,0,27323594713,20871837
1727800115,0,25813369580,20871838
1727800115,0,28203896139,20871838
1727800115,0,25863369580,20871838
1727800127,0,26186487168,20871839
1727800127,0,70303105344,20871839
1727800187,0,33939611210,20871844
1727800223,0,24053472063,20871847
1727800223,0,27066567953,20871847
1727800247,0,25574403790,20871849
1727800247,0,23606981890,20871849
1727800283,0,24284740030,20871852
1727800283,0,25888895926,20871852
1727800283,0,22318318130,20871852
1727800307,0,21877335895,20871854
1727800307,0,26088752583,20871854
1727800307,0,23843757795,20871854
1727800307,0,22876335897,20871854
1727800319,0,23679478679,20871855
1727800331,0,25000000000,20871856
1727800343,0,25733210651,20871857
1727800343,0,24900000000,20871857
1727800355,0,23939656642,20871858
1727800355,0,22031257399,20871858
1727800355,0,189335041566,20871858
1727800355,0,25559391780,20871858
1727800355,0,23939656642,20871858
1727800367,0,23037615678,20871859
1727800379,0,22788154605,20871860
1727800379,0,20879755362,20871860
1727800391,0,29279210230,20871861
1727800403,0,25374628136,20871862
1727800415,0,61256297330,20871863
1727800427,0,25889528087,20871864
1727800427,0,88586810514,20871864
1727800439,0,92986116673,20871865
1727800439,0,26402988189,20871865
1727800451,0,24237774096,20871866
1727800463,0,176997580499,20871867
1727800463,0,23694718140,20871867
1727800463,0,25634718140,20871867
1727800475,0,25092773878,20871868
1727800487,0,24487509597,20871869
1727800487,0,25051190541,20871869
1727800511,0,23135648374,20871871
1727800511,0,26634417795,20871871
1727800511,0,26501553495,20871871
1727800523,0,51685826926,20871872
1727800559,0,26279542204,20871875
1727800559,0,24371061536,20871875
1727800571,0,23879042003,20871876
1727800571,0,23879042003,20871876
1727800571,0,38100509359,20871876
1727800571,0,22997242005,20871876
1727800583,0,24098015198,20871877
1727800583,0,24416215198,20871877
1727800595,0,24635992769,20871878
1727800607,0,26413808049,20871879
1727800607,0,139958966661,20871879
1727800619,0,326498580476,20871880
1727800631,0,25199436535,20871881
1727800631,0,25256337634,20871881
1727800643,0,23183766688,20871882
1727800643,0,23266426688,20871882
1727800643,0,23192766688,20871882
1727800643,0,23182766688,20871882
1727800679,0,24073188038,20871885
1727800679,0,22191388038,20871885
1727800691,0,27517245662,20871886
1727800703,0,47158423527,20871887
1727800727,0,23105251472,20871889
1727800739,0,24496174158,20871890
1727800739,0,21556174158,20871890
1727800751,0,22868853800,20871891
1727800763,0,22628585166,20871892
1727800775,0,20700825622,20871893
1727800799,0,18924197696,20871895
1727800799,0,19276199398,20871895
1727800799,0,47083651246,20871895
1727800811,0,83364595056,20871896
1727800835,0,22818716857,20871898
1727800835,0,59580235735,20871898
1727800847,0,20933675776,20871899
1727800847,0,22594216574,20871899
1727800847,0,20933675776,20871899
1727800847,0,22695505333,20871899
1727800847,0,22695505333,20871899
1727800859,0,22052025654,20871900
1727800883,0,24776070925,20871902
1727800883,0,23597900482,20871902
1727800883,0,191417626465,20871902
1727800907,0,22834488252,20871904
1727800907,0,21419130948,20871904
1727800919,0,22209736192,20871905
1727800931,0,23179912242,20871906
1727800931,0,21410326622,20871906
1727800931,0,21459326622,20871906
1727800955,0,22950659887,20871908
1727800991,0,23146737831,20871911
1727801003,0,24084195454,20871912
1727801003,0,39875924208,20871912
1727801015,0,22272921191,20871913
1727801015,0,22472921191,20871913
1727801039,0,24551689514,20871915
1727801039,0,23400000000,20871915
1727801051,0,25850994989,20871916
1727801051,0,25151656757,20871916
1727801063,0,62602089870,20871917
1727801075,0,25894397576,20871918
1727801075,0,27519034723,20871918
1727801087,0,36230771525,20871919
1727801087,0,24850884037,20871919
1727801087,0,25850884039,20871919
1727801087,0,26516828046,20871919
1727801099,0,24769878646,20871920
1727801099,0,28204814748,20871920
1727801099,0,64886015839,20871920
1727801111,0,94121436045,20871921
1727801123,0,26076254404,20871922
1727801135,0,25690785745,20871923
1727801159,0,24844843367,20871925
1727801171,0,23496584294,20871926
1727801171,0,25354944835,20871926
1727801183,0,25651069136,20871927
1727801183,0,25306814547,20871927
1727801195,0,26082264001,20871928
1727801207,0,26196514480,20871929
1727801207,0,23414285750,20871929
1727801207,0,25216895478,20871929
1727801219,0,28813045477,20871930
1727801231,0,174786349344,20871931
1727801243,0,25166055899,20871932
1727801243,0,62211398099,20871932
1727801255,0,25300679025,20871933
1727801255,0,63292062402,20871933
1727801255,0,24498069301,20871933
1727801255,0,26796981932,20871933
1727801267,0,25392673590,20871934
1727801267,0,29548976634,20871934
1727801267,0,79669631584,20871934
1727801267,0,27766567852,20871934
1727801267,0,25392673590,20871934
1727801267,0,27471000000,20871934
1727801279,0,26310045923,20871935
1727801279,0,26310045923,20871935
1727801279,0,185049150498,20871935
1727801279,0,28250045923,20871935
1727801315,0,25320707494,20871937
1727801315,0,24121707494,20871937
1727801327,0,27573759731,20871938
1727801327,0,28513759727,20871938
1727801339,0,83324306533,20871939
1727801339,0,28101418822,20871939
1727801363,0,31133547141,20871941
1727801363,0,31191747141,20871941
1727801363,0,30251747143,20871941
1727801387,0,28719306737,20871943
1727801399,0,29797514827,20871944
1727801399,0,29317514827,20871944
1727801411,0,30664921706,20871945
1727801411,0,29664921704,20871945
1727801411,0,33664921704,20871945
1727801435,0,210079077378,20871947
1727801447,0,31188846301,20871948
1727801471,0,32052433425,20871950
1727801471,0,31222201674,20871950
1727801483,0,304540601959,20871951
1727801483,0,32485675236,20871951
1727801495,0,42367149757,20871952
1727801495,0,30774750437,20871952
1727801507,0,30984560495,20871953
1727801507,0,95541229877,20871953
1727801531,0,29637224247,20871955
1727801555,0,33297293381,20871957
1727801555,0,86712773000,20871957
1727801555,0,30205145209,20871957
1727801567,0,30678812615,20871958
1727801567,0,30678812615,20871958
1727801567,0,30678812615,20871958
1727801567,0,30678812615,20871958
1727801627,0,29942870443,20871963
1727801663,0,30863665488,20871966
1727801663,0,28923665488,20871966
1727801663,0,28924665488,20871966
1727801663,0,30863665488,20871966
1727801663,0,97568900536,20871966
1727801675,0,41860762905,20871967
1727801687,0,30887126484,20871968
1727801687,0,69523546266,20871968
1727801687,0,32760386484,20871968
1727801699,0,30735066094,20871969
1727801711,0,32639419881,20871970
1727801723,0,35045208893,20871971
1727801747,0,32933501438,20871973
1727801771,0,32989095897,20871975
1727801783,0,33810355212,20871976
1727801783,0,32390355212,20871976
1727801795,0,61455728826,20871977
1727801795,0,35694348638,20871977
1727801795,0,32634348638,20871977
1727801795,0,30694348638,20871977
1727801807,0,31382008454,20871978
1727801807,0,36382008454,20871978
1727801807,0,552550212862,20871978
1727801807,0,35949725330,20871978
1727801819,0,158716096637,20871979
1727801843,0,496011866908,20871981
1727801891,0,31753585148,20871985
1727801903,0,30626160125,20871986
1727801903,0,30720160125,20871986
1727801927,0,29411636877,20871988
1727801927,0,32411636877,20871988
1727801951,0,30594084841,20871990
1727801951,0,32919352756,20871990
1727801951,0,30635368041,20871990
1727801963,0,32332084425,20871991
1727801987,0,32427366332,20871993
1727801987,0,33591436332,20871993
1727801987,0,33309166332,20871993
1727802023,0,30443359626,20871996
1727802035,0,34104294425,20871997
1727802071,0,70681904015,20872000
1727802083,0,32714983075,20872001
1727802083,0,55132421163,20872001
1727802083,0,30616835175,20872001
1727802131,0,30941630763,20872005
1727802155,0,30849067105,20872007
1727802167,0,133523229062,20872008
1727802167,0,29248582247,20872008
1727802179,0,30212643413,20872009
1727802191,0,28790612480,20872010
1727802203,0,28839216606,20872011
1727802203,0,28839216606,20872011
1727802203,0,278740255004,20872011
1727802203,0,26864128347,20872011
1727802203,0,26864128347,20872011
1727802227,0,27591064320,20872013
1727802239,0,27682044019,20872014
1727802239,0,28479403178,20872014
1727802251,0,27864276882,20872015
1727802263,0,27769418657,20872016
1727802263,0,25830418657,20872016
1727802287,0,44472727881,20872018
1727802299,0,27975352768,20872019
1727802311,0,27358152856,20872020
1727802311,0,26583444209,20872020
1727802335,0,26656181641,20872022
1727802347,0,132394080614,20872023
1727802359,0,25816934643,20872024
1727802371,0,116251467103,20872025
1727802407,0,25791437695,20872028
1727802407,0,27531437695,20872028
1727802431,0,60093446661,20872030
1727802443,0,30887288753,20872031
1727802455,0,27012365549,20872032
1727802467,0,27645045864,20872033
1727802467,0,152114304032,20872033
1727802467,0,27703245864,20872033
1727802479,0,28694999820,20872034
1727802491,0,26291729225,20872035
1727802503,0,27196902712,20872036
1727802503,0,27273902712,20872036
1727802515,0,24945456142,20872037
1727802515,0,28267323016,20872037
1727802515,0,26827256142,20872037
1727802527,0,26387108308,20872038
1727802527,0,27037696700,20872038
1727802539,0,29391264693,20872039
1727802539,0,28616610693,20872039
1727802539,0,27791264693,20872039
1727802551,0,28592017652,20872040
1727802551,0,30249536062,20872040
1727802563,0,28928402444,20872041
1727802563,0,28928402444,20872041
1727802575,0,26595257419,20872042
1727802587,0,27829094825,20872043
1727802611,0,26556483929,20872045
1727802623,0,28709923666,20872046
1727802635,0,28800000000,20872047
1727802635,0,47330515426,20872047
1727802647,0,27017057287,20872048
1727802647,0,27018057287,20872048
1727802659,0,26025818792,20872049
1727802683,0,29724439536,20872051
1727802683,0,31263173878,20872051
1727802695,0,29318513035,20872052
1727802695,0,29218513035,20872052
1727802707,0,27725871905,20872053
1727802719,0,29650630590,20872054
1727802743,0,29238631785,20872056
1727802743,0,26329091785,20872056
1727802743,0,26328091785,20872056
1727802755,0,28450493167,20872057
1727802767,0,29261450309,20872058
1727802779,0,55085449821,20872059
1727802779,0,31013795178,20872059
1727802791,0,28231082868,20872060
1727802803,0,28200805503,20872061
1727802815,0,27123851892,20872062
1727802815,0,25240938730,20872062
1727802839,0,31188732705,20872064
1727802851,0,99954654654,20872065
1727802863,0,26683345899,20872066
1727802863,0,31682345899,20872066
1727802863,0,29874376586,20872066
1727802863,0,30784551317,20872066
1727802863,0,28564145899,20872066
1727802875,0,29498855602,20872067
1727802875,0,29498855602,20872067
1727802875,0,27717055602,20872067
1727802875,0,29498855602,20872067
1727802875,0,29498855602,20872067
1727802899,0,26759387321,20872069
1727802911,0,27284707679,20872070
1727802911,0,28188319248,20872070
1727802923,0,28255604155,20872071
1727802935,0,25813527952,20872072
1727802959,0,29370732349,20872074
1727802959,0,29944229128,20872074
1727802971,0,28044645324,20872075
1727802971,0,27961645324,20872075
1727802983,0,27777535038,20872076
1727802995,0,29354400778,20872077
1727802995,0,28414400778,20872077
1727802995,0,29354400777,20872077
1727802995,0,29354400777,20872077
1727803007,0,30896110374,20872078
1727803007,0,32598124370,20872078
1727803007,0,30956110374,20872078
1727803019,0,34809803884,20872079
1727803019,0,30439142172,20872079
1727803019,0,28999142173,20872079
1727803031,0,28718777717,20872080
1727803031,0,29658777712,20872080
1727803043,0,31547326074,20872081
1727803043,0,29509126074,20872081
1727803055,0,123388722320,20872082
1727803055,0,31003800342,20872082
1727803067,0,183272604954,20872083
1727803079,0,30625107298,20872084
1727803079,0,28743307298,20872084
1727803079,0,30625107298,20872084
1727803079,0,34460000000,20872084
1727803091,0,30724073378,20872085
1727803091,0,28872273379,20872085
1727803103,0,29526183768,20872086
1727803103,0,29673814686,20872086
1727803103,0,29526183768,20872086
1727803103,0,29526183768,20872086
1727803103,0,29578183768,20872086
1727803115,0,30971672295,20872087
1727803115,0,31971672299,20872087
1727803127,0,32952908749,20872088
1727803139,0,34121227816,20872089
1727803139,0,33121227813,20872089
1727803151,0,35156396157,20872090
1727803151,0,35166396157,20872090
1727803151,0,35156396157,20872090
1727803151,0,38456396157,20872090
1727803163,0,37734281064,20872091
1727803163,0,35754281064,20872091
1727803163,0,38754281064,20872091
1727803163,0,37579627064,20872091
1727803163,0,37694281064,20872091
1727803163,0,40248177621,20872091
1727803175,0,39120733144,20872092
1727803187,0,37100090808,20872093
1727803187,0,37386335959,20872093
1727803187,0,37940500897,20872093
1727803187,0,109369569173,20872093
1727803199,0,39390189824,20872094
1727803211,0,42769392155,20872095
1727803211,0,40887592156,20872095
1727803223,0,41917314476,20872096
1727803235,0,39305309682,20872097
1727803235,0,77599853003,20872097
1727803235,0,134701556480,20872097
1727803235,0,687545726326,20872097
1727803247,0,204272321235,20872098
1727803247,0,45784863759,20872098
1727803247,0,36444847100,20872098
1727803247,0,113598521003,20872098
1727803247,0,40982883781,20872098
1727803247,0,50824789107,20872098
1727803247,0,67792203371,20872098
1727803247,0,50683203696,20872098
1727803247,0,41944317332,20872098
1727803247,0,38160425122,20872098
1727803259,0,48648822432,20872099
1727803259,0,42999956122,20872099
1727803259,0,40999956122,20872099
1727803259,0,40999956122,20872099
1727803271,0,48000877735,20872100
1727803271,0,50220074906,20872100
1727803283,0,51982016995,20872101
1727803283,0,51882016995,20872101
1727803295,0,61363705257,20872102
1727803295,0,61363705257,20872102
1727803307,0,64522697626,20872103
1727803307,0,62022697626,20872103
1727803319,0,432354902082,20872104
1727803319,0,64195851097,20872104
1727803343,0,97981056582,20872106
1727803343,0,60656912196,20872106
1727803343,0,78589954450,20872106
1727803343,0,60656912196,20872106
1727803355,0,122711189951,20872107
1727803355,0,68236542825,20872107
1727803379,0,73039640243,20872109
1727803379,0,71283785246,20872109
1727803379,0,102229663216,20872109
1727803379,0,78396719101,20872109
1727803379,0,98208980166,20872109
1727803391,0,73137936579,20872110
1727803391,0,80277902162,20872110
1727803403,0,76659726916,20872111
1727803415,0,196489938926,20872112
1727803427,0,73844665668,20872113
1727803439,0,74645970414,20872114
1727803439,0,73695970414,20872114
1727803439,0,73645970414,20872114
1727803439,0,86364126252,20872114
1727803439,0,78801188342,20872114
1727803451,0,78207471228,20872115
1727803451,0,82723752000,20872115
1727803463,0,108137430423,20872116
1727803463,0,74091620281,20872116
1727803463,0,72091620282,20872116
1727803475,0,70868808357,20872117
1727803475,0,70868808357,20872117
1727803475,0,68985386457,20872117
1727803487,0,76833158881,20872118
1727803511,0,605257698842,20872120
1727803523,0,236353997407,20872121
1727803547,0,70544272325,20872123
1727803547,0,75660787676,20872123
1727803547,0,68410272325,20872123
1727803571,0,63843929716,20872125
1727803583,0,66324630109,20872126
1727803595,0,62560017080,20872127
1727803595,0,64490037080,20872127
1727803607,0,94270604885,20872128
1727803607,0,67140582290,20872128
1727803619,0,64419368932,20872129
1727803619,0,64419368932,20872129
1727803619,0,64481468332,20872129
1727803631,0,61738874974,20872130
1727803643,0,305724957836,20872131
1727803655,0,61142156016,20872132
1727803655,0,59134275416,20872132
1727803655,0,61142156016,20872132
1727803655,0,61142156016,20872132
1727803655,0,66142858152,20872132
1727803667,0,59781312309,20872133
1727803667,0,71230209115,20872133
1727803667,0,61789192909,20872133
1727803679,0,58384946417,20872134
1727803679,0,58248404788,20872134
1727803679,0,62272293123,20872134
1727803679,0,60206285388,20872134
1727803703,0,55532443416,20872136
1727803703,0,57446787598,20872136
1727803703,0,57446787598,20872136
1727803727,0,63252711059,20872138
1727803727,0,59416091047,20872138
1727803727,0,205562972013,20872138
1727803739,0,57683790283,20872139
1727803739,0,59746733431,20872139
1727803739,0,59922581092,20872139
1727803739,0,57682790283,20872139
1727803751,0,58234650355,20872140
1727803751,0,60659481241,20872140
1727803763,0,59364201803,20872141
1727803763,0,57022370917,20872141
1727803763,0,57819556827,20872141
1727803775,0,342122026162,20872142
1727803787,0,121870024098,20872143
1727803835,0,55348464216,20872147
1727803835,0,53785577553,20872147
1727803835,0,53784577553,20872147
1727803847,0,85651530500,20872148
1727803847,0,55744832104,20872148
1727803859,0,57772923576,20872149
1727803871,0,54960568075,20872150
1727803883,0,55970041957,20872151
1727803883,0,55899450278,20872151
1727803895,0,55433695984,20872152
1727803907,0,61142176738,20872153
1727803907,0,79916793811,20872153
1727803919,0,105864555432,20872154
1727803943,0,51516867359,20872156
1727803967,0,50350950415,20872158
1727803967,0,68068900106,20872158
1727803991,0,53053851496,20872160
1727803991,0,74263223426,20872160
1727803991,0,53135851496,20872160
1727803991,0,54552851496,20872160
1727804039,0,48426727841,20872164
1727804039,0,49519463117,20872164
1727804063,0,54175787480,20872166
1727804063,0,55892292603,20872166
1727804063,0,54175787480,20872166
1727804075,0,59555645067,20872167
1727804087,0,48697031305,20872168
1727804087,0,50734907346,20872168
1727804099,0,48227925904,20872169
1727804099,0,51591743458,20872169
1727804099,0,49266801945,20872169
1727804099,0,50072659154,20872169
1727804111,0,53719461353,20872170
1727804111,0,84611510980,20872170
1727804123,0,53484958716,20872171
1727804135,0,50820494482,20872172
1727804135,0,50825494482,20872172
1727804159,0,45763270422,20872174
1727804159,0,50762584880,20872174
1727804159,0,47703270422,20872174
1727804159,0,45763270422,20872174
1727804171,0,112490105842,20872175
1727804183,0,48653515451,20872176
1727804183,0,614720557340,20872176
1727804195,0,49702686252,20872177
1727804195,0,48703686252,20872177
1727804195,0,52040210224,20872177
1727804207,0,50444583229,20872178
1727804219,0,47360029177,20872179
1727804231,0,329123150027,20872180
1727804243,0,46067915195,20872181
1727804255,0,47929419414,20872182
1727804255,0,176243707313,20872182
1727804267,0,42466162607,20872183
1727804279,0,45747396609,20872184
1727804291,0,45324230164,20872185
1727804315,0,42174728515,20872187
1727804339,0,40858367008,20872189
1727804339,0,40858367008,20872189
1727804351,0,61360012203,20872190
1727804363,0,41914023068,20872191
1727804375,0,38858652204,20872192
1727804387,0,42316043340,20872193
1727804387,0,36555922052,20872193
1727804387,0,38894970580,20872193
1727804387,0,40858422052,20872193
1727804387,0,36858422052,20872193
1727804387,0,37798422052,20872193
1727804387,0,39080351268,20872193
1727804387,0,39327276602,20872193
1727804387,0,39327276602,20872193
1727804399,0,39782573075,20872194
1727804411,0,131042038776,20872195
1727804423,0,349869726431,20872196
1727804447,0,41633746920,20872198
1727804447,0,42171946920,20872198
1727804483,0,40109710127,20872201
1727804483,0,40331639343,20872201
1727804483,0,40061799075,20872201
1727804483,0,106654441213,20872201
1727804495,0,40258890847,20872202
1727804495,0,61778601100,20872202
1727804495,0,39368890847,20872202
1727804507,0,39300000000,20872203
1727804519,0,38073947595,20872204
1727804531,0,41829144742,20872205
1727804555,0,38753499374,20872207
1727804567,0,39826281435,20872208
1727804579,0,287157229162,20872209
1727804579,0,38244878290,20872209
1727804579,0,38245878290,20872209
1727804579,0,40015463910,20872209
1727804579,0,38244878290,20872209
1727804591,0,39000000000,20872210
1727804603,0,782725244448,20872211
1727804603,0,36887106829,20872211
1727804603,0,38380526829,20872211
1727804627,0,40520458241,20872213
1727804627,0,38710458241,20872213
1727804627,0,37710458241,20872213
1727804627,0,38710458241,20872213
1727804651,0,35767867871,20872215
1727804651,0,37545430128,20872215
1727804651,0,889191972241,20872215
1727804651,0,35772867871,20872215
1727804663,0,37248280628,20872216
1727804663,0,249296517915,20872216
1727804663,0,38518866248,20872216
1727804675,0,223519392270,20872217
1727804699,0,39454221757,20872219
1727804699,0,131510861696,20872219
1727804711,0,40127382144,20872220
1727804711,0,294469975629,20872220
1727804723,0,40197388533,20872221
1727804723,0,42132388533,20872221
1727804723,0,395956714452,20872221
1727804735,0,54089092098,20872222
1727804735,0,42913058129,20872222
1727804735,0,40408294675,20872222
1727804735,0,45408294675,20872222
